transaction_id,customer_id,timestamp,amount,transaction_type,account_age_days,is_new_device,device_age_days,is_unusual_location,distance_from_usual_location,receiver_id,receiver_is_new,recent_failed_transactions,merchant_id,agent_id,risk_pattern,transaction_velocity,recent_transaction_count,average_transaction_amount,amount_deviation_from_average,recipient_frequency,recent_cashout_frequency
TXN-SYN-5CC26367,CUST0722,2026-09-01 00:27:20,40450.65972083238,SEND_MONEY,27,True,1,True,343.89965221353134,RCV0967,False,4,,,ACCOUNT_TAKEOVER_LIKE,0,0,40450.65972083238,0.0,0,0
TXN-SYN-FCA598D0,CUST0017,2026-09-01 00:30:35,8583.770848157541,BILL_PAY,61,True,2,True,477.36238141364566,RCV0697,False,2,,,ACCOUNT_TAKEOVER_LIKE,0,0,8583.770848157541,0.0,0,0
TXN-SYN-218D8CB0,CUST0501,2026-09-01 00:33:46,1734.1399893170017,SEND_MONEY,12,True,0,True,307.3754130831509,RCV0663,False,5,,,ACCOUNT_TAKEOVER_LIKE,0,0,1734.1399893170017,0.0,0,0
TXN-SYN-FA6C5D1B,CUST0223,2026-09-01 00:39:44,54957.67300070878,MOBILE_RECHARGE,66,True,0,True,248.8798407312933,RCV0830,False,2,,,ACCOUNT_TAKEOVER_LIKE,0,0,54957.67300070878,0.0,0,0
TXN-SYN-E5DB91CC,CUST0227,2026-09-01 00:47:25,12306.740996276918,CASH_IN,27,True,0,True,293.5963035909979,RCV0375,False,5,,AG004,ACCOUNT_TAKEOVER_LIKE,0,0,12306.740996276918,0.0,0,0
TXN-SYN-121251AD,CUST0503,2026-09-01 01:22:45,16255.45,CASH_OUT,367,False,343,True,24.105238788890865,RCV0783,False,0,,AG001,CASH_OUT_RISK,0,0,16255.45,0.0,0,0
TXN-SYN-BF1E1715,CUST0015,2026-09-01 01:30:09,39803.97,CASH_OUT,157,False,70,True,29.43897666595162,RCV0509,False,0,,AG013,CASH_OUT_RISK,0,0,39803.97,0.0,0,0
TXN-SYN-AE910B09,CUST0452,2026-09-01 01:55:53,16848.86,CASH_OUT,782,False,756,True,75.70107802404266,RCV0774,False,0,,AG000,CASH_OUT_RISK,0,0,16848.86,0.0,0,0
TXN-SYN-7715D60C,CUST0745,2026-09-01 02:17:16,15613.06,CASH_OUT,768,False,764,True,49.943741371183414,RCV0891,False,0,,AG000,CASH_OUT_RISK,0,0,15613.06,0.0,0,0
TXN-SYN-13172D24,CUST0214,2026-09-01 02:21:15,17791.94,CASH_OUT,940,False,865,True,90.21342103468126,RCV0488,False,0,,AG013,CASH_OUT_RISK,0,0,17791.94,0.0,0,0
TXN-SYN-3D3E42BF,CUST0387,2026-09-01 02:56:58,33795.26,CASH_OUT,1147,False,1076,True,61.89277296503029,RCV0076,False,0,M021,AG012,CASH_OUT_RISK,0,0,33795.26,0.0,0,0
TXN-SYN-861D2247,CUST0154,2026-09-01 03:14:03,1163.8235541240829,MOBILE_RECHARGE,60,True,1,True,425.4978326213428,RCV0279,False,4,,,ACCOUNT_TAKEOVER_LIKE,0,0,1163.8235541240829,0.0,0,0
TXN-SYN-75865DE0,CUST0310,2026-09-01 03:22:07,44959.6,CASH_OUT,727,False,725,True,63.60009977310004,RCV0681,False,0,,AG016,CASH_OUT_RISK,0,0,44959.6,0.0,0,0
TXN-SYN-9BFE8406,CUST0531,2026-09-01 03:51:31,16806.00436188003,SEND_MONEY,41,True,1,True,450.3711740559789,RCV0510,False,4,,,ACCOUNT_TAKEOVER_LIKE,0,0,16806.00436188003,0.0,0,0
TXN-SYN-54F5C938,CUST0733,2026-09-01 08:00:17,8517.11,SEND_MONEY,447,False,377,False,1.8341903809175375,RCV1187,False,0,,,NORMAL,0,0,8517.11,0.0,0,0
TXN-SYN-15DA6E70,CUST0764,2026-09-01 08:01:44,3262.21,CASH_OUT,1176,False,1146,False,3.152098471611,RCV0498,False,0,,AG015,NORMAL,0,0,3262.21,0.0,0,0
TXN-SYN-F9EF1C59,CUST0027,2026-09-01 08:02:50,1268.19,CASH_OUT,415,False,407,False,9.67254622524952,RCV0936,False,0,,AG000,NORMAL,0,0,1268.19,0.0,0,0
TXN-SYN-1364A361,CUST0537,2026-09-01 08:04:02,971.34,CASH_IN,873,False,869,False,4.308876185521453,RCV0881,False,0,,AG023,NORMAL,0,0,971.34,0.0,0,0
TXN-SYN-5D1D321B,CUST0381,2026-09-01 08:08:01,183.2,BILL_PAY,870,False,841,False,4.669467566833231,RCV0716,False,0,,,NORMAL,0,0,183.2,0.0,0,0
TXN-SYN-6B4521F5,CUST0009,2026-09-01 08:12:15,21055.28,SEND_MONEY,1441,False,1385,False,6.81681590112417,RCV0002,False,0,,,NORMAL,0,0,21055.28,0.0,0,0
TXN-SYN-26C86A6B,CUST0265,2026-09-01 08:24:54,1917.16,SEND_MONEY,1077,False,1074,False,3.4849534824600292,RCV0828,False,0,,,NORMAL,0,0,1917.16,0.0,0,0
TXN-SYN-1910EE75,CUST0226,2026-09-01 08:30:51,2209.26,BILL_PAY,1401,False,1316,False,1.676219707554013,RCV0374,False,0,,,NORMAL,0,0,2209.26,0.0,0,0
TXN-SYN-50F61441,CUST0510,2026-09-01 08:44:10,128.0,SEND_MONEY,509,False,466,False,0.5602913324891368,RCV0141,False,0,,,NORMAL,0,0,128.0,0.0,0,0
TXN-SYN-564624D9,CUST0693,2026-09-01 08:58:48,294.09,SEND_MONEY,1082,False,994,False,0.8475947327532185,RCV1169,False,0,,,NORMAL,0,0,294.09,0.0,0,0
TXN-SYN-7252B97F,CUST0368,2026-09-01 09:13:51,49637.51,SEND_MONEY,528,False,512,False,1.6490674384670012,RCV0998,True,0,,,MULE_LIKE,0,0,49637.51,0.0,0,0
TXN-SYN-1BABAD4B,CUST0360,2026-09-01 09:14:42,16532.39,SEND_MONEY,1091,True,1052,False,3.517080970739177,RCV0568,True,0,,,SCAM_LIKE,0,0,16532.39,0.0,0,0
TXN-SYN-5F014670,CUST0323,2026-09-01 09:29:28,2532.91,SEND_MONEY,991,False,913,False,7.369795957211517,RCV0238,False,0,,,NORMAL,0,0,2532.91,0.0,0,0
TXN-SYN-F00D7905,CUST0615,2026-09-01 09:30:32,4479.76,MERCHANT_PAYMENT,1004,False,979,False,8.494203438326299,RCV0140,False,0,M009,,NORMAL,0,0,4479.76,0.0,0,0
TXN-SYN-EDB01DC5,CUST0109,2026-09-01 09:31:59,7637.57,SEND_MONEY,632,False,598,False,2.6369079523950125,RCV0483,False,0,,,NORMAL,0,0,7637.57,0.0,0,0
TXN-SYN-ECB33D64,CUST0769,2026-09-01 09:33:08,792.64,MOBILE_RECHARGE,826,False,746,False,7.856775931623269,RCV1033,False,0,,,NORMAL,0,0,792.64,0.0,0,0
TXN-SYN-13FB3261,CUST0676,2026-09-01 09:35:32,2594.02,MERCHANT_PAYMENT,451,False,419,False,8.658422887495817,RCV0320,False,0,M009,,NORMAL,0,0,2594.02,0.0,0,0
TXN-SYN-6BFFEE10,CUST0348,2026-09-01 09:42:58,453.49,SEND_MONEY,1258,False,1241,False,0.9851507346853383,RCV0030,False,0,,,NORMAL,0,0,453.49,0.0,0,0
TXN-SYN-790B6213,CUST0227,2026-09-01 09:48:16,2694.35,SEND_MONEY,545,False,503,False,8.383378205933852,RCV0527,False,0,,,NORMAL,0,1,12306.74,-9612.39,0,0
TXN-SYN-BBCAC076,CUST0442,2026-09-01 09:49:43,2669.33,BILL_PAY,208,False,200,False,8.50780382630682,RCV0647,False,0,,,NORMAL,0,0,2669.33,0.0,0,0
TXN-SYN-6BE7B569,CUST0760,2026-09-01 09:50:04,1723.21,MOBILE_RECHARGE,524,False,509,False,4.813614771130888,RCV0062,False,0,,,NORMAL,0,0,1723.21,0.0,0,0
TXN-SYN-59EB836F,CUST0274,2026-09-01 09:56:49,24093.64,SEND_MONEY,164,True,133,False,1.5665841002228453,RCV0309,True,0,,,SCAM_LIKE,0,0,24093.64,0.0,0,0
TXN-SYN-0F99BB88,CUST0711,2026-09-01 10:11:14,986.24,SEND_MONEY,1451,False,1419,False,8.193795480657569,RCV0908,False,0,,,NORMAL,0,0,986.24,0.0,0,0
TXN-SYN-33AB7B20,CUST0550,2026-09-01 10:13:50,186.77,CASH_OUT,710,False,651,False,4.046665789361159,RCV0640,False,0,,AG004,NORMAL,0,0,186.77,0.0,0,0
TXN-SYN-FF8DCA8A,CUST0474,2026-09-01 10:22:44,5908.07,SEND_MONEY,1127,False,1061,False,5.156594058564535,RCV0835,True,0,,,SCAM_LIKE,0,0,5908.07,0.0,0,0
TXN-SYN-8E5EA2C7,CUST0067,2026-09-01 10:24:10,27324.26,MOBILE_RECHARGE,1072,False,995,False,7.372682136224235,RCV0361,False,0,,,NORMAL,0,0,27324.26,0.0,0,0
TXN-SYN-75511159,CUST0415,2026-09-01 10:26:37,40332.23,SEND_MONEY,459,False,432,False,2.374689072227457,RCV0151,True,0,,,MULE_LIKE,0,0,40332.23,0.0,0,0
TXN-SYN-01E440D9,CUST0684,2026-09-01 10:27:33,813.2,MOBILE_RECHARGE,896,False,854,False,5.545945498335341,RCV0158,False,0,,,NORMAL,0,0,813.2,0.0,0,0
TXN-SYN-957E3479,CUST0062,2026-09-01 10:31:53,1347.04,SEND_MONEY,1333,False,1256,False,8.638491829705549,RCV0871,False,0,,,NORMAL,0,0,1347.04,0.0,0,0
TXN-SYN-E3715E56,CUST0285,2026-09-01 10:32:32,3382.09,SEND_MONEY,1065,False,1029,False,9.586947017686612,RCV0335,False,0,,,NORMAL,0,0,3382.09,0.0,0,0
TXN-SYN-6C8D9E1F,CUST0600,2026-09-01 10:35:42,2032.15,SEND_MONEY,477,False,440,False,7.9921559023563375,RCV0177,False,0,,,NORMAL,0,0,2032.15,0.0,0,0
TXN-SYN-45C00ACE,CUST0009,2026-09-01 10:42:03,5286.76,SEND_MONEY,711,False,635,False,8.208317903747576,RCV0692,False,0,,,NORMAL,0,1,21055.28,-15768.52,0,0
TXN-SYN-A1468B3C,CUST0299,2026-09-01 10:50:21,2346.37,CASH_IN,1117,False,1083,False,4.520537425759178,RCV0691,False,0,,AG010,NORMAL,0,0,2346.37,0.0,0,0
TXN-SYN-2650E816,CUST0148,2026-09-01 10:55:55,11822.59,SEND_MONEY,701,True,621,False,4.774050614703836,RCV0408,True,0,,,SCAM_LIKE,0,0,11822.59,0.0,0,0
TXN-SYN-2D5B7C6F,CUST0776,2026-09-01 10:59:28,474.74,CASH_OUT,629,False,617,False,0.07730267340348984,RCV0333,False,0,,AG027,NORMAL,0,0,474.74,0.0,0,0
TXN-SYN-0AB576B0,CUST0320,2026-09-01 11:06:55,431.52,SEND_MONEY,867,False,820,False,1.8157750838298925,RCV0092,False,1,,,NORMAL,0,0,431.52,0.0,0,0
TXN-SYN-4572FB51,CUST0611,2026-09-01 11:17:23,579.38,MERCHANT_PAYMENT,518,False,445,False,7.876011464616443,RCV0594,False,0,M009,,NORMAL,0,0,579.38,0.0,0,0
TXN-SYN-4E01F6A2,CUST0150,2026-09-01 11:20:00,196.5,MOBILE_RECHARGE,248,False,241,False,3.8722554544305443,RCV0174,False,0,,,NORMAL,0,0,196.5,0.0,0,0
TXN-SYN-12D3CE43,CUST0769,2026-09-01 11:25:30,5231.44,SEND_MONEY,1409,False,1402,False,5.192267441895277,RCV0793,True,2,,,SCAM_LIKE,0,1,792.64,4438.8,0,0
TXN-SYN-C1896F87,CUST0792,2026-09-01 11:27:37,1549.85,BILL_PAY,1372,False,1297,False,6.881176592063502,RCV0883,False,0,,,NORMAL,0,0,1549.85,0.0,0,0
TXN-SYN-66AAE473,CUST0456,2026-09-01 11:34:08,18333.08,SEND_MONEY,893,False,867,False,5.644418416538133,RCV0813,True,1,,AG004,MULE_LIKE,0,0,18333.08,0.0,0,0
TXN-SYN-2253CD02,CUST0454,2026-09-01 11:39:04,372.31,CASH_OUT,186,False,112,False,6.411194650519794,RCV0354,False,1,,AG007,NORMAL,0,0,372.31,0.0,0,0
TXN-SYN-263D25FF,CUST0629,2026-09-01 11:48:14,13501.82,CASH_OUT,557,False,500,False,4.6407401981181815,RCV0251,False,0,,AG000,NORMAL,0,0,13501.82,0.0,0,0
TXN-SYN-07189005,CUST0689,2026-09-01 11:49:44,157.95,SEND_MONEY,1111,False,1047,False,4.113169986071701,RCV0424,False,0,,,NORMAL,0,0,157.95,0.0,0,0
TXN-SYN-C12CA2CB,CUST0441,2026-09-01 11:59:41,526.32,CASH_OUT,840,False,782,False,4.360334125974827,RCV0476,False,0,,AG004,NORMAL,0,0,526.32,0.0,0,0
TXN-SYN-2A8FDE0B,CUST0792,2026-09-01 12:06:27,3337.28,SEND_MONEY,649,False,638,False,6.282686240446038,RCV0233,False,0,,,NORMAL,1,1,1549.85,1787.43,0,0
TXN-SYN-3CC6BED6,CUST0104,2026-09-01 12:14:29,194.68,SEND_MONEY,224,False,214,False,8.907040273859213,RCV0380,False,0,,,NORMAL,0,0,194.68,0.0,0,0
TXN-SYN-54D02C20,CUST0363,2026-09-01 12:14:34,443.92,MERCHANT_PAYMENT,234,False,232,False,0.8531782424583145,RCV0097,False,0,M037,,NORMAL,0,0,443.92,0.0,0,0
TXN-SYN-A9DA3F0E,CUST0209,2026-09-01 12:26:37,1673.71,CASH_OUT,335,False,305,False,2.377790380438599,RCV0767,False,0,,AG023,NORMAL,0,0,1673.71,0.0,0,0
TXN-SYN-B9250288,CUST0057,2026-09-01 12:28:03,143.15,BILL_PAY,1028,False,970,False,7.072738812892629,RCV0398,False,0,,,NORMAL,0,0,143.15,0.0,0,0
TXN-SYN-804FDC09,CUST0308,2026-09-01 12:33:50,4154.97,CASH_IN,195,False,150,False,7.259894197343723,RCV0053,False,0,,AG005,NORMAL,0,0,4154.97,0.0,0,0
TXN-SYN-82C9273E,CUST0339,2026-09-01 12:34:14,159.25,SEND_MONEY,674,False,653,False,0.3367640387446402,RCV0339,False,0,,,NORMAL,0,0,159.25,0.0,0,0
TXN-SYN-01B706BA,CUST0569,2026-09-01 12:39:16,2105.12,SEND_MONEY,214,False,181,False,6.202351078862255,RCV1016,False,0,,,NORMAL,0,0,2105.12,0.0,0,0
TXN-SYN-4A93E5A3,CUST0231,2026-09-01 12:39:29,8793.51,CASH_OUT,427,False,357,False,0.4193587507510199,RCV0544,False,0,,AG007,NORMAL,0,0,8793.51,0.0,0,0
TXN-SYN-541FDD5C,CUST0147,2026-09-01 12:42:41,616.77,SEND_MONEY,295,False,227,False,5.693441590496388,RCV0178,False,0,,,NORMAL,0,0,616.77,0.0,0,0
TXN-SYN-530F1EA5,CUST0793,2026-09-01 12:56:00,731.18,MERCHANT_PAYMENT,1446,False,1357,False,8.99023982649484,RCV0505,False,0,M020,,NORMAL,0,0,731.18,0.0,0,0
TXN-SYN-DE7F59B4,CUST0436,2026-09-01 13:00:13,495.9,SEND_MONEY,134,False,84,False,9.6953254153502,RCV0206,False,0,,,NORMAL,0,0,495.9,0.0,0,0
TXN-SYN-8B1E0B6E,CUST0159,2026-09-01 13:03:19,485.8,CASH_OUT,1106,False,1089,False,8.664151295248242,RCV0265,False,0,,AG009,NORMAL,0,0,485.8,0.0,0,0
TXN-SYN-0ABCB0E7,CUST0130,2026-09-01 13:09:52,203.79,CASH_IN,1232,False,1217,False,3.710829522534198,RCV1048,False,0,,AG016,NORMAL,0,0,203.79,0.0,0,0
TXN-SYN-6992230B,CUST0783,2026-09-01 13:23:36,493.87,CASH_OUT,355,False,351,False,0.10255149378163742,RCV0496,False,0,,AG025,NORMAL,0,0,493.87,0.0,0,0
TXN-SYN-05E4613B,CUST0127,2026-09-01 13:25:02,145.98,MOBILE_RECHARGE,546,False,472,False,6.245575025120912,RCV0209,False,0,,,NORMAL,0,0,145.98,0.0,0,0
TXN-SYN-5259B65E,CUST0512,2026-09-01 13:46:19,10153.54,SEND_MONEY,1204,True,1144,False,6.367591934695522,RCV0149,True,0,,AG017,SCAM_LIKE,0,0,10153.54,0.0,0,0
TXN-SYN-D6022347,CUST0048,2026-09-01 13:48:10,1215.89,CASH_OUT,895,False,808,False,0.5202984694984503,RCV0345,False,0,,AG013,NORMAL,0,0,1215.89,0.0,0,0
TXN-SYN-BF63C26E,CUST0474,2026-09-01 13:52:38,4092.04,MERCHANT_PAYMENT,321,False,282,False,6.221359325193333,RCV0386,False,0,M038,,NORMAL,0,1,5908.07,-1816.03,0,0
TXN-SYN-2B86233B,CUST0486,2026-09-01 13:53:49,19219.12,SEND_MONEY,1047,True,985,False,5.877156378585556,RCV0594,True,0,,,SCAM_LIKE,0,0,19219.12,0.0,0,0
TXN-SYN-C14A93BF,CUST0117,2026-09-01 14:05:11,254.01,SEND_MONEY,115,False,62,False,2.0113906530550962,RCV0574,False,0,,,NORMAL,0,0,254.01,0.0,0,0
TXN-SYN-24BF5887,CUST0344,2026-09-01 14:12:13,3779.42,MOBILE_RECHARGE,295,False,223,False,3.9743527238707568,RCV0224,False,0,,,NORMAL,0,0,3779.42,0.0,0,0
TXN-SYN-4D663F54,CUST0011,2026-09-01 14:15:51,527.69,CASH_OUT,1167,False,1107,False,7.948835047855191,RCV0360,False,0,,AG011,NORMAL,0,0,527.69,0.0,0,0
TXN-SYN-9179279D,CUST0043,2026-09-01 14:15:52,78.22,SEND_MONEY,1478,False,1424,False,4.486135184251053,RCV1185,False,0,,,NORMAL,0,0,78.22,0.0,0,0
TXN-SYN-557BFA7A,CUST0354,2026-09-01 14:17:50,19500.12,SEND_MONEY,205,False,153,False,4.1860727491833,RCV1135,True,0,,,SCAM_LIKE,0,0,19500.12,0.0,0,0
TXN-SYN-84E83DC0,CUST0316,2026-09-01 14:26:07,2747.63,SEND_MONEY,167,False,90,False,0.8151459504501635,RCV0692,False,0,,,NORMAL,0,0,2747.63,0.0,0,0
TXN-SYN-49C1BD64,CUST0421,2026-09-01 14:27:55,447.95,CASH_OUT,178,False,92,False,8.381726722079113,RCV0683,False,2,,AG009,NORMAL,0,0,447.95,0.0,0,0
TXN-SYN-51DDA687,CUST0064,2026-09-01 14:44:01,2791.77,CASH_IN,625,False,539,False,1.4881598834055476,RCV0426,False,0,,AG020,NORMAL,0,0,2791.77,0.0,0,0
TXN-SYN-26B1D5F2,CUST0636,2026-09-01 14:52:29,18645.41,SEND_MONEY,934,False,903,False,4.671560405670556,RCV0999,True,0,,,MULE_LIKE,0,0,18645.41,0.0,0,0
TXN-SYN-88EDB3BD,CUST0207,2026-09-01 15:19:34,805.29,MERCHANT_PAYMENT,727,False,653,False,9.356349942209475,RCV1154,False,0,M039,,NORMAL,0,0,805.29,0.0,0,0
TXN-SYN-8401C928,CUST0111,2026-09-01 15:21:51,47432.04,SEND_MONEY,141,False,133,False,4.511640036875959,RCV0047,True,0,M032,,MULE_LIKE,0,0,47432.04,0.0,0,0
TXN-SYN-96A79138,CUST0079,2026-09-01 15:26:28,5426.18,SEND_MONEY,1020,False,933,False,5.571837143304961,RCV0642,False,0,,,NORMAL,0,0,5426.18,0.0,0,0
TXN-SYN-39AF194D,CUST0323,2026-09-01 15:28:21,11816.31,SEND_MONEY,431,False,378,False,4.345959608587117,RCV1058,True,0,M040,,SCAM_LIKE,0,1,2532.91,9283.4,0,0
TXN-SYN-5E5442B1,CUST0289,2026-09-01 15:32:27,1104.01,BILL_PAY,1211,False,1187,False,5.360081069021984,RCV0624,False,0,,,NORMAL,0,0,1104.01,0.0,0,0
TXN-SYN-5B1EC35A,CUST0124,2026-09-01 15:34:54,467.35,MERCHANT_PAYMENT,1214,False,1150,False,1.7277614969391442,RCV0691,False,0,M039,,NORMAL,0,0,467.35,0.0,0,0
TXN-SYN-CD5754DF,CUST0571,2026-09-01 15:39:17,21819.55,SEND_MONEY,1490,True,1443,False,4.6595880345866565,RCV0437,True,0,,AG016,SCAM_LIKE,0,0,21819.55,0.0,0,0
TXN-SYN-80A3223C,CUST0608,2026-09-01 15:58:31,594.1,BILL_PAY,1255,False,1252,False,2.421746503474705,RCV0529,False,0,,,NORMAL,0,0,594.1,0.0,0,0
TXN-SYN-D8E14D9E,CUST0219,2026-09-01 16:00:34,18782.19,SEND_MONEY,1393,False,1387,False,8.464393697106123,RCV0583,True,0,,,MULE_LIKE,0,0,18782.19,0.0,0,0
TXN-SYN-CD5B4569,CUST0439,2026-09-01 16:01:22,5149.92,CASH_OUT,925,False,886,False,5.795693595744067,RCV0434,False,0,,AG015,NORMAL,0,0,5149.92,0.0,0,0
TXN-SYN-1BC6DBC0,CUST0756,2026-09-01 16:02:57,12097.22,SEND_MONEY,1489,False,1421,False,0.7714516853958187,RCV0150,True,0,,,SCAM_LIKE,0,0,12097.22,0.0,0,0
TXN-SYN-7365B425,CUST0507,2026-09-01 16:06:57,219.68,CASH_IN,307,False,296,False,9.505473591493232,RCV0403,False,0,,AG020,NORMAL,0,0,219.68,0.0,0,0
TXN-SYN-6713B4F5,CUST0626,2026-09-01 16:09:16,2168.97,SEND_MONEY,756,False,736,False,3.648676093204113,RCV0900,False,1,,,NORMAL,0,0,2168.97,0.0,0,0
TXN-SYN-A9127B7D,CUST0219,2026-09-01 16:10:03,6506.43,CASH_IN,1212,False,1165,False,7.524277626155725,RCV1009,False,0,,AG008,NORMAL,1,1,18782.19,-12275.76,0,0
TXN-SYN-B9A9BBAB,CUST0791,2026-09-01 16:18:40,147.8,CASH_OUT,841,False,794,False,8.825776091089898,RCV0240,False,0,,AG002,NORMAL,0,0,147.8,0.0,0,0
TXN-SYN-FE959192,CUST0295,2026-09-01 16:18:57,524.21,MOBILE_RECHARGE,355,False,347,False,0.9156635307816796,RCV0237,False,0,,,NORMAL,0,0,524.21,0.0,0,0
TXN-SYN-53313D88,CUST0795,2026-09-01 16:25:29,4360.01,SEND_MONEY,623,False,537,False,6.219796254634997,RCV0227,False,0,,,NORMAL,0,0,4360.01,0.0,0,0
TXN-SYN-43D89C2A,CUST0418,2026-09-01 16:29:16,177.79,CASH_OUT,455,False,430,False,8.473157411908993,RCV0072,False,0,,AG016,NORMAL,0,0,177.79,0.0,0,0
TXN-SYN-50378668,CUST0489,2026-09-01 16:31:47,986.09,BILL_PAY,302,False,213,False,9.734019561875337,RCV0612,False,0,,,NORMAL,0,0,986.09,0.0,0,0
TXN-SYN-70D8D209,CUST0577,2026-09-01 16:44:36,1027.96,BILL_PAY,721,False,675,False,9.128818267776012,RCV0452,False,0,,,NORMAL,0,0,1027.96,0.0,0,0
TXN-SYN-91B97685,CUST0392,2026-09-01 16:45:47,418.89,SEND_MONEY,771,False,688,False,3.0271466502377065,RCV0309,False,0,,,NORMAL,0,0,418.89,0.0,0,0
TXN-SYN-1C662515,CUST0682,2026-09-01 16:54:39,27595.68,SEND_MONEY,775,False,690,False,7.715913548429414,RCV0997,True,0,,AG019,MULE_LIKE,0,0,27595.68,0.0,0,0
TXN-SYN-4E844E35,CUST0353,2026-09-01 17:02:33,535.05,MERCHANT_PAYMENT,680,False,661,False,7.136956593230961,RCV1081,False,0,M009,,NORMAL,0,0,535.05,0.0,0,0
TXN-SYN-3D1C1CBD,CUST0670,2026-09-01 17:08:14,6288.3,SEND_MONEY,935,False,898,False,8.946554513018434,RCV0596,False,0,,,NORMAL,0,0,6288.3,0.0,0,0
TXN-SYN-85A43FA9,CUST0144,2026-09-01 17:22:40,1833.14,MERCHANT_PAYMENT,1297,False,1285,False,8.622043242862038,RCV0588,False,0,M018,,NORMAL,0,0,1833.14,0.0,0,0
TXN-SYN-EEDD4394,CUST0786,2026-09-01 17:30:42,2511.35,BILL_PAY,1153,False,1131,False,1.1008255919337417,RCV0491,False,0,,,NORMAL,0,0,2511.35,0.0,0,0
TXN-SYN-4979C987,CUST0433,2026-09-01 17:33:01,22631.91,MERCHANT_PAYMENT,369,False,346,False,4.500519305538921,RCV0143,False,0,M007,,NORMAL,0,0,22631.91,0.0,0,0
TXN-SYN-49B9C3CD,CUST0632,2026-09-01 17:38:08,11617.36,SEND_MONEY,1033,False,964,False,8.368176661978396,RCV0864,True,0,,AG029,MULE_LIKE,0,0,11617.36,0.0,0,0
TXN-SYN-9C4743AA,CUST0091,2026-09-01 17:54:25,72.52,MERCHANT_PAYMENT,687,False,639,False,3.1219188378638796,RCV0337,False,0,M048,,NORMAL,0,0,72.52,0.0,0,0
TXN-SYN-3A3E6AF1,CUST0555,2026-09-01 17:59:54,392.97,SEND_MONEY,1413,False,1327,False,9.360264368996432,RCV1007,False,0,,,NORMAL,0,0,392.97,0.0,0,0
TXN-SYN-D9DDD7F9,CUST0179,2026-09-01 18:04:41,5490.43,MOBILE_RECHARGE,1241,False,1183,False,4.644732619596725,RCV0414,False,1,,,NORMAL,0,0,5490.43,0.0,0,0
TXN-SYN-0F03D8F9,CUST0677,2026-09-01 18:07:55,2380.05,CASH_OUT,323,False,299,False,2.1614859504198813,RCV0206,False,0,,AG001,NORMAL,0,0,2380.05,0.0,0,0
TXN-SYN-75505835,CUST0015,2026-09-01 18:27:31,9940.51,MOBILE_RECHARGE,405,False,394,False,0.4013885908536652,RCV0422,False,0,,,NORMAL,0,1,39803.97,-29863.46,0,1
TXN-SYN-3F8B3DC0,CUST0095,2026-09-01 18:28:55,380.28,BILL_PAY,596,False,584,False,7.414198908629999,RCV0091,False,0,,,NORMAL,0,0,380.28,0.0,0,0
TXN-SYN-C14B6AF1,CUST0288,2026-09-01 18:37:59,2015.1,MERCHANT_PAYMENT,462,False,418,False,6.974714616692836,RCV0215,False,0,M026,,NORMAL,0,0,2015.1,0.0,0,0
TXN-SYN-EF9301D7,CUST0392,2026-09-01 18:41:25,12220.27,CASH_OUT,1452,False,1440,False,8.174432218771624,RCV0043,False,0,,AG018,NORMAL,0,1,418.89,11801.38,0,0
TXN-SYN-601C8AE0,CUST0662,2026-09-01 18:42:45,328.78,SEND_MONEY,370,False,282,False,4.743051602887971,RCV0589,False,0,,,NORMAL,0,0,328.78,0.0,0,0
TXN-SYN-4AC7B5CF,CUST0777,2026-09-01 18:54:33,20138.61,SEND_MONEY,1250,True,1174,False,7.507792421587989,RCV0051,True,0,,,SCAM_LIKE,0,0,20138.61,0.0,0,0
TXN-SYN-4A101B41,CUST0681,2026-09-01 19:02:55,243.63,MERCHANT_PAYMENT,1396,False,1351,False,2.8377976211163416,RCV1119,False,0,M033,,NORMAL,0,0,243.63,0.0,0,0
TXN-SYN-106DA122,CUST0264,2026-09-01 19:06:46,15518.63,SEND_MONEY,419,True,358,False,3.652187541573678,RCV0219,True,0,,,SCAM_LIKE,0,0,15518.63,0.0,0,0
TXN-SYN-228F48A8,CUST0642,2026-09-01 19:08:39,3691.72,CASH_IN,414,False,362,False,1.8668154481713095,RCV0080,False,0,,AG006,NORMAL,0,0,3691.72,0.0,0,0
TXN-SYN-563FA669,CUST0686,2026-09-01 19:09:05,78113.73,BILL_PAY,1236,False,1160,False,5.771866762233088,RCV0307,False,0,,,NORMAL,0,0,78113.73,0.0,0,0
TXN-SYN-8E7A8EEC,CUST0193,2026-09-01 19:11:53,172.73,MOBILE_RECHARGE,1368,False,1294,False,9.057961339997101,RCV0336,False,0,,,NORMAL,0,0,172.73,0.0,0,0
TXN-SYN-6813B5AE,CUST0791,2026-09-01 19:16:37,45395.72,SEND_MONEY,906,False,830,False,0.4643406061466637,RCV0282,True,0,,,MULE_LIKE,0,1,147.8,45247.92,0,1
TXN-SYN-DE54A6DF,CUST0336,2026-09-01 19:36:53,50.0,CASH_OUT,858,False,801,False,2.6364431327831417,RCV0447,False,0,,AG024,NORMAL,0,0,50.0,0.0,0,0
TXN-SYN-BED0A1EC,CUST0301,2026-09-01 19:44:27,960.23,SEND_MONEY,1180,False,1172,False,7.830674701590162,RCV0962,False,0,,,NORMAL,0,0,960.23,0.0,0,0
TXN-SYN-D547A2DB,CUST0250,2026-09-01 19:55:09,934.82,CASH_IN,1351,False,1341,False,6.508062433629879,RCV1100,False,1,,AG000,NORMAL,0,0,934.82,0.0,0,0
TXN-SYN-C839AE89,CUST0058,2026-09-01 19:56:54,1135.41,SEND_MONEY,513,False,448,False,0.9605226358380392,RCV0748,False,0,,,NORMAL,0,0,1135.41,0.0,0,0
TXN-SYN-6719E166,CUST0738,2026-09-01 20:11:11,1075.17,MOBILE_RECHARGE,1225,False,1139,False,0.2588406984748559,RCV0717,False,0,,,NORMAL,0,0,1075.17,0.0,0,0
TXN-SYN-8B9BFFED,CUST0341,2026-09-01 20:16:37,2583.86,SEND_MONEY,1303,False,1263,False,8.282883925244995,RCV0405,False,0,,,NORMAL,0,0,2583.86,0.0,0,0
TXN-SYN-0BA1A864,CUST0482,2026-09-01 20:23:25,16525.07,SEND_MONEY,777,True,737,False,2.6547322499764894,RCV1169,True,0,M013,,SCAM_LIKE,0,0,16525.07,0.0,0,0
TXN-SYN-93BB3DA4,CUST0631,2026-09-01 20:37:44,1294.4,SEND_MONEY,844,False,805,False,1.5452082999051897,RCV1080,False,0,,,NORMAL,0,0,1294.4,0.0,0,0
TXN-SYN-061AE7FA,CUST0378,2026-09-01 20:38:54,1492.61,CASH_IN,680,False,655,False,3.7379489004091204,RCV0329,False,0,,AG021,NORMAL,0,0,1492.61,0.0,0,0
TXN-SYN-2816BA5E,CUST0478,2026-09-01 20:39:29,2020.29,BILL_PAY,1494,False,1410,False,2.6175775724646178,RCV1033,False,0,,,NORMAL,0,0,2020.29,0.0,0,0
TXN-SYN-B2AFD17C,CUST0524,2026-09-01 20:44:56,2747.27,SEND_MONEY,139,False,103,False,4.9545169144140635,RCV0062,False,0,,,NORMAL,0,0,2747.27,0.0,0,0
TXN-SYN-8587EA00,CUST0572,2026-09-01 20:45:34,208.37,SEND_MONEY,648,False,559,False,4.1208820864104325,RCV0447,False,0,,,NORMAL,0,0,208.37,0.0,0,0
TXN-SYN-B39313B8,CUST0300,2026-09-01 20:58:49,20034.43,SEND_MONEY,1190,False,1106,False,9.673252567953257,RCV0260,True,0,M031,,MULE_LIKE,0,0,20034.43,0.0,0,0
TXN-SYN-628369A8,CUST0307,2026-09-01 21:12:58,306.22,CASH_IN,335,False,254,False,6.230644654097825,RCV0548,False,0,,AG024,NORMAL,0,0,306.22,0.0,0,0
TXN-SYN-02B3B943,CUST0528,2026-09-01 21:25:07,30115.76,SEND_MONEY,211,False,183,False,9.236893410218702,RCV0999,True,0,,,MULE_LIKE,0,0,30115.76,0.0,0,0
TXN-SYN-0DE72CF9,CUST0798,2026-09-01 21:32:10,652.8,SEND_MONEY,545,False,494,False,3.941704545835062,RCV1154,False,0,,,NORMAL,0,0,652.8,0.0,0,0
TXN-SYN-AAF407DD,CUST0749,2026-09-01 21:35:30,370.07,SEND_MONEY,1055,False,974,False,8.907754507830942,RCV0776,False,0,,,NORMAL,0,0,370.07,0.0,0,0
TXN-SYN-AA1FBEF8,CUST0420,2026-09-01 21:55:26,5620.42,SEND_MONEY,597,False,562,False,1.5249021607878965,RCV1172,False,0,,,NORMAL,0,0,5620.42,0.0,0,0
TXN-SYN-FF0A282F,CUST0619,2026-09-01 21:55:30,1099.6,CASH_IN,1365,False,1363,False,9.70064537020164,RCV0607,False,0,,AG026,NORMAL,0,0,1099.6,0.0,0,0
TXN-SYN-680A45CC,CUST0228,2026-09-01 23:04:33,19098.75,CASH_OUT,547,False,469,True,27.909842310104224,RCV0726,False,0,,AG021,CASH_OUT_RISK,0,0,19098.75,0.0,0,0
TXN-SYN-DA5541FD,CUST0117,2026-09-01 23:10:02,20570.02,CASH_OUT,479,False,478,True,56.63504827974836,RCV0791,False,0,M038,AG023,CASH_OUT_RISK,0,1,254.01,20316.01,0,0
TXN-SYN-1D1DA0D8,CUST0333,2026-09-02 00:16:59,2703.030616631757,MOBILE_RECHARGE,59,True,1,True,254.42527855542014,RCV1016,False,2,,,ACCOUNT_TAKEOVER_LIKE,0,0,2703.030616631757,0.0,0,0
TXN-SYN-B87B2B64,CUST0275,2026-09-02 00:28:10,102.91018684273232,CASH_IN,60,True,1,True,244.36333901562296,RCV0788,False,4,,AG003,ACCOUNT_TAKEOVER_LIKE,0,0,102.91018684273232,0.0,0,0
TXN-SYN-4830E327,CUST0467,2026-09-02 00:59:01,2102.537924204863,SEND_MONEY,57,True,0,True,330.229527031775,RCV0753,False,3,,,ACCOUNT_TAKEOVER_LIKE,0,0,2102.537924204863,0.0,0,0
TXN-SYN-DF5508A0,CUST0654,2026-09-02 01:02:39,5334.804487047321,MERCHANT_PAYMENT,90,True,2,True,468.2896858260863,RCV1192,False,4,M030,,ACCOUNT_TAKEOVER_LIKE,0,0,5334.804487047321,0.0,0,0
TXN-SYN-CBB39196,CUST0124,2026-09-02 01:18:51,23109.52,CASH_OUT,742,False,676,True,60.06919533287106,RCV1088,False,0,M048,AG019,CASH_OUT_RISK,0,1,467.35,22642.17,0,0
TXN-SYN-3C254674,CUST0358,2026-09-02 01:37:38,49759.27,CASH_OUT,1094,False,1062,True,23.49481935924736,RCV0979,False,0,,AG004,CASH_OUT_RISK,0,0,49759.27,0.0,0,0
TXN-SYN-39420584,CUST0346,2026-09-02 01:56:08,3369.338297685483,CASH_IN,70,True,1,True,89.36105842751229,RCV0778,False,2,,AG022,ACCOUNT_TAKEOVER_LIKE,0,0,3369.338297685483,0.0,0,0
TXN-SYN-196D1DFC,CUST0778,2026-09-02 02:07:58,49196.11,CASH_OUT,1398,False,1335,True,32.3135607826324,RCV0665,False,0,,AG016,CASH_OUT_RISK,0,0,49196.11,0.0,0,0
TXN-SYN-A8CFC06D,CUST0208,2026-09-02 02:14:29,1928.051339696351,MERCHANT_PAYMENT,45,True,0,True,265.675308918313,RCV0084,False,4,M006,,ACCOUNT_TAKEOVER_LIKE,0,0,1928.051339696351,0.0,0,0
TXN-SYN-C43E82D8,CUST0059,2026-09-02 02:15:21,27571.04,CASH_OUT,1380,False,1322,True,85.21465858342023,RCV0220,False,0,,AG013,CASH_OUT_RISK,0,0,27571.04,0.0,0,0
TXN-SYN-1AFC9DCD,CUST0394,2026-09-02 02:21:17,20709.46,CASH_OUT,1058,False,991,True,98.74948672690513,RCV0175,False,0,,AG021,CASH_OUT_RISK,0,0,20709.46,0.0,0,0
TXN-SYN-D01848CC,CUST0178,2026-09-02 02:26:49,300.47854571094933,SEND_MONEY,43,True,0,True,267.6549724350747,RCV0913,False,4,,,ACCOUNT_TAKEOVER_LIKE,0,0,300.47854571094933,0.0,0,0
TXN-SYN-7293FB60,CUST0573,2026-09-02 02:27:59,30941.3,CASH_OUT,1456,False,1402,True,57.58434571589453,RCV0239,False,0,,AG016,CASH_OUT_RISK,0,0,30941.3,0.0,0,0
TXN-SYN-53BB0A85,CUST0320,2026-09-02 02:48:53,6882.745972180917,SEND_MONEY,76,True,2,True,483.72042239531316,RCV0558,False,5,,,ACCOUNT_TAKEOVER_LIKE,0,1,431.52,6451.23,0,0
TXN-SYN-4221B353,CUST0084,2026-09-02 03:02:24,38512.05,CASH_OUT,841,False,766,True,81.9778743376481,RCV0242,False,0,,AG001,CASH_OUT_RISK,0,0,38512.05,0.0,0,0
TXN-SYN-B27C5729,CUST0641,2026-09-02 03:19:48,30839.599216754203,CASH_OUT,16,True,0,True,119.30129308953491,RCV1063,False,4,,AG017,ACCOUNT_TAKEOVER_LIKE,0,0,30839.599216754203,0.0,0,0
TXN-SYN-370CB053,CUST0310,2026-09-02 03:22:12,39325.45,CASH_OUT,592,False,545,True,38.275095535939656,RCV0486,False,0,,AG022,CASH_OUT_RISK,0,0,44959.6,-5634.15,0,0
TXN-SYN-ED7454A5,CUST0536,2026-09-02 03:33:21,4511.374753117729,CASH_OUT,82,True,0,True,262.0255545197666,RCV0130,False,5,,AG018,ACCOUNT_TAKEOVER_LIKE,0,0,4511.374753117729,0.0,0,0
TXN-SYN-B9D04228,CUST0621,2026-09-02 03:39:05,37690.59,CASH_OUT,1079,False,1078,True,48.244814072020986,RCV0331,False,0,,AG020,CASH_OUT_RISK,0,0,37690.59,0.0,0,0
TXN-SYN-A8A7E3E9,CUST0280,2026-09-02 03:47:11,46895.06256349646,SEND_MONEY,72,True,0,True,451.0771991724877,RCV0731,False,4,,,ACCOUNT_TAKEOVER_LIKE,0,0,46895.06256349646,0.0,0,0
TXN-SYN-C2BD241E,CUST0202,2026-09-02 03:50:35,24927.65,CASH_OUT,705,False,668,True,85.78726788826019,RCV0009,False,0,,AG029,CASH_OUT_RISK,0,0,24927.65,0.0,0,0
TXN-SYN-8CD47EEE,CUST0478,2026-09-02 03:51:04,1269.2345548973974,BILL_PAY,58,True,2,True,384.7098371530419,RCV0216,False,3,,,ACCOUNT_TAKEOVER_LIKE,0,1,2020.29,-751.06,0,0
TXN-SYN-EAA7899E,CUST0698,2026-09-02 03:58:53,2626.1316330064287,CASH_IN,27,True,1,True,273.7642489658951,RCV0557,False,3,,AG013,ACCOUNT_TAKEOVER_LIKE,0,0,2626.1316330064287,0.0,0,0
TXN-SYN-17B3EA5B,CUST0534,2026-09-02 04:09:03,58047.635965002984,CASH_OUT,91,True,0,True,343.5077002506402,RCV0350,False,2,,AG006,ACCOUNT_TAKEOVER_LIKE,0,0,58047.635965002984,0.0,0,0
TXN-SYN-2A3ED44B,CUST0184,2026-09-02 04:30:35,10355.040748489078,SEND_MONEY,90,True,0,True,154.15392709383818,RCV0829,False,4,,,ACCOUNT_TAKEOVER_LIKE,0,0,10355.040748489078,0.0,0,0
TXN-SYN-CD010D82,CUST0357,2026-09-02 05:09:39,1620.128938601785,CASH_IN,65,True,1,True,122.46673581671062,RCV0812,False,4,,AG010,ACCOUNT_TAKEOVER_LIKE,0,0,1620.128938601785,0.0,0,0
TXN-SYN-86725CFF,CUST0637,2026-09-02 08:06:04,1223.86,SEND_MONEY,331,False,255,False,7.9398515032896295,RCV1087,False,0,,,NORMAL,0,0,1223.86,0.0,0,0
TXN-SYN-93F71D05,CUST0302,2026-09-02 08:06:57,1856.39,CASH_OUT,1302,False,1299,False,3.7885763269539674,RCV1153,False,0,,AG012,NORMAL,0,0,1856.39,0.0,0,0
TXN-SYN-B2CE3B23,CUST0658,2026-09-02 08:14:50,1030.42,SEND_MONEY,597,False,522,False,3.7873714726043883,RCV0328,False,0,,,NORMAL,0,0,1030.42,0.0,0,0
TXN-SYN-55D25F01,CUST0379,2026-09-02 08:16:05,986.95,CASH_OUT,767,False,698,False,8.792575391617268,RCV0506,False,0,,AG025,NORMAL,0,0,986.95,0.0,0,0
TXN-SYN-E046B886,CUST0097,2026-09-02 08:18:16,7820.97,CASH_IN,925,False,852,False,0.8020770781372599,RCV0365,False,0,,AG029,NORMAL,0,0,7820.97,0.0,0,0
TXN-SYN-6EF1C09C,CUST0773,2026-09-02 08:22:19,128.3,CASH_OUT,376,False,345,False,4.919117877750951,RCV0441,False,0,,AG016,NORMAL,0,0,128.3,0.0,0,0
TXN-SYN-22F73F53,CUST0097,2026-09-02 08:22:30,30415.86,SEND_MONEY,749,False,670,False,2.9692905223489863,RCV0124,True,0,,,MULE_LIKE,1,1,7820.97,22594.89,0,0
TXN-SYN-347C4CDF,CUST0272,2026-09-02 08:26:15,85.52,CASH_OUT,1390,False,1301,False,6.401718446202867,RCV0701,False,0,,AG027,NORMAL,0,0,85.52,0.0,0,0
TXN-SYN-71329671,CUST0129,2026-09-02 08:28:36,1601.41,BILL_PAY,1324,False,1320,False,5.4758481056316555,RCV0734,False,0,,,NORMAL,0,0,1601.41,0.0,0,0
TXN-SYN-2710ECCC,CUST0327,2026-09-02 08:34:01,1759.71,CASH_IN,344,False,297,False,1.9231781280399307,RCV0258,False,0,,AG022,NORMAL,0,0,1759.71,0.0,0,0
TXN-SYN-5C48B5C3,CUST0523,2026-09-02 08:39:24,174.89,SEND_MONEY,437,False,426,False,6.904141408952129,RCV0462,False,0,,,NORMAL,0,0,174.89,0.0,0,0
TXN-SYN-D01A1EBD,CUST0722,2026-09-02 08:40:03,3891.4,CASH_OUT,275,False,239,False,9.175632152907706,RCV0495,False,0,,AG029,NORMAL,0,0,40450.66,-36559.26,0,0
TXN-SYN-228CA5E5,CUST0292,2026-09-02 08:49:27,17141.74,SEND_MONEY,676,True,668,False,2.93746801625561,RCV0773,True,1,,AG029,SCAM_LIKE,0,0,17141.74,0.0,0,0
TXN-SYN-385227EB,CUST0162,2026-09-02 08:57:26,878.01,MERCHANT_PAYMENT,1321,False,1279,False,3.764389781262889,RCV1181,False,0,M024,,NORMAL,0,0,878.01,0.0,0,0
TXN-SYN-57EF42C0,CUST0184,2026-09-02 09:11:57,1816.05,BILL_PAY,941,False,914,False,2.410369176241929,RCV0356,False,0,,,NORMAL,0,1,10355.04,-8538.99,0,0
TXN-SYN-22191614,CUST0256,2026-09-02 09:14:45,48251.5,SEND_MONEY,1156,False,1075,False,1.946964424786476,RCV0999,True,0,,AG009,MULE_LIKE,0,0,48251.5,0.0,0,0
TXN-SYN-F6F451D3,CUST0614,2026-09-02 09:18:38,10322.66,SEND_MONEY,1470,False,1413,False,2.9708865318724076,RCV0728,False,0,,,NORMAL,0,0,10322.66,0.0,0,0
TXN-SYN-84B0B2A9,CUST0640,2026-09-02 09:20:24,268.69,MERCHANT_PAYMENT,1241,False,1226,False,2.5332658971077993,RCV0675,False,0,M041,,NORMAL,0,0,268.69,0.0,0,0
TXN-SYN-BD58492E,CUST0618,2026-09-02 09:22:29,9119.27,CASH_OUT,574,False,563,False,6.835808333247098,RCV1120,False,0,,AG008,NORMAL,0,0,9119.27,0.0,0,0
TXN-SYN-8B95741E,CUST0545,2026-09-02 09:24:37,1739.61,SEND_MONEY,601,False,531,False,8.799146267270144,RCV0078,False,0,,,NORMAL,0,0,1739.61,0.0,0,0
TXN-SYN-27DC4841,CUST0725,2026-09-02 09:25:14,233.56,SEND_MONEY,807,False,778,False,5.509952833452542,RCV0611,False,0,,,NORMAL,0,0,233.56,0.0,0,0
TXN-SYN-9B05A46E,CUST0305,2026-09-02 09:45:25,22842.24,SEND_MONEY,159,True,146,False,4.944000493074558,RCV0872,True,0,,,SCAM_LIKE,0,0,22842.24,0.0,0,0
TXN-SYN-CC5080BF,CUST0727,2026-09-02 09:55:11,1255.45,MOBILE_RECHARGE,1470,False,1457,False,8.111060402001595,RCV0255,False,0,,,NORMAL,0,0,1255.45,0.0,0,0
TXN-SYN-6F52EB24,CUST0385,2026-09-02 10:01:57,1327.9,BILL_PAY,1459,False,1371,False,8.429724020485631,RCV0909,False,0,,,NORMAL,0,0,1327.9,0.0,0,0
TXN-SYN-85583A36,CUST0365,2026-09-02 10:02:44,44748.62,SEND_MONEY,333,False,279,False,2.1253913283993144,RCV0011,True,0,,AG007,MULE_LIKE,0,0,44748.62,0.0,0,0
TXN-SYN-66D35A14,CUST0274,2026-09-02 10:05:58,1562.87,SEND_MONEY,1397,False,1332,False,0.9537380789802752,RCV0086,False,0,,,NORMAL,0,0,24093.64,-22530.77,0,0
TXN-SYN-EF07F903,CUST0033,2026-09-02 10:13:07,915.7,BILL_PAY,891,False,842,False,3.9245168886226676,RCV0470,False,1,,,NORMAL,0,0,915.7,0.0,0,0
TXN-SYN-20607129,CUST0213,2026-09-02 10:18:45,7625.74,SEND_MONEY,356,True,300,False,2.191843456523317,RCV0505,True,0,,AG004,SCAM_LIKE,0,0,7625.74,0.0,0,0
TXN-SYN-996B8F00,CUST0531,2026-09-02 10:26:17,5367.64,SEND_MONEY,464,False,397,False,9.604909474255908,RCV1076,False,0,,,NORMAL,0,0,16806.0,-11438.36,0,0
TXN-SYN-E7DD49EB,CUST0614,2026-09-02 10:27:29,595.15,CASH_OUT,423,False,366,False,9.70554670728496,RCV0325,False,0,,AG028,NORMAL,0,1,10322.66,-9727.51,0,0
TXN-SYN-76CE29D9,CUST0017,2026-09-02 10:32:23,11433.03,SEND_MONEY,1229,False,1219,False,3.8613400157280733,RCV0071,True,0,,AG001,SCAM_LIKE,0,0,8583.77,2849.26,0,0
TXN-SYN-BDB6E8E6,CUST0150,2026-09-02 10:38:38,47536.24,SEND_MONEY,1023,False,967,False,4.326149328720456,RCV0999,True,0,,AG014,MULE_LIKE,0,1,196.5,47339.74,0,0
TXN-SYN-343EAE66,CUST0525,2026-09-02 10:43:18,7667.33,MERCHANT_PAYMENT,536,False,524,False,8.625757860159535,RCV0338,False,0,M020,,NORMAL,0,0,7667.33,0.0,0,0
TXN-SYN-C8F0F526,CUST0798,2026-09-02 10:54:20,727.07,SEND_MONEY,452,False,438,False,3.2137448660711456,RCV0791,False,0,,,NORMAL,0,1,652.8,74.27,0,0
TXN-SYN-DF72F52B,CUST0220,2026-09-02 10:59:00,241.12,SEND_MONEY,412,False,362,False,1.7497908872073964,RCV0496,False,0,,,NORMAL,0,0,241.12,0.0,0,0
TXN-SYN-84DA4816,CUST0706,2026-09-02 11:01:52,545.98,SEND_MONEY,1181,False,1113,False,1.48603114478144,RCV0023,False,0,,,NORMAL,0,0,545.98,0.0,0,0
TXN-SYN-C8E3B0F3,CUST0171,2026-09-02 11:02:37,445.49,MERCHANT_PAYMENT,758,False,752,False,0.789805993662317,RCV0493,False,0,M037,,NORMAL,0,0,445.49,0.0,0,0
TXN-SYN-3722F707,CUST0343,2026-09-02 11:04:37,415.7,MOBILE_RECHARGE,1073,False,1034,False,4.703472587131338,RCV1101,False,0,,,NORMAL,0,0,415.7,0.0,0,0
TXN-SYN-C9FAB62E,CUST0288,2026-09-02 11:05:32,5171.03,SEND_MONEY,375,False,331,False,4.011262943265685,RCV1106,False,0,,,NORMAL,0,1,2015.1,3155.93,0,0
TXN-SYN-AD1AEE96,CUST0768,2026-09-02 11:08:51,424.81,MOBILE_RECHARGE,1023,False,975,False,8.05457633857112,RCV0326,False,0,,,NORMAL,0,0,424.81,0.0,0,0
TXN-SYN-F06608A9,CUST0067,2026-09-02 11:19:41,12277.99,SEND_MONEY,211,True,141,False,3.4823063970736867,RCV0595,True,0,,,SCAM_LIKE,0,0,27324.26,-15046.27,0,0
TXN-SYN-AEFA6158,CUST0202,2026-09-02 11:22:36,5539.92,SEND_MONEY,884,False,867,False,0.7495334419476074,RCV0249,True,0,M040,,SCAM_LIKE,0,1,24927.65,-19387.73,0,1
TXN-SYN-C6847AD9,CUST0462,2026-09-02 11:25:50,10246.63,CASH_OUT,370,False,367,False,6.9938474098736725,RCV0540,False,0,,AG026,NORMAL,0,0,10246.63,0.0,0,0
TXN-SYN-87965223,CUST0700,2026-09-02 11:29:55,2157.1,SEND_MONEY,915,False,867,False,6.849242281489275,RCV0542,False,0,,,NORMAL,0,0,2157.1,0.0,0,0
TXN-SYN-BE7291F8,CUST0106,2026-09-02 11:30:12,24707.7,SEND_MONEY,1225,False,1209,False,6.770406851477173,RCV1194,True,0,,,SCAM_LIKE,0,0,24707.7,0.0,0,0
TXN-SYN-C776AC29,CUST0567,2026-09-02 11:33:22,7615.72,CASH_OUT,152,False,134,False,7.859845817060018,RCV0900,False,0,,AG022,NORMAL,0,0,7615.72,0.0,0,0
TXN-SYN-D53572D4,CUST0485,2026-09-02 11:34:38,3797.15,CASH_OUT,1451,False,1414,False,0.34852383378130236,RCV1134,False,1,,AG026,NORMAL,0,0,3797.15,0.0,0,0
TXN-SYN-11DDEEAD,CUST0073,2026-09-02 11:38:56,439.06,SEND_MONEY,310,False,287,False,6.800282512726602,RCV0673,False,0,,,NORMAL,0,0,439.06,0.0,0,0
TXN-SYN-9EDF8F33,CUST0192,2026-09-02 11:40:05,101.85,MERCHANT_PAYMENT,784,False,704,False,3.745509634032975,RCV0706,False,0,M030,,NORMAL,0,0,101.85,0.0,0,0
TXN-SYN-8647C954,CUST0767,2026-09-02 11:51:28,1443.81,SEND_MONEY,723,False,642,False,4.7601812936876655,RCV0182,False,0,,,NORMAL,0,0,1443.81,0.0,0,0
TXN-SYN-06BDB98E,CUST0550,2026-09-02 12:08:04,825.02,SEND_MONEY,1143,False,1081,False,2.731165408632873,RCV0675,False,0,,,NORMAL,0,0,186.77,638.25,0,0
TXN-SYN-5BBE9E35,CUST0006,2026-09-02 12:09:37,1067.48,SEND_MONEY,1420,False,1344,False,0.5248171009972757,RCV0427,False,0,,,NORMAL,0,0,1067.48,0.0,0,0
TXN-SYN-A4A679CF,CUST0614,2026-09-02 12:10:12,950.63,CASH_IN,656,False,611,False,7.018804190664878,RCV1006,False,0,,AG014,NORMAL,0,2,5458.9,-4508.27,0,1
TXN-SYN-3004B0BD,CUST0608,2026-09-02 12:20:04,1491.77,SEND_MONEY,1350,False,1324,False,8.88715865648287,RCV0611,False,0,,,NORMAL,0,1,594.1,897.67,0,0
TXN-SYN-C4A57289,CUST0759,2026-09-02 12:27:27,1397.61,SEND_MONEY,482,False,445,False,0.03442498944409733,RCV0825,False,0,,,NORMAL,0,0,1397.61,0.0,0,0
TXN-SYN-A2D351A3,CUST0291,2026-09-02 12:31:13,20103.58,CASH_OUT,582,False,536,False,3.2890565470154263,RCV1014,False,1,,AG010,NORMAL,0,0,20103.58,0.0,0,0
TXN-SYN-A4377950,CUST0123,2026-09-02 12:52:11,11858.96,SEND_MONEY,543,False,507,False,2.663123155979746,RCV0682,False,0,,,NORMAL,0,0,11858.96,0.0,0,0
TXN-SYN-841F3D3D,CUST0020,2026-09-02 12:56:22,343.3,SEND_MONEY,178,False,127,False,7.2674056522931965,RCV0063,False,0,,,NORMAL,0,0,343.3,0.0,0,0
TXN-SYN-5620BB73,CUST0321,2026-09-02 13:02:50,16367.74,SEND_MONEY,755,False,671,False,2.73162587695178,RCV0626,False,0,,,NORMAL,0,0,16367.74,0.0,0,0
TXN-SYN-EE2FC201,CUST0523,2026-09-02 13:03:12,15823.83,SEND_MONEY,1142,False,1084,False,9.672879871858036,RCV0395,True,0,,,SCAM_LIKE,0,1,174.89,15648.94,0,0
TXN-SYN-3F04029A,CUST0577,2026-09-02 13:11:10,739.04,SEND_MONEY,1385,False,1337,False,4.735828996422903,RCV0081,False,0,,,NORMAL,0,1,1027.96,-288.92,0,0
TXN-SYN-6755F7CD,CUST0553,2026-09-02 13:18:11,2222.03,CASH_IN,898,False,876,False,6.112493728337267,RCV1084,False,0,,AG014,NORMAL,0,0,2222.03,0.0,0,0
TXN-SYN-5A4D0956,CUST0531,2026-09-02 13:23:07,107.23,CASH_OUT,118,False,107,False,2.440344136857844,RCV1028,False,0,,AG002,NORMAL,0,1,11086.82,-10979.59,0,0
TXN-SYN-06D23706,CUST0517,2026-09-02 13:31:25,567.7,MERCHANT_PAYMENT,281,False,220,False,7.301301877764249,RCV0633,False,0,M024,,NORMAL,0,0,567.7,0.0,0,0
TXN-SYN-DD378BFD,CUST0760,2026-09-02 13:37:40,609.83,CASH_OUT,1198,False,1120,False,8.260922778607862,RCV1116,False,0,,AG001,NORMAL,0,0,1723.21,-1113.38,0,0
TXN-SYN-20382762,CUST0161,2026-09-02 13:38:16,1125.73,SEND_MONEY,540,False,491,False,4.461704378126965,RCV0542,False,0,,,NORMAL,0,0,1125.73,0.0,0,0
TXN-SYN-3AAB737D,CUST0088,2026-09-02 14:00:22,13295.94,SEND_MONEY,1290,True,1257,False,6.707721905902234,RCV1068,True,1,,,SCAM_LIKE,0,0,13295.94,0.0,0,0
TXN-SYN-3F6CD8A8,CUST0079,2026-09-02 14:01:15,18471.93,SEND_MONEY,626,False,570,False,1.5569259775593292,RCV0988,True,0,,,MULE_LIKE,0,1,5426.18,13045.75,0,0
TXN-SYN-9B69BE1D,CUST0430,2026-09-02 14:02:00,7973.58,MOBILE_RECHARGE,970,False,907,False,3.7201405896833473,RCV0538,False,0,,,NORMAL,0,0,7973.58,0.0,0,0
TXN-SYN-E29E19FF,CUST0367,2026-09-02 14:04:14,5880.22,CASH_IN,239,False,216,False,7.917607523003841,RCV0998,False,0,,AG021,NORMAL,0,0,5880.22,0.0,0,0
TXN-SYN-76B0928C,CUST0327,2026-09-02 14:10:47,2106.62,SEND_MONEY,371,False,328,False,6.3289823359440724,RCV0860,False,0,,,NORMAL,0,1,1759.71,346.91,0,0
TXN-SYN-7C294539,CUST0006,2026-09-02 14:11:10,329.44,MOBILE_RECHARGE,458,False,403,False,7.242398029654236,RCV1024,False,0,,,NORMAL,0,1,1067.48,-738.04,0,0
TXN-SYN-4D2CF5FA,CUST0380,2026-09-02 14:13:48,7224.84,SEND_MONEY,861,True,842,False,7.28052743905545,RCV1164,True,0,,AG019,SCAM_LIKE,0,0,7224.84,0.0,0,0
TXN-SYN-00D9B524,CUST0234,2026-09-02 14:17:05,5208.32,SEND_MONEY,403,False,355,False,8.224421246489268,RCV0642,False,1,,,NORMAL,0,0,5208.32,0.0,0,0
TXN-SYN-A47E6051,CUST0048,2026-09-02 14:18:40,452.81,CASH_IN,349,False,313,False,2.999432568137914,RCV0185,False,2,,AG029,NORMAL,0,0,1215.89,-763.08,0,0
TXN-SYN-AF3FD356,CUST0224,2026-09-02 14:44:08,1088.57,CASH_OUT,257,False,242,False,0.011286225269827588,RCV0906,False,0,,AG029,NORMAL,0,0,1088.57,0.0,0,0
TXN-SYN-56C043B1,CUST0008,2026-09-02 14:48:44,6527.89,MERCHANT_PAYMENT,917,False,914,False,4.9350918266059995,RCV0195,False,0,M007,,NORMAL,0,0,6527.89,0.0,0,0
TXN-SYN-626E48CE,CUST0725,2026-09-02 14:49:51,9724.79,BILL_PAY,1227,False,1149,False,4.129345596669642,RCV0933,False,0,,,NORMAL,0,1,233.56,9491.23,0,0
TXN-SYN-47CE45A7,CUST0516,2026-09-02 14:51:44,8807.16,SEND_MONEY,871,False,840,False,7.643228771431721,RCV0683,False,0,,,NORMAL,0,0,8807.16,0.0,0,0
TXN-SYN-22F9AD83,CUST0777,2026-09-02 14:53:14,1241.78,SEND_MONEY,549,False,516,False,8.946676243140136,RCV0222,False,0,,,NORMAL,0,1,20138.61,-18896.83,0,0
TXN-SYN-2AE8ADE4,CUST0726,2026-09-02 14:54:15,380.88,BILL_PAY,552,False,476,False,6.349600455910331,RCV1195,False,0,,,NORMAL,0,0,380.88,0.0,0,0
TXN-SYN-13EE147B,CUST0767,2026-09-02 14:59:37,21896.57,SEND_MONEY,505,False,471,False,7.673249289565258,RCV0958,True,0,,AG022,MULE_LIKE,0,1,1443.81,20452.76,0,0
TXN-SYN-C4A2B3E7,CUST0441,2026-09-02 15:00:15,3858.4,SEND_MONEY,616,False,595,False,1.188525784762372,RCV1195,False,0,,,NORMAL,0,0,526.32,3332.08,0,0
TXN-SYN-C4D60C97,CUST0569,2026-09-02 15:08:06,6106.81,MERCHANT_PAYMENT,231,False,149,False,9.71732960023852,RCV0301,False,2,M006,,NORMAL,0,0,2105.12,4001.69,0,0
TXN-SYN-C39ED246,CUST0127,2026-09-02 15:10:34,10979.94,SEND_MONEY,1388,False,1355,False,0.7764933467160506,RCV0200,True,0,M029,,MULE_LIKE,0,0,145.98,10833.96,0,0
TXN-SYN-D085E0CC,CUST0411,2026-09-02 15:18:14,382.76,SEND_MONEY,1431,False,1377,False,2.639584682470415,RCV1113,False,0,,,NORMAL,0,0,382.76,0.0,0,0
TXN-SYN-D300C972,CUST0599,2026-09-02 15:19:54,22871.75,SEND_MONEY,505,False,431,False,7.561231699473627,RCV0096,False,0,,,NORMAL,0,0,22871.75,0.0,0,0
TXN-SYN-ECB6FA29,CUST0114,2026-09-02 15:22:53,50.0,SEND_MONEY,1264,False,1194,False,7.0385268513284585,RCV0000,False,0,,,NORMAL,0,0,50.0,0.0,0,0
TXN-SYN-9A8E2F3C,CUST0608,2026-09-02 15:23:35,712.87,SEND_MONEY,698,False,694,False,8.13802177260163,RCV0745,False,0,,,NORMAL,0,2,1042.94,-330.06,0,0
TXN-SYN-8E0E9FF9,CUST0542,2026-09-02 15:32:51,8524.34,MOBILE_RECHARGE,1268,False,1215,False,2.3267021035779556,RCV0088,False,0,,,NORMAL,0,0,8524.34,0.0,0,0
TXN-SYN-060C37B9,CUST0646,2026-09-02 15:43:37,31277.17,MERCHANT_PAYMENT,1420,False,1379,False,0.009649618435639828,RCV0034,False,1,M018,,NORMAL,0,0,31277.17,0.0,0,0
TXN-SYN-74A94EFD,CUST0096,2026-09-02 15:44:15,7754.94,MERCHANT_PAYMENT,897,False,875,False,6.288457539619554,RCV1011,False,0,M031,,NORMAL,0,0,7754.94,0.0,0,0
TXN-SYN-C0881A33,CUST0366,2026-09-02 15:54:03,586.19,MERCHANT_PAYMENT,1319,False,1288,False,8.423925466510337,RCV0227,False,0,M004,,NORMAL,0,0,586.19,0.0,0,0
TXN-SYN-1100623C,CUST0011,2026-09-02 16:10:45,13762.15,SEND_MONEY,296,False,234,False,7.6698086831223655,RCV0347,False,0,,,NORMAL,0,0,527.69,13234.46,0,0
TXN-SYN-0A500D4E,CUST0621,2026-09-02 16:12:27,40765.44,SEND_MONEY,176,False,102,False,3.1025000146706008,RCV0110,True,0,,,MULE_LIKE,0,1,37690.59,3074.85,0,1
TXN-SYN-3E045DD2,CUST0709,2026-09-02 16:14:13,69.22,BILL_PAY,189,False,155,False,8.42166515163046,RCV0763,False,0,,,NORMAL,0,0,69.22,0.0,0,0
TXN-SYN-D6119483,CUST0127,2026-09-02 16:15:19,50.0,SEND_MONEY,1295,False,1274,False,7.820900146236099,RCV1101,False,0,,,NORMAL,0,1,5562.96,-5512.96,0,0
TXN-SYN-CAA82E18,CUST0707,2026-09-02 16:24:17,2946.05,CASH_OUT,1212,False,1164,False,2.5476758632862007,RCV0329,False,0,,AG026,NORMAL,0,0,2946.05,0.0,0,0
TXN-SYN-09089AD8,CUST0191,2026-09-02 16:32:57,3049.09,SEND_MONEY,203,False,122,False,3.7908549572547368,RCV0615,False,0,,,NORMAL,0,0,3049.09,0.0,0,0
TXN-SYN-C872D71B,CUST0372,2026-09-02 16:37:13,903.69,MERCHANT_PAYMENT,231,False,162,False,8.111879169718101,RCV0069,False,0,M036,,NORMAL,0,0,903.69,0.0,0,0
TXN-SYN-9C5776A7,CUST0650,2026-09-02 16:38:17,1271.81,BILL_PAY,905,False,863,False,3.508417824837291,RCV0263,False,0,,,NORMAL,0,0,1271.81,0.0,0,0
TXN-SYN-448F43C0,CUST0037,2026-09-02 16:44:29,1018.58,CASH_IN,334,False,245,False,7.210812763413564,RCV0759,False,0,,AG008,NORMAL,0,0,1018.58,0.0,0,0
TXN-SYN-46FE67DD,CUST0660,2026-09-02 16:47:25,5291.91,CASH_IN,103,False,101,False,5.192466776348864,RCV0912,False,0,,AG026,NORMAL,0,0,5291.91,0.0,0,0
TXN-SYN-85C4C547,CUST0414,2026-09-02 16:51:09,4684.25,SEND_MONEY,868,False,780,False,8.31758140802247,RCV0872,False,0,,,NORMAL,0,0,4684.25,0.0,0,0
TXN-SYN-69745308,CUST0725,2026-09-02 17:10:20,2381.91,MERCHANT_PAYMENT,777,False,762,False,8.830356173225551,RCV0044,False,0,M009,,NORMAL,0,2,4979.18,-2597.27,0,0
TXN-SYN-AD59B4C4,CUST0218,2026-09-02 17:12:23,1997.68,CASH_IN,245,False,171,False,0.2887626926573639,RCV0484,False,0,,AG029,NORMAL,0,0,1997.68,0.0,0,0
TXN-SYN-02A4614D,CUST0340,2026-09-02 17:16:55,292.31,CASH_OUT,1010,False,930,False,3.616203140134371,RCV1055,False,0,,AG028,NORMAL,0,0,292.31,0.0,0,0
TXN-SYN-1AA4DDC6,CUST0768,2026-09-02 17:18:01,3474.69,SEND_MONEY,1208,False,1123,False,8.983552751676653,RCV0779,False,0,,,NORMAL,0,1,424.81,3049.88,0,0
TXN-SYN-0028C1DE,CUST0410,2026-09-02 17:22:53,2398.14,CASH_IN,561,False,518,False,2.1349546941285658,RCV0744,False,0,,AG007,NORMAL,0,0,2398.14,0.0,0,0
TXN-SYN-D25AE359,CUST0254,2026-09-02 17:29:59,766.42,SEND_MONEY,429,False,351,False,2.756280189521012,RCV0389,False,2,,,NORMAL,0,0,766.42,0.0,0,0
TXN-SYN-CCA1863A,CUST0415,2026-09-02 17:31:12,50.0,MERCHANT_PAYMENT,1013,False,931,False,2.7462783245766484,RCV0384,False,0,M034,,NORMAL,0,0,40332.23,-40282.23,0,0
TXN-SYN-63D46A77,CUST0709,2026-09-02 17:35:19,771.01,CASH_IN,827,False,772,False,2.0562947553228126,RCV0864,False,0,,AG027,NORMAL,0,1,69.22,701.79,0,0
TXN-SYN-1612688E,CUST0166,2026-09-02 17:37:53,6026.21,MERCHANT_PAYMENT,802,False,751,False,5.692911269711404,RCV0200,False,0,M037,,NORMAL,0,0,6026.21,0.0,0,0
TXN-SYN-C2401F85,CUST0645,2026-09-02 17:43:28,6104.56,CASH_IN,613,False,549,False,8.55331852856671,RCV0800,False,0,,AG007,NORMAL,0,0,6104.56,0.0,0,0
TXN-SYN-A16092B5,CUST0741,2026-09-02 17:43:57,280.7,BILL_PAY,1384,False,1329,False,0.079500828867336,RCV0550,False,0,,,NORMAL,0,0,280.7,0.0,0,0
TXN-SYN-C6D96411,CUST0186,2026-09-02 17:58:24,2327.83,SEND_MONEY,1474,False,1466,False,7.485843470035328,RCV0865,False,0,,,NORMAL,0,0,2327.83,0.0,0,0
TXN-SYN-B8E4426F,CUST0594,2026-09-02 18:05:54,7035.65,SEND_MONEY,414,False,345,False,6.057748193568871,RCV0424,True,0,,,SCAM_LIKE,0,0,7035.65,0.0,0,0
TXN-SYN-FEEA20C4,CUST0177,2026-09-02 18:14:04,720.71,SEND_MONEY,307,False,219,False,5.770687157060284,RCV0094,False,0,,,NORMAL,0,0,720.71,0.0,0,0
TXN-SYN-0F7D5216,CUST0678,2026-09-02 18:14:08,2217.6,SEND_MONEY,793,False,723,False,9.582971696239909,RCV0696,False,0,,,NORMAL,0,0,2217.6,0.0,0,0
TXN-SYN-7F03372C,CUST0089,2026-09-02 18:25:25,2445.05,MOBILE_RECHARGE,904,False,817,False,9.568594850528205,RCV0211,False,0,,,NORMAL,0,0,2445.05,0.0,0,0
TXN-SYN-CAC84DF2,CUST0516,2026-09-02 18:27:58,754.79,CASH_OUT,495,False,468,False,6.608511487903874,RCV0980,False,0,,AG011,NORMAL,0,1,8807.16,-8052.37,0,0
TXN-SYN-1FE9FFD3,CUST0326,2026-09-02 18:29:10,49015.28,SEND_MONEY,210,False,127,False,8.713640348195938,RCV0997,True,0,,,MULE_LIKE,0,0,49015.28,0.0,0,0
TXN-SYN-CB9A0C8E,CUST0188,2026-09-02 18:31:15,545.26,SEND_MONEY,1261,False,1260,False,6.18772077041005,RCV0414,False,0,,,NORMAL,0,0,545.26,0.0,0,0
TXN-SYN-C771E5F6,CUST0329,2026-09-02 18:33:53,215.78,CASH_IN,585,False,505,False,8.205430781099762,RCV0634,False,0,,AG008,NORMAL,0,0,215.78,0.0,0,0
TXN-SYN-03774D3B,CUST0398,2026-09-02 18:38:20,16472.1,CASH_OUT,900,False,819,False,8.304823250861944,RCV0433,False,0,,AG029,NORMAL,0,0,16472.1,0.0,0,0
TXN-SYN-486CFDC0,CUST0119,2026-09-02 18:38:43,29339.28,SEND_MONEY,551,False,535,False,8.937840392969635,RCV0743,False,0,,,NORMAL,0,0,29339.28,0.0,0,0
TXN-SYN-63ED1228,CUST0076,2026-09-02 18:41:55,1697.36,MERCHANT_PAYMENT,1407,False,1374,False,9.787479146154874,RCV0489,False,0,M018,,NORMAL,0,0,1697.36,0.0,0,0
TXN-SYN-8A419A0B,CUST0443,2026-09-02 18:43:02,10987.1,CASH_IN,1011,False,936,False,3.9947927710032562,RCV1104,False,0,,AG023,NORMAL,0,0,10987.1,0.0,0,0
TXN-SYN-C1196744,CUST0231,2026-09-02 18:50:23,1335.16,SEND_MONEY,1475,False,1468,False,4.491796530107097,RCV0442,False,0,,,NORMAL,0,0,8793.51,-7458.35,0,0
TXN-SYN-B6C2FD2A,CUST0221,2026-09-02 19:02:56,597.5,CASH_OUT,1193,False,1108,False,8.554675291161054,RCV0736,False,0,,AG006,NORMAL,0,0,597.5,0.0,0,0
TXN-SYN-0BC13D32,CUST0466,2026-09-02 19:03:19,1382.45,SEND_MONEY,671,False,593,False,9.320281055100175,RCV0413,False,0,,,NORMAL,0,0,1382.45,0.0,0,0
TXN-SYN-A84B1972,CUST0418,2026-09-02 19:06:44,166.36,MOBILE_RECHARGE,233,False,221,False,7.627648111211612,RCV0881,False,0,,,NORMAL,0,0,177.79,-11.43,0,0
TXN-SYN-322D185D,CUST0321,2026-09-02 19:12:20,1014.4,SEND_MONEY,1293,False,1262,False,8.841379632883147,RCV1031,False,0,,,NORMAL,0,1,16367.74,-15353.34,0,0
TXN-SYN-0D933976,CUST0259,2026-09-02 19:13:57,2416.98,CASH_IN,605,False,565,False,2.5275177246120495,RCV0377,False,0,,AG001,NORMAL,0,0,2416.98,0.0,0,0
TXN-SYN-6AA65E7C,CUST0310,2026-09-02 19:17:13,15328.49,SEND_MONEY,153,False,78,False,7.779455373790012,RCV0923,True,0,,,SCAM_LIKE,0,1,42142.52,-26814.03,0,1
TXN-SYN-791CCA30,CUST0133,2026-09-02 19:18:52,570.53,SEND_MONEY,643,False,584,False,8.720536538308254,RCV1125,False,0,,,NORMAL,0,0,570.53,0.0,0,0
TXN-SYN-BC7E8D7A,CUST0423,2026-09-02 19:30:36,8687.17,SEND_MONEY,1492,False,1443,False,1.1676969071201293,RCV0386,False,0,,,NORMAL,0,0,8687.17,0.0,0,0
TXN-SYN-168BA98C,CUST0527,2026-09-02 19:32:43,28143.97,MERCHANT_PAYMENT,886,False,842,False,4.1296659276464,RCV0780,False,0,M041,,NORMAL,0,0,28143.97,0.0,0,0
TXN-SYN-D320C7CB,CUST0224,2026-09-02 19:47:28,2545.22,MERCHANT_PAYMENT,346,False,287,False,1.9197940276874248,RCV0846,False,0,M021,,NORMAL,0,1,1088.57,1456.65,0,1
TXN-SYN-237D873F,CUST0508,2026-09-02 19:48:46,31012.73,SEND_MONEY,329,False,269,False,9.468801963410236,RCV0959,True,0,M035,,MULE_LIKE,0,0,31012.73,0.0,0,0
TXN-SYN-FC4E6F20,CUST0499,2026-09-02 19:52:39,167.16,SEND_MONEY,420,False,333,False,2.9752275787373272,RCV0194,False,0,,,NORMAL,0,0,167.16,0.0,0,0
TXN-SYN-94AE0BF9,CUST0793,2026-09-02 19:58:16,655.86,MERCHANT_PAYMENT,946,False,937,False,3.6973781087268875,RCV0318,False,0,M022,,NORMAL,0,0,731.18,-75.32,0,0
TXN-SYN-226EE0BB,CUST0320,2026-09-02 20:13:33,34036.48,SEND_MONEY,1463,False,1440,False,3.6275360039915205,RCV0922,True,0,,AG004,MULE_LIKE,0,1,3657.13,30379.35,0,0
TXN-SYN-270683BB,CUST0069,2026-09-02 20:23:10,8872.43,MERCHANT_PAYMENT,165,False,109,False,7.712366666178498,RCV0446,False,0,M043,,NORMAL,0,0,8872.43,0.0,0,0
TXN-SYN-EDA8DCF2,CUST0480,2026-09-02 20:24:06,2255.74,MERCHANT_PAYMENT,502,False,429,False,5.743274756721628,RCV1029,False,0,M026,,NORMAL,0,0,2255.74,0.0,0,0
TXN-SYN-96747C84,CUST0579,2026-09-02 20:27:57,1017.29,CASH_OUT,834,False,796,False,0.8118778705043117,RCV0191,False,0,,AG008,NORMAL,0,0,1017.29,0.0,0,0
TXN-SYN-E0F81856,CUST0429,2026-09-02 20:37:50,49821.53,SEND_MONEY,1093,False,1065,False,0.6845756989163987,RCV1045,True,0,,,MULE_LIKE,0,0,49821.53,0.0,0,0
TXN-SYN-D41F7840,CUST0658,2026-09-02 20:42:41,1747.22,CASH_OUT,135,False,115,False,2.474668138165476,RCV0743,False,0,,AG008,NORMAL,0,1,1030.42,716.8,0,0
TXN-SYN-E5796AE1,CUST0169,2026-09-02 20:45:15,608.94,BILL_PAY,1232,False,1176,False,1.923922635931793,RCV0245,False,2,,,NORMAL,0,0,608.94,0.0,0,0
TXN-SYN-85F82A8B,CUST0129,2026-09-02 20:45:38,1542.22,BILL_PAY,625,False,568,False,3.5705576464805433,RCV0430,False,0,,,NORMAL,0,1,1601.41,-59.19,0,0
TXN-SYN-8E37A7BF,CUST0021,2026-09-02 20:48:20,16910.58,CASH_OUT,1253,False,1208,False,8.266361526943063,RCV0049,False,0,,AG025,NORMAL,0,0,16910.58,0.0,0,0
TXN-SYN-AC4083E2,CUST0006,2026-09-02 21:04:45,319.68,CASH_IN,423,False,371,False,2.3597111116527336,RCV0533,False,0,,AG007,NORMAL,0,2,698.46,-378.78,0,0
TXN-SYN-9014C6F0,CUST0266,2026-09-02 21:14:01,780.73,MERCHANT_PAYMENT,731,False,709,False,7.625815268701597,RCV1184,False,0,M029,,NORMAL,0,0,780.73,0.0,0,0
TXN-SYN-D3BA098B,CUST0294,2026-09-02 21:16:01,321.16,SEND_MONEY,440,False,375,False,9.80257961487121,RCV0807,False,0,,,NORMAL,0,0,321.16,0.0,0,0
TXN-SYN-CA86C069,CUST0101,2026-09-02 21:28:25,100000.0,SEND_MONEY,427,False,380,False,8.471673613725741,RCV0866,False,0,,,NORMAL,0,0,100000.0,0.0,0,0
TXN-SYN-11FC9138,CUST0121,2026-09-02 21:33:55,390.3,MOBILE_RECHARGE,1379,False,1331,False,3.732411563792338,RCV0618,False,0,,,NORMAL,0,0,390.3,0.0,0,0
TXN-SYN-B718BB97,CUST0605,2026-09-02 21:37:08,11460.94,SEND_MONEY,146,True,104,False,8.630927863269225,RCV0402,True,0,M002,,SCAM_LIKE,0,0,11460.94,0.0,0,0
TXN-SYN-404CB46A,CUST0574,2026-09-02 21:37:54,506.67,SEND_MONEY,1428,False,1379,False,2.086689686387051,RCV0267,False,0,,,NORMAL,0,0,506.67,0.0,0,0
TXN-SYN-83EAB7BF,CUST0470,2026-09-02 21:39:28,153.85,SEND_MONEY,622,False,564,False,6.789944802453385,RCV0604,False,0,,,NORMAL,0,0,153.85,0.0,0,0
TXN-SYN-170D24AE,CUST0654,2026-09-02 21:40:06,436.07,MERCHANT_PAYMENT,690,False,652,False,8.479537823472516,RCV0554,False,0,M030,,NORMAL,0,1,5334.8,-4898.73,0,0
TXN-SYN-0FB52C12,CUST0343,2026-09-02 22:47:56,17502.61,CASH_OUT,1480,False,1419,True,55.37249104902494,RCV0795,False,0,,AG006,CASH_OUT_RISK,0,1,415.7,17086.91,0,0
TXN-SYN-25CF5315,CUST0583,2026-09-02 22:55:46,39853.85,CASH_OUT,1189,False,1150,True,31.615721030772825,RCV0909,False,0,M015,AG005,CASH_OUT_RISK,0,0,39853.85,0.0,0,0
TXN-SYN-F5B96283,CUST0124,2026-09-03 00:55:25,14606.013958015308,CASH_IN,27,True,2,True,239.02198439508135,RCV0222,False,3,,AG022,ACCOUNT_TAKEOVER_LIKE,0,1,11788.44,2817.58,0,1
TXN-SYN-11A81E06,CUST0381,2026-09-03 01:02:24,2774.442289003463,SEND_MONEY,84,True,2,True,435.7021740428152,RCV1050,False,4,,,ACCOUNT_TAKEOVER_LIKE,0,0,183.2,2591.24,0,0
TXN-SYN-6B1181AA,CUST0271,2026-09-03 01:14:23,481.61634327901936,MERCHANT_PAYMENT,89,True,2,True,166.65806092562156,RCV0725,False,3,M006,,ACCOUNT_TAKEOVER_LIKE,0,0,481.61634327901936,0.0,0,0
TXN-SYN-A00C3E69,CUST0661,2026-09-03 01:23:19,40450.92,CASH_OUT,192,False,139,True,89.46180043267044,RCV0548,False,0,,AG011,CASH_OUT_RISK,0,0,40450.92,0.0,0,0
TXN-SYN-E3CECA91,CUST0473,2026-09-03 01:29:41,476.0830904140209,SEND_MONEY,74,True,2,True,307.61120940877134,RCV0872,False,2,,,ACCOUNT_TAKEOVER_LIKE,0,0,476.0830904140209,0.0,0,0
TXN-SYN-BB96E6F9,CUST0775,2026-09-03 01:58:00,576.2450187514984,CASH_OUT,14,True,2,True,362.3319337291543,RCV0306,False,5,,AG015,ACCOUNT_TAKEOVER_LIKE,0,0,576.2450187514984,0.0,0,0
TXN-SYN-856B1824,CUST0563,2026-09-03 02:27:43,2654.6151714946063,MERCHANT_PAYMENT,65,True,2,True,174.97131463335438,RCV0365,False,4,M047,,ACCOUNT_TAKEOVER_LIKE,0,0,2654.6151714946063,0.0,0,0
TXN-SYN-E5B98338,CUST0101,2026-09-03 02:30:14,27911.76,CASH_OUT,559,False,494,True,38.474537600911646,RCV0332,False,0,,AG002,CASH_OUT_RISK,0,1,100000.0,-72088.24,0,0
TXN-SYN-FD3B5D81,CUST0277,2026-09-03 02:36:03,29875.08,CASH_OUT,1251,False,1185,True,86.17265187420986,RCV0416,False,0,,AG014,CASH_OUT_RISK,0,0,29875.08,0.0,0,0
TXN-SYN-9ACAA779,CUST0379,2026-09-03 02:57:52,32361.31,CASH_OUT,948,False,859,True,40.85556225887225,RCV0956,False,0,,AG029,CASH_OUT_RISK,0,1,986.95,31374.36,0,1
TXN-SYN-8E529734,CUST0525,2026-09-03 03:01:16,9039.732764610151,MERCHANT_PAYMENT,70,True,1,True,460.73876367242065,RCV0820,False,5,M027,,ACCOUNT_TAKEOVER_LIKE,0,1,7667.33,1372.4,0,0
TXN-SYN-55F16B30,CUST0407,2026-09-03 03:12:23,34932.92,CASH_OUT,1493,False,1446,True,54.68980695213391,RCV0517,False,0,,AG003,CASH_OUT_RISK,0,0,34932.92,0.0,0,0
TXN-SYN-4153AF56,CUST0012,2026-09-03 03:23:40,589.6644130113077,CASH_IN,71,True,2,True,229.22624709007448,RCV0870,False,4,,AG004,ACCOUNT_TAKEOVER_LIKE,0,0,589.6644130113077,0.0,0,0
TXN-SYN-08B47E88,CUST0083,2026-09-03 03:26:16,3546.407475337726,SEND_MONEY,12,True,0,True,121.26253292625636,RCV0091,False,2,,,ACCOUNT_TAKEOVER_LIKE,0,0,3546.407475337726,0.0,0,0
TXN-SYN-DCE28B70,CUST0120,2026-09-03 04:01:46,3172.96419424624,MERCHANT_PAYMENT,71,True,1,True,410.21589381327584,RCV0329,False,2,M032,,ACCOUNT_TAKEOVER_LIKE,0,0,3172.96419424624,0.0,0,0
TXN-SYN-2240871E,CUST0167,2026-09-03 04:09:00,3848.4864511867695,SEND_MONEY,28,True,1,True,271.0123410631221,RCV0621,False,2,,,ACCOUNT_TAKEOVER_LIKE,0,0,3848.4864511867695,0.0,0,0
TXN-SYN-302647E0,CUST0647,2026-09-03 04:26:34,1218.523569912462,MERCHANT_PAYMENT,53,True,2,True,189.94204477204798,RCV1086,False,4,M047,,ACCOUNT_TAKEOVER_LIKE,0,0,1218.523569912462,0.0,0,0
TXN-SYN-E8781CF1,CUST0012,2026-09-03 04:37:12,515.1130270501423,CASH_IN,64,True,2,True,349.05823644013066,RCV0760,False,5,,AG018,ACCOUNT_TAKEOVER_LIKE,0,1,589.66,-74.55,0,0
TXN-SYN-D13A8F28,CUST0794,2026-09-03 08:04:37,718.14,MERCHANT_PAYMENT,504,False,450,False,8.647223762550531,RCV0688,False,0,M030,,NORMAL,0,0,718.14,0.0,0,0
TXN-SYN-F1E3717B,CUST0463,2026-09-03 08:05:17,7610.23,SEND_MONEY,894,False,807,False,6.209242970766625,RCV1196,False,1,,,NORMAL,0,0,7610.23,0.0,0,0
TXN-SYN-C8A9DC8B,CUST0373,2026-09-03 08:06:16,1653.86,MERCHANT_PAYMENT,591,False,537,False,1.0022825664288426,RCV0517,False,0,M030,,NORMAL,0,0,1653.86,0.0,0,0
TXN-SYN-F300160C,CUST0469,2026-09-03 08:11:25,6341.17,MOBILE_RECHARGE,849,False,769,False,4.891287973115145,RCV0426,False,0,,,NORMAL,0,0,6341.17,0.0,0,0
TXN-SYN-288C4380,CUST0580,2026-09-03 08:14:06,1011.7,SEND_MONEY,446,False,389,False,8.529881280515387,RCV0273,False,0,,,NORMAL,0,0,1011.7,0.0,0,0
TXN-SYN-BBA0F974,CUST0474,2026-09-03 08:14:38,17683.67,CASH_OUT,890,False,886,False,6.125941746653738,RCV0895,False,0,,AG000,NORMAL,0,0,5000.06,12683.61,0,0
TXN-SYN-76BA0FC1,CUST0160,2026-09-03 08:20:50,577.83,MOBILE_RECHARGE,474,False,469,False,8.703290345540942,RCV0490,False,0,,,NORMAL,0,0,577.83,0.0,0,0
TXN-SYN-EBFE5BEF,CUST0790,2026-09-03 08:34:12,161.72,CASH_OUT,1306,False,1230,False,9.887534171952607,RCV0778,False,0,,AG012,NORMAL,0,0,161.72,0.0,0,0
TXN-SYN-2221C5CA,CUST0574,2026-09-03 08:43:28,13351.09,SEND_MONEY,1288,False,1217,False,1.1631634645263944,RCV0998,True,0,,,MULE_LIKE,0,1,506.67,12844.42,0,0
TXN-SYN-1465E17C,CUST0246,2026-09-03 08:43:46,1880.93,CASH_OUT,955,False,894,False,4.021311550288765,RCV0433,False,0,,AG022,NORMAL,0,0,1880.93,0.0,0,0
TXN-SYN-FD26A975,CUST0684,2026-09-03 08:52:14,885.22,SEND_MONEY,611,False,564,False,3.7176112122282925,RCV0857,False,0,,,NORMAL,0,0,813.2,72.02,0,0
TXN-SYN-1F87B73B,CUST0752,2026-09-03 08:52:26,85.03,SEND_MONEY,1140,False,1123,False,9.92442289374779,RCV0979,False,0,,,NORMAL,0,0,85.03,0.0,0,0
TXN-SYN-2A8A56F3,CUST0312,2026-09-03 09:07:59,720.68,SEND_MONEY,1114,False,1032,False,6.279933826040981,RCV0839,False,0,,,NORMAL,0,0,720.68,0.0,0,0
TXN-SYN-93FAF921,CUST0263,2026-09-03 09:14:55,11131.64,SEND_MONEY,881,False,809,False,3.5126720491901144,RCV0238,False,0,,,NORMAL,0,0,11131.64,0.0,0,0
TXN-SYN-B5E02EF7,CUST0501,2026-09-03 09:17:18,1490.36,SEND_MONEY,719,False,651,False,2.939613764102983,RCV0989,False,0,,,NORMAL,0,0,1734.14,-243.78,0,0
TXN-SYN-78B3FBF1,CUST0655,2026-09-03 09:19:33,1140.56,MERCHANT_PAYMENT,721,False,638,False,7.667116744207175,RCV0699,False,0,M000,,NORMAL,0,0,1140.56,0.0,0,0
TXN-SYN-974DAFEB,CUST0190,2026-09-03 09:21:22,34600.29,SEND_MONEY,669,False,603,False,5.700611700893649,RCV0252,True,0,,,MULE_LIKE,0,0,34600.29,0.0,0,0
TXN-SYN-FE94B106,CUST0471,2026-09-03 09:31:20,1756.19,CASH_OUT,400,False,351,False,8.05278785328412,RCV0233,False,0,,AG027,NORMAL,0,0,1756.19,0.0,0,0
TXN-SYN-B34AFB51,CUST0330,2026-09-03 09:31:41,6992.43,SEND_MONEY,1216,False,1176,False,1.5174589379284675,RCV1143,False,0,,,NORMAL,0,0,6992.43,0.0,0,0
TXN-SYN-136C9AAA,CUST0393,2026-09-03 09:35:00,18350.58,SEND_MONEY,1163,True,1152,False,7.511916364513858,RCV0964,True,0,,,SCAM_LIKE,0,0,18350.58,0.0,0,0
TXN-SYN-3C252479,CUST0696,2026-09-03 09:47:38,854.63,SEND_MONEY,1067,False,995,False,2.102068270523454,RCV0097,False,0,,,NORMAL,0,0,854.63,0.0,0,0
TXN-SYN-3A8D0F05,CUST0114,2026-09-03 09:50:08,22060.12,SEND_MONEY,949,False,905,False,4.15078129007799,RCV0050,False,0,,,NORMAL,0,1,50.0,22010.12,0,0
TXN-SYN-D6760159,CUST0517,2026-09-03 09:52:15,38442.55,SEND_MONEY,1256,False,1226,False,5.710528148843778,RCV0189,True,0,,,MULE_LIKE,0,1,567.7,37874.85,0,0
TXN-SYN-5DC74285,CUST0495,2026-09-03 10:08:26,22658.26,SEND_MONEY,776,True,757,False,9.754372920658556,RCV0622,True,0,,AG016,SCAM_LIKE,0,0,22658.26,0.0,0,0
TXN-SYN-B15F8CE7,CUST0363,2026-09-03 10:20:42,158.6,MERCHANT_PAYMENT,467,False,403,False,0.1857071876509886,RCV0134,False,0,M047,,NORMAL,0,0,443.92,-285.32,0,0
TXN-SYN-DCE541E3,CUST0389,2026-09-03 10:21:50,22661.99,SEND_MONEY,1212,False,1193,False,6.771524124576737,RCV0999,True,0,,,MULE_LIKE,0,0,22661.99,0.0,0,0
TXN-SYN-0F13A930,CUST0040,2026-09-03 10:35:12,1859.92,SEND_MONEY,999,False,976,False,9.156658816312536,RCV1198,False,0,,,NORMAL,0,0,1859.92,0.0,0,0
TXN-SYN-A10C5445,CUST0310,2026-09-03 10:37:05,277.53,MOBILE_RECHARGE,157,False,118,False,0.9212341482876796,RCV0637,False,0,,,NORMAL,0,1,33204.51,-32926.98,0,0
TXN-SYN-32FBFFEC,CUST0050,2026-09-03 10:37:23,483.0,CASH_OUT,450,False,442,False,0.614875009682192,RCV0664,False,0,,AG020,NORMAL,0,0,483.0,0.0,0,0
TXN-SYN-CAE73414,CUST0664,2026-09-03 10:42:54,5920.31,MOBILE_RECHARGE,200,False,130,False,5.458064856189166,RCV0855,False,0,,,NORMAL,0,0,5920.31,0.0,0,0
TXN-SYN-3100702B,CUST0369,2026-09-03 10:47:41,33657.21,SEND_MONEY,1251,False,1220,False,9.692554637196809,RCV0999,True,0,,,MULE_LIKE,0,0,33657.21,0.0,0,0
TXN-SYN-EE444D11,CUST0337,2026-09-03 10:53:35,871.81,SEND_MONEY,1321,False,1311,False,1.101319383354492,RCV0189,False,0,,,NORMAL,0,0,871.81,0.0,0,0
TXN-SYN-DCC74D53,CUST0441,2026-09-03 10:53:46,683.52,SEND_MONEY,855,False,781,False,5.905761036169427,RCV0515,False,0,,,NORMAL,0,1,2192.36,-1508.84,0,0
TXN-SYN-6AC0AF0F,CUST0565,2026-09-03 10:54:01,2012.71,CASH_OUT,571,False,559,False,2.151125910601508,RCV0636,False,0,,AG009,NORMAL,0,0,2012.71,0.0,0,0
TXN-SYN-1E6B3F62,CUST0333,2026-09-03 10:59:29,1444.14,MOBILE_RECHARGE,1472,False,1401,False,8.279408871774919,RCV0375,False,0,,,NORMAL,0,0,2703.03,-1258.89,0,0
TXN-SYN-B383BD08,CUST0531,2026-09-03 11:01:43,365.81,SEND_MONEY,984,False,949,False,7.3825204357692344,RCV0714,False,0,,,NORMAL,0,1,7426.96,-7061.15,0,1
TXN-SYN-B12A85AA,CUST0042,2026-09-03 11:02:21,23139.72,MERCHANT_PAYMENT,715,False,651,False,3.531275276808824,RCV0652,False,0,M026,,NORMAL,0,0,23139.72,0.0,0,0
TXN-SYN-399E6D4C,CUST0166,2026-09-03 11:07:59,665.3,SEND_MONEY,686,False,670,False,7.681795658923013,RCV0021,False,0,,,NORMAL,0,1,6026.21,-5360.91,0,0
TXN-SYN-4E507E0A,CUST0326,2026-09-03 11:14:38,834.12,CASH_OUT,966,False,959,False,3.03961371703474,RCV1151,False,0,,AG012,NORMAL,0,1,49015.28,-48181.16,0,0
TXN-SYN-702A5E13,CUST0645,2026-09-03 11:14:55,10665.64,SEND_MONEY,1160,False,1158,False,9.998996843022912,RCV0243,False,0,,,NORMAL,0,1,6104.56,4561.08,0,0
TXN-SYN-2CB07B78,CUST0728,2026-09-03 11:14:56,12903.59,MERCHANT_PAYMENT,979,False,971,False,9.822021492219339,RCV0844,False,0,M044,,NORMAL,0,0,12903.59,0.0,0,0
TXN-SYN-A0254E74,CUST0021,2026-09-03 11:25:54,34280.86,SEND_MONEY,472,False,428,False,8.148081265893165,RCV1040,True,0,,,MULE_LIKE,0,1,16910.58,17370.28,0,1
TXN-SYN-7BC31420,CUST0198,2026-09-03 11:29:48,132.92,BILL_PAY,167,False,142,False,9.571348325397961,RCV1184,False,0,,,NORMAL,0,0,132.92,0.0,0,0
TXN-SYN-1911CC75,CUST0337,2026-09-03 11:31:36,2808.45,MOBILE_RECHARGE,741,False,736,False,7.0529521793964145,RCV0407,False,0,,,NORMAL,1,1,871.81,1936.64,0,0
TXN-SYN-AEDDB548,CUST0239,2026-09-03 11:42:18,14131.56,SEND_MONEY,489,False,403,False,5.6277007080153165,RCV0257,False,0,,,NORMAL,0,0,14131.56,0.0,0,0
TXN-SYN-38C0469F,CUST0763,2026-09-03 12:03:13,1580.93,CASH_OUT,1436,False,1426,False,0.8785701358134557,RCV1148,False,0,,AG012,NORMAL,0,0,1580.93,0.0,0,0
TXN-SYN-E0C1C394,CUST0031,2026-09-03 12:03:34,331.42,MOBILE_RECHARGE,611,False,530,False,7.595807500150725,RCV0326,False,0,,,NORMAL,0,0,331.42,0.0,0,0
TXN-SYN-921864C4,CUST0638,2026-09-03 12:05:32,1290.94,CASH_OUT,1224,False,1138,False,6.8765813910296725,RCV0338,False,0,,AG027,NORMAL,0,0,1290.94,0.0,0,0
TXN-SYN-8F9DC103,CUST0422,2026-09-03 12:06:22,196.59,SEND_MONEY,292,False,258,False,2.3086756580117274,RCV1058,False,0,,,NORMAL,0,0,196.59,0.0,0,0
TXN-SYN-3567CA21,CUST0197,2026-09-03 12:09:45,250.56,MERCHANT_PAYMENT,838,False,794,False,4.75218342372429,RCV0078,False,0,M036,,NORMAL,0,0,250.56,0.0,0,0
TXN-SYN-F7F01C53,CUST0461,2026-09-03 12:10:35,24855.74,SEND_MONEY,1114,False,1046,False,5.863840220928984,RCV0364,True,0,,AG021,SCAM_LIKE,0,0,24855.74,0.0,0,0
TXN-SYN-D36F234B,CUST0690,2026-09-03 12:11:09,16917.26,SEND_MONEY,1312,False,1242,False,1.2400299462414255,RCV0877,True,0,,,MULE_LIKE,0,0,16917.26,0.0,0,0
TXN-SYN-E1B61D0F,CUST0018,2026-09-03 12:20:39,50.0,CASH_IN,133,False,52,False,5.8601148365973055,RCV0164,False,0,,AG009,NORMAL,0,0,50.0,0.0,0,0
TXN-SYN-0FFCB84B,CUST0151,2026-09-03 12:21:24,50.0,CASH_IN,1082,False,1044,False,3.152903378306103,RCV0994,False,0,,AG028,NORMAL,0,0,50.0,0.0,0,0
TXN-SYN-B958A567,CUST0686,2026-09-03 12:24:32,7525.74,BILL_PAY,612,False,610,False,5.20456092139383,RCV1001,False,0,,,NORMAL,0,0,78113.73,-70587.99,0,0
TXN-SYN-CD2B2556,CUST0029,2026-09-03 12:25:17,11582.73,SEND_MONEY,267,True,199,False,7.915750963929912,RCV0920,True,0,,AG000,SCAM_LIKE,0,0,11582.73,0.0,0,0
TXN-SYN-B6621663,CUST0321,2026-09-03 12:27:59,2967.04,CASH_OUT,392,False,390,False,9.132059618141724,RCV0908,False,0,,AG027,NORMAL,0,2,8691.07,-5724.03,0,0
TXN-SYN-8133525E,CUST0266,2026-09-03 12:31:12,1344.8,SEND_MONEY,1246,False,1173,False,2.6983500044910045,RCV0808,False,0,,,NORMAL,0,1,780.73,564.07,0,0
TXN-SYN-8FFAF80A,CUST0154,2026-09-03 12:34:56,416.11,SEND_MONEY,691,False,669,False,1.5697839513065615,RCV0626,False,0,,,NORMAL,0,0,1163.82,-747.71,0,0
TXN-SYN-4025C3F9,CUST0575,2026-09-03 12:37:56,254.95,CASH_OUT,1182,False,1107,False,5.890571502453858,RCV0416,False,0,,AG003,NORMAL,0,0,254.95,0.0,0,0
TXN-SYN-263A69F8,CUST0565,2026-09-03 13:02:12,1049.51,CASH_IN,894,False,810,False,6.795884843946169,RCV0871,False,0,,AG009,NORMAL,0,1,2012.71,-963.2,0,1
TXN-SYN-905ADBFA,CUST0451,2026-09-03 13:03:30,3592.29,SEND_MONEY,853,False,805,False,1.1115087978331184,RCV0959,False,0,,,NORMAL,0,0,3592.29,0.0,0,0
TXN-SYN-62E27D01,CUST0774,2026-09-03 13:06:44,23228.11,MOBILE_RECHARGE,793,False,780,False,7.644852708609559,RCV0663,False,0,,,NORMAL,0,0,23228.11,0.0,0,0
TXN-SYN-356D8C30,CUST0332,2026-09-03 13:07:49,1506.76,MERCHANT_PAYMENT,138,False,84,False,2.7672492660061265,RCV0152,False,0,M001,,NORMAL,0,0,1506.76,0.0,0,0
TXN-SYN-468B8212,CUST0172,2026-09-03 13:20:50,365.33,SEND_MONEY,832,False,794,False,7.073382523289572,RCV0288,False,0,,,NORMAL,0,0,365.33,0.0,0,0
TXN-SYN-3EA8DA9F,CUST0179,2026-09-03 13:42:35,258.48,CASH_IN,1404,False,1378,False,3.6495718766822516,RCV0292,False,0,,AG011,NORMAL,0,0,5490.43,-5231.95,0,0
TXN-SYN-98E5ED8B,CUST0542,2026-09-03 13:45:07,2076.73,CASH_OUT,504,False,486,False,8.342870219262126,RCV1185,False,0,,AG023,NORMAL,0,1,8524.34,-6447.61,0,0
TXN-SYN-2F12ABDE,CUST0307,2026-09-03 13:51:59,17958.52,SEND_MONEY,948,False,877,False,7.598743285458197,RCV0232,True,0,,,SCAM_LIKE,0,0,306.22,17652.3,0,0
TXN-SYN-2F5C5FB6,CUST0428,2026-09-03 13:59:40,6103.8,CASH_IN,189,False,157,False,2.7404289192659625,RCV1061,False,0,,AG006,NORMAL,0,0,6103.8,0.0,0,0
TXN-SYN-0AB14AE1,CUST0729,2026-09-03 14:00:17,769.08,MOBILE_RECHARGE,1373,False,1362,False,3.8540311851801956,RCV0366,False,0,,,NORMAL,0,0,769.08,0.0,0,0
TXN-SYN-467F4286,CUST0266,2026-09-03 14:02:30,1180.82,MERCHANT_PAYMENT,1361,False,1328,False,0.5282668636472199,RCV0421,False,0,M016,,NORMAL,0,2,1062.76,118.06,0,0
TXN-SYN-982BE2DD,CUST0042,2026-09-03 14:04:02,265.41,CASH_OUT,1238,False,1163,False,5.047394753803517,RCV0519,False,0,,AG002,NORMAL,0,1,23139.72,-22874.31,0,0
TXN-SYN-AA1CC5EC,CUST0482,2026-09-03 14:09:01,27568.54,SEND_MONEY,883,False,831,False,0.5461367382430005,RCV0811,True,0,,,MULE_LIKE,0,0,16525.07,11043.47,0,0
TXN-SYN-5F14A2BB,CUST0260,2026-09-03 14:10:42,14984.86,SEND_MONEY,839,False,805,False,5.555250680627196,RCV1100,True,0,,,SCAM_LIKE,0,0,14984.86,0.0,0,0
TXN-SYN-E18656A1,CUST0651,2026-09-03 14:23:23,13160.2,SEND_MONEY,658,False,593,False,7.974489200763102,RCV1017,True,0,,,SCAM_LIKE,0,0,13160.2,0.0,0,0
TXN-SYN-95A228EF,CUST0141,2026-09-03 14:53:58,22342.31,SEND_MONEY,401,False,346,False,6.826448822931313,RCV1096,False,0,,,NORMAL,0,0,22342.31,0.0,0,0
TXN-SYN-0AFA50D6,CUST0327,2026-09-03 14:57:44,843.9,CASH_IN,744,False,690,False,4.0984767311835,RCV0554,False,0,,AG001,NORMAL,0,0,1933.16,-1089.26,0,0
TXN-SYN-4EB9CAD4,CUST0221,2026-09-03 15:07:20,1406.52,CASH_OUT,1350,False,1279,False,8.747619949726861,RCV0452,False,0,,AG024,NORMAL,0,1,597.5,809.02,0,1
TXN-SYN-8483B5D2,CUST0005,2026-09-03 15:10:02,536.2,CASH_OUT,1394,False,1332,False,6.8866868059576944,RCV0904,False,0,,AG000,NORMAL,0,0,536.2,0.0,0,0
TXN-SYN-B1885790,CUST0229,2026-09-03 15:25:25,3460.84,CASH_IN,519,False,500,False,6.273244695231713,RCV1161,False,0,,AG016,NORMAL,0,0,3460.84,0.0,0,0
TXN-SYN-C0B4171B,CUST0670,2026-09-03 15:30:50,1475.49,SEND_MONEY,813,False,787,False,3.7757734831645893,RCV0095,False,0,,,NORMAL,0,0,6288.3,-4812.81,0,0
TXN-SYN-877BDA6B,CUST0761,2026-09-03 15:44:25,494.94,MOBILE_RECHARGE,995,False,931,False,0.0790453419546211,RCV0954,False,0,,,NORMAL,0,0,494.94,0.0,0,0
TXN-SYN-2BDD46B0,CUST0173,2026-09-03 15:45:02,245.34,SEND_MONEY,1218,False,1161,False,9.495014162300961,RCV0911,False,0,,,NORMAL,0,0,245.34,0.0,0,0
TXN-SYN-918CA191,CUST0259,2026-09-03 15:56:17,16317.01,SEND_MONEY,1019,False,937,False,2.954679246267593,RCV0070,True,0,,AG010,SCAM_LIKE,0,1,2416.98,13900.03,0,0
TXN-SYN-B7C27500,CUST0350,2026-09-03 15:57:21,944.16,SEND_MONEY,448,False,362,False,6.173534816308149,RCV0817,False,0,,,NORMAL,0,0,944.16,0.0,0,0
TXN-SYN-A16179A0,CUST0360,2026-09-03 16:09:22,4864.17,BILL_PAY,1294,False,1219,False,1.8281370887613912,RCV0501,False,0,,,NORMAL,0,0,16532.39,-11668.22,0,0
TXN-SYN-017E6753,CUST0348,2026-09-03 16:11:23,2442.45,SEND_MONEY,339,False,255,False,5.323539761386061,RCV0953,False,1,,,NORMAL,0,0,453.49,1988.96,0,0
TXN-SYN-B783439E,CUST0063,2026-09-03 16:23:22,249.54,SEND_MONEY,772,False,757,False,4.469376532558423,RCV0118,False,0,,,NORMAL,0,0,249.54,0.0,0,0
TXN-SYN-2EB06C57,CUST0372,2026-09-03 16:26:29,1669.18,BILL_PAY,503,False,459,False,3.9604136796612965,RCV0514,False,0,,,NORMAL,0,1,903.69,765.49,0,0
TXN-SYN-95A6516A,CUST0698,2026-09-03 16:32:23,253.16,SEND_MONEY,169,False,95,False,4.994867734907227,RCV0836,False,0,,,NORMAL,0,0,2626.13,-2372.97,0,0
TXN-SYN-161C7957,CUST0030,2026-09-03 16:41:09,3482.67,MERCHANT_PAYMENT,1026,False,952,False,9.107997807541114,RCV0214,False,0,M008,,NORMAL,0,0,3482.67,0.0,0,0
TXN-SYN-AF9563A4,CUST0207,2026-09-03 16:58:08,5999.53,BILL_PAY,1495,False,1486,False,5.970332343824834,RCV0003,False,0,,,NORMAL,0,0,805.29,5194.24,0,0
TXN-SYN-3CE3CE6F,CUST0198,2026-09-03 17:00:16,4150.87,SEND_MONEY,550,False,483,False,9.852699881009016,RCV0331,False,0,,,NORMAL,0,1,132.92,4017.95,0,0
TXN-SYN-757F4820,CUST0594,2026-09-03 17:02:43,19135.77,SEND_MONEY,1290,False,1203,False,3.472123495897094,RCV0475,True,0,,,MULE_LIKE,0,1,7035.65,12100.12,0,0
TXN-SYN-1F610DBB,CUST0296,2026-09-03 17:03:03,59.89,CASH_OUT,940,False,924,False,3.1953447433303497,RCV0515,False,0,,AG002,NORMAL,0,0,59.89,0.0,0,0
TXN-SYN-21552423,CUST0362,2026-09-03 17:06:32,92991.39,MERCHANT_PAYMENT,217,False,132,False,9.65299977124796,RCV0442,False,0,M027,,NORMAL,0,0,92991.39,0.0,0,0
TXN-SYN-D548FA63,CUST0039,2026-09-03 17:11:17,471.13,SEND_MONEY,1218,False,1175,False,5.790157290087676,RCV1079,False,0,,,NORMAL,0,0,471.13,0.0,0,0
TXN-SYN-7E7B5E8C,CUST0742,2026-09-03 17:23:06,917.43,CASH_IN,236,False,190,False,1.8207360349884438,RCV0959,False,0,,AG024,NORMAL,0,0,917.43,0.0,0,0
TXN-SYN-8F506F4D,CUST0080,2026-09-03 17:29:49,1927.33,MERCHANT_PAYMENT,286,False,218,False,5.366170693642597,RCV1080,False,0,M034,,NORMAL,0,0,1927.33,0.0,0,0
TXN-SYN-4B611954,CUST0504,2026-09-03 17:38:55,29804.09,SEND_MONEY,1105,False,1066,False,1.964614875244386,RCV0999,True,0,,,MULE_LIKE,0,0,29804.09,0.0,0,0
TXN-SYN-BB62DCC6,CUST0363,2026-09-03 17:51:23,26152.44,SEND_MONEY,975,False,946,False,8.657272371067936,RCV0059,True,0,,,MULE_LIKE,0,1,301.26,25851.18,0,0
TXN-SYN-6AFE0D15,CUST0010,2026-09-03 17:57:23,4368.94,BILL_PAY,1028,False,1007,False,7.043575176200818,RCV0908,False,0,,,NORMAL,0,0,4368.94,0.0,0,0
TXN-SYN-C45F013A,CUST0399,2026-09-03 18:01:55,681.88,CASH_OUT,776,False,761,False,2.3001833971499175,RCV0415,False,0,,AG017,NORMAL,0,0,681.88,0.0,0,0
TXN-SYN-3EA252BF,CUST0716,2026-09-03 18:04:55,22554.26,SEND_MONEY,566,False,480,False,7.1645298155879,RCV0471,True,0,,,SCAM_LIKE,0,0,22554.26,0.0,0,0
TXN-SYN-4770D039,CUST0666,2026-09-03 18:05:38,1010.0,SEND_MONEY,362,False,339,False,9.67961520882955,RCV1158,False,0,,,NORMAL,0,0,1010.0,0.0,0,0
TXN-SYN-7EC0BA78,CUST0665,2026-09-03 18:08:52,614.34,SEND_MONEY,1245,False,1203,False,9.148578059207596,RCV0986,False,0,,,NORMAL,0,0,614.34,0.0,0,0
TXN-SYN-8940CDE9,CUST0310,2026-09-03 18:17:08,1645.93,CASH_IN,823,False,761,False,9.113515025488518,RCV0641,False,0,,AG028,NORMAL,0,2,24972.77,-23326.84,0,0
TXN-SYN-C72CAC2F,CUST0359,2026-09-03 18:17:27,5817.37,SEND_MONEY,192,True,161,False,1.7231987120162984,RCV0899,True,0,,,SCAM_LIKE,0,0,5817.37,0.0,0,0
TXN-SYN-C83405AB,CUST0398,2026-09-03 18:23:40,247.16,SEND_MONEY,1345,False,1292,False,3.0198022695393636,RCV0815,False,0,,,NORMAL,0,1,16472.1,-16224.94,0,1
TXN-SYN-319DB609,CUST0773,2026-09-03 18:25:41,199.77,BILL_PAY,1029,False,967,False,8.95669212637893,RCV1114,False,0,,,NORMAL,0,0,128.3,71.47,0,0
TXN-SYN-02F226B6,CUST0605,2026-09-03 18:28:59,42309.63,BILL_PAY,269,False,232,False,9.85181258397041,RCV0723,False,0,,,NORMAL,0,1,11460.94,30848.69,0,0
TXN-SYN-BF844EC6,CUST0718,2026-09-03 18:29:13,940.97,CASH_OUT,524,False,452,False,9.554212485986197,RCV0106,False,0,,AG019,NORMAL,0,0,940.97,0.0,0,0
TXN-SYN-C1F8836E,CUST0698,2026-09-03 18:31:01,6532.29,SEND_MONEY,1060,False,1025,False,6.902626091854012,RCV0363,False,0,,,NORMAL,0,1,1439.65,5092.64,0,0
TXN-SYN-092FE91E,CUST0198,2026-09-03 18:40:39,44768.7,SEND_MONEY,1304,False,1253,False,9.240646770330663,RCV0999,True,0,,,MULE_LIKE,0,2,2141.9,42626.8,0,0
TXN-SYN-40E980A8,CUST0064,2026-09-03 18:45:27,945.05,CASH_IN,1319,False,1282,False,6.643972080126179,RCV0316,False,0,,AG003,NORMAL,0,0,2791.77,-1846.72,0,0
TXN-SYN-AAFFB703,CUST0410,2026-09-03 18:48:25,2170.53,SEND_MONEY,354,False,285,False,3.86107059143915,RCV0644,False,0,,,NORMAL,0,0,2398.14,-227.61,0,0
TXN-SYN-84C7B897,CUST0455,2026-09-03 18:51:23,87.35,MERCHANT_PAYMENT,1232,False,1181,False,9.262461976126728,RCV0275,False,0,M006,,NORMAL,0,0,87.35,0.0,0,0
TXN-SYN-0F086EEC,CUST0500,2026-09-03 18:53:25,757.61,MOBILE_RECHARGE,1250,False,1167,False,3.26602880261977,RCV0240,False,0,,,NORMAL,0,0,757.61,0.0,0,0
TXN-SYN-D0D00036,CUST0443,2026-09-03 18:53:28,13613.26,MOBILE_RECHARGE,896,False,892,False,8.522479719830129,RCV1059,False,0,,,NORMAL,0,0,10987.1,2626.16,0,0
TXN-SYN-95B24082,CUST0566,2026-09-03 18:58:21,11932.79,SEND_MONEY,1097,False,1014,False,7.299983109899704,RCV0928,True,0,,,SCAM_LIKE,0,0,11932.79,0.0,0,0
TXN-SYN-24B0232E,CUST0749,2026-09-03 18:59:34,2918.98,MERCHANT_PAYMENT,1000,False,941,False,9.443162424204415,RCV0608,False,0,M045,,NORMAL,0,0,370.07,2548.91,0,0
TXN-SYN-8CC667C2,CUST0325,2026-09-03 19:03:50,1517.68,SEND_MONEY,1327,False,1244,False,7.006114963944516,RCV0007,False,0,,,NORMAL,0,0,1517.68,0.0,0,0
TXN-SYN-6F5A34B3,CUST0473,2026-09-03 19:12:55,32759.33,SEND_MONEY,183,False,145,False,0.5257439781100315,RCV0533,True,0,,,MULE_LIKE,0,1,476.08,32283.25,0,0
TXN-SYN-760D2A7D,CUST0634,2026-09-03 19:16:05,535.21,CASH_OUT,1083,False,1005,False,2.9297972050443266,RCV0344,False,0,,AG018,NORMAL,0,0,535.21,0.0,0,0
TXN-SYN-450343ED,CUST0086,2026-09-03 19:21:10,2995.04,MOBILE_RECHARGE,801,False,747,False,7.021567651969038,RCV0436,False,0,,,NORMAL,0,0,2995.04,0.0,0,0
TXN-SYN-A5B79EE6,CUST0183,2026-09-03 19:26:49,1369.33,BILL_PAY,615,False,539,False,1.658298374293331,RCV1016,False,0,,,NORMAL,0,0,1369.33,0.0,0,0
TXN-SYN-9B8D17DE,CUST0610,2026-09-03 19:38:42,3004.5,BILL_PAY,356,False,282,False,5.09163003739503,RCV0145,False,0,,,NORMAL,0,0,3004.5,0.0,0,0
TXN-SYN-8B5619F7,CUST0291,2026-09-03 19:39:49,46998.68,SEND_MONEY,1460,False,1388,False,7.477489552358742,RCV0276,True,0,,,MULE_LIKE,0,0,20103.58,26895.1,0,0
TXN-SYN-65CD5175,CUST0134,2026-09-03 19:41:23,23522.91,SEND_MONEY,1140,False,1069,False,5.687691025228773,RCV0524,True,0,,AG001,SCAM_LIKE,0,0,23522.91,0.0,0,0
TXN-SYN-C428F82F,CUST0504,2026-09-03 19:43:20,3522.69,CASH_OUT,1113,False,1042,False,4.732131868843988,RCV0589,False,0,,AG009,NORMAL,0,1,29804.09,-26281.4,0,0
TXN-SYN-564269D6,CUST0408,2026-09-03 19:44:46,4080.94,MERCHANT_PAYMENT,970,False,946,False,0.5127453988407116,RCV1110,False,0,M018,,NORMAL,0,0,4080.94,0.0,0,0
TXN-SYN-8AB3AC4E,CUST0408,2026-09-03 19:45:35,1053.55,BILL_PAY,1326,False,1304,False,7.2989761681666865,RCV0250,False,0,,,NORMAL,1,1,4080.94,-3027.39,0,0
TXN-SYN-4E21A33D,CUST0047,2026-09-03 19:54:12,393.68,SEND_MONEY,1403,False,1387,False,1.9362242816623731,RCV0222,False,0,,,NORMAL,0,0,393.68,0.0,0,0
TXN-SYN-2F3968EC,CUST0731,2026-09-03 20:01:19,12042.77,SEND_MONEY,1040,False,1001,False,9.773889432082408,RCV0333,True,0,,,SCAM_LIKE,0,0,12042.77,0.0,0,0
TXN-SYN-7DC64F43,CUST0256,2026-09-03 20:13:35,2862.36,SEND_MONEY,846,False,788,False,3.3957583692430227,RCV1157,False,0,,,NORMAL,0,0,48251.5,-45389.14,0,0
TXN-SYN-5EC28257,CUST0367,2026-09-03 20:14:15,1717.32,MOBILE_RECHARGE,841,False,791,False,2.870844261180332,RCV0766,False,2,,,NORMAL,0,0,5880.22,-4162.9,0,0
TXN-SYN-E2F08720,CUST0328,2026-09-03 20:22:54,495.96,MERCHANT_PAYMENT,474,False,431,False,1.5939026574892112,RCV0589,False,0,M004,,NORMAL,0,0,495.96,0.0,0,0
TXN-SYN-A5041056,CUST0756,2026-09-03 20:24:52,10388.42,SEND_MONEY,1037,False,959,False,6.6096641286122715,RCV0998,True,0,,,MULE_LIKE,0,0,12097.22,-1708.8,0,0
TXN-SYN-D039003E,CUST0455,2026-09-03 20:25:03,359.71,SEND_MONEY,511,False,435,False,7.4744440659669396,RCV1068,False,0,,,NORMAL,0,1,87.35,272.36,0,0
TXN-SYN-498158E2,CUST0158,2026-09-03 20:29:08,77.64,SEND_MONEY,669,False,591,False,4.787016818903501,RCV0486,False,0,,,NORMAL,0,0,77.64,0.0,0,0
TXN-SYN-B4C57AE7,CUST0358,2026-09-03 20:36:24,476.83,BILL_PAY,1265,False,1236,False,8.528218216919013,RCV0339,False,0,,,NORMAL,0,0,49759.27,-49282.44,0,0
TXN-SYN-88EE8B65,CUST0461,2026-09-03 20:45:04,1658.58,SEND_MONEY,1451,False,1387,False,1.320668107690408,RCV0274,False,0,,,NORMAL,0,1,24855.74,-23197.16,0,0
TXN-SYN-789FBE34,CUST0718,2026-09-03 20:47:50,5539.46,BILL_PAY,983,False,958,False,7.699070330116626,RCV0071,False,0,,,NORMAL,0,1,940.97,4598.49,0,1
TXN-SYN-CF5239DE,CUST0405,2026-09-03 20:52:03,7661.76,MOBILE_RECHARGE,1093,False,1058,False,5.6621224449739325,RCV0292,False,0,,,NORMAL,0,0,7661.76,0.0,0,0
TXN-SYN-B8CCD110,CUST0278,2026-09-03 20:59:43,416.4,BILL_PAY,474,False,402,False,3.063134987782127,RCV0276,False,0,,,NORMAL,0,0,416.4,0.0,0,0
TXN-SYN-F16FE9DF,CUST0291,2026-09-03 21:01:38,822.96,CASH_OUT,1050,False,1013,False,7.359732010520706,RCV1068,False,0,,AG000,NORMAL,0,1,33551.13,-32728.17,0,0
TXN-SYN-8FE294D8,CUST0759,2026-09-03 21:05:49,8150.8,SEND_MONEY,686,False,601,False,9.649792960461111,RCV1093,True,0,,AG025,SCAM_LIKE,0,0,1397.61,6753.19,0,0
TXN-SYN-B9BF1544,CUST0179,2026-09-03 21:06:45,263.79,SEND_MONEY,472,False,444,False,5.732866576070838,RCV0813,False,0,,,NORMAL,0,1,2874.46,-2610.66,0,0
TXN-SYN-A7A755A4,CUST0270,2026-09-03 21:12:00,888.41,CASH_IN,1083,False,1023,False,1.3925407078470398,RCV0561,False,0,,AG016,NORMAL,0,0,888.41,0.0,0,0
TXN-SYN-2AF2F027,CUST0266,2026-09-03 21:12:37,718.89,CASH_OUT,232,False,224,False,1.7101085441822839,RCV0213,False,0,,AG026,NORMAL,0,3,1102.12,-383.23,0,0
TXN-SYN-E3528EC4,CUST0592,2026-09-03 21:14:40,17250.84,SEND_MONEY,397,False,374,False,0.585976358762752,RCV0731,True,1,,,SCAM_LIKE,0,0,17250.84,0.0,0,0
TXN-SYN-CEB44EAF,CUST0384,2026-09-03 21:16:27,532.21,BILL_PAY,606,False,601,False,2.8045999389246337,RCV0581,False,0,,,NORMAL,0,0,532.21,0.0,0,0
TXN-SYN-8C57EC36,CUST0734,2026-09-03 21:21:19,608.45,SEND_MONEY,266,False,259,False,4.350909266995243,RCV0777,False,0,,,NORMAL,0,0,608.45,0.0,0,0
TXN-SYN-FFC8EB2B,CUST0132,2026-09-03 21:22:48,1280.72,MOBILE_RECHARGE,1176,False,1157,False,9.601754387183332,RCV1191,False,0,,,NORMAL,0,0,1280.72,0.0,0,0
TXN-SYN-A66AF84C,CUST0049,2026-09-03 21:35:27,1511.28,BILL_PAY,324,False,240,False,5.087384762683055,RCV0457,False,0,,,NORMAL,0,0,1511.28,0.0,0,0
TXN-SYN-1C734E83,CUST0154,2026-09-03 21:38:31,25217.09,CASH_OUT,195,False,109,False,2.0684103814356125,RCV0485,False,0,,AG020,NORMAL,0,1,789.97,24427.12,0,0
TXN-SYN-E762719B,CUST0560,2026-09-03 21:40:13,308.78,MERCHANT_PAYMENT,480,False,440,False,7.059403201832653,RCV0508,False,0,M014,,NORMAL,0,0,308.78,0.0,0,0
TXN-SYN-3031C2EF,CUST0774,2026-09-03 21:40:44,2132.49,MERCHANT_PAYMENT,1464,False,1387,False,0.8060652764707532,RCV1092,False,0,M035,,NORMAL,0,1,23228.11,-21095.62,0,0
TXN-SYN-4818C7E2,CUST0188,2026-09-03 21:44:49,2975.79,CASH_IN,1491,False,1487,False,2.472665507702855,RCV0316,False,0,,AG000,NORMAL,0,0,545.26,2430.53,0,0
TXN-SYN-4CEBF9B2,CUST0116,2026-09-03 21:45:18,336.44,BILL_PAY,1299,False,1235,False,9.91507688278502,RCV1179,False,0,,,NORMAL,0,0,336.44,0.0,0,0
TXN-SYN-FD95C88E,CUST0693,2026-09-03 21:46:46,609.37,CASH_OUT,538,False,467,False,7.40753801291965,RCV0339,False,0,,AG004,NORMAL,0,0,294.09,315.28,0,0
TXN-SYN-9818937C,CUST0341,2026-09-03 22:42:08,20344.3,CASH_OUT,1474,False,1447,True,57.49513934028619,RCV0724,False,0,M032,AG018,CASH_OUT_RISK,0,0,2583.86,17760.44,0,0
TXN-SYN-3D751CC1,CUST0250,2026-09-03 23:21:30,45775.5,CASH_OUT,483,False,465,True,74.00287110614329,RCV0911,False,0,,AG024,CASH_OUT_RISK,0,0,934.82,44840.68,0,0
TXN-SYN-4DC19794,CUST0096,2026-09-04 00:10:31,1193.0965094630526,MOBILE_RECHARGE,71,True,2,True,386.1983338625977,RCV0636,False,2,,,ACCOUNT_TAKEOVER_LIKE,0,0,7754.94,-6561.84,0,0
TXN-SYN-5B5E9F8B,CUST0045,2026-09-04 00:35:55,17356.039634721485,MERCHANT_PAYMENT,20,True,1,True,298.0416337679621,RCV1147,False,3,M048,,ACCOUNT_TAKEOVER_LIKE,0,0,17356.039634721485,0.0,0,0
TXN-SYN-BC18AD3B,CUST0432,2026-09-04 00:40:29,452.69566548283876,SEND_MONEY,32,True,1,True,469.67940804657565,RCV1019,False,5,,,ACCOUNT_TAKEOVER_LIKE,0,0,452.69566548283876,0.0,0,0
TXN-SYN-FDA52B44,CUST0305,2026-09-04 01:49:25,2233.438280972746,MOBILE_RECHARGE,62,True,0,True,344.7917128059397,RCV1080,False,3,,,ACCOUNT_TAKEOVER_LIKE,0,0,22842.24,-20608.8,0,0
TXN-SYN-A4BDA831,CUST0627,2026-09-04 01:56:44,30148.05,CASH_OUT,198,False,160,True,83.97427309228812,RCV1080,False,0,,AG001,CASH_OUT_RISK,0,0,30148.05,0.0,0,0
TXN-SYN-47B1AF5D,CUST0535,2026-09-04 01:58:43,36262.46,CASH_OUT,414,False,356,True,51.10880355718039,RCV0217,False,0,,AG026,CASH_OUT_RISK,0,0,36262.46,0.0,0,0
TXN-SYN-B7F454E7,CUST0348,2026-09-04 01:59:56,36357.88,CASH_OUT,1383,False,1345,True,32.71265341354828,RCV0048,False,0,,AG003,CASH_OUT_RISK,0,1,1447.97,34909.91,0,0
TXN-SYN-6E656420,CUST0787,2026-09-04 02:10:37,25571.71,CASH_OUT,628,False,587,True,90.91488442843124,RCV0025,False,0,,AG007,CASH_OUT_RISK,0,0,25571.71,0.0,0,0
TXN-SYN-B23EDC26,CUST0544,2026-09-04 02:24:07,28753.06,CASH_OUT,947,False,893,True,26.147956948898738,RCV0584,False,0,,AG001,CASH_OUT_RISK,0,0,28753.06,0.0,0,0
TXN-SYN-BB348943,CUST0650,2026-09-04 03:08:59,42306.62,CASH_OUT,825,False,756,True,56.35225235839623,RCV0810,False,0,,AG021,CASH_OUT_RISK,0,0,1271.81,41034.81,0,0
TXN-SYN-C2E0AEA3,CUST0738,2026-09-04 03:12:41,38104.56,CASH_OUT,526,False,484,True,82.55141667922621,RCV1071,False,0,M026,AG022,CASH_OUT_RISK,0,0,1075.17,37029.39,0,0
TXN-SYN-E4AD700C,CUST0279,2026-09-04 03:58:42,48289.26379057201,SEND_MONEY,79,True,0,True,75.3145740555048,RCV1115,False,3,,,ACCOUNT_TAKEOVER_LIKE,0,0,48289.26379057201,0.0,0,0
TXN-SYN-3ADEE15C,CUST0070,2026-09-04 04:49:42,5825.863701525517,MERCHANT_PAYMENT,26,True,0,True,234.85178430924566,RCV0834,False,2,M028,,ACCOUNT_TAKEOVER_LIKE,0,0,5825.863701525517,0.0,0,0
TXN-SYN-199EC8D2,CUST0520,2026-09-04 05:09:12,4717.863218238053,BILL_PAY,93,True,1,True,377.0080633912252,RCV1089,False,5,,,ACCOUNT_TAKEOVER_LIKE,0,0,4717.863218238053,0.0,0,0
TXN-SYN-68B04D40,CUST0048,2026-09-04 05:37:30,794.2726679363958,SEND_MONEY,11,True,2,True,68.52937898921255,RCV0167,False,5,,,ACCOUNT_TAKEOVER_LIKE,0,0,834.35,-40.08,0,0
TXN-SYN-BDFEA5FA,CUST0488,2026-09-04 05:53:09,523.7266997722132,MOBILE_RECHARGE,70,True,1,True,447.25176483192354,RCV0721,False,3,,,ACCOUNT_TAKEOVER_LIKE,0,0,523.7266997722132,0.0,0,0
TXN-SYN-D85F971F,CUST0727,2026-09-04 08:09:59,40191.62,SEND_MONEY,293,False,249,False,4.06032063953861,RCV0481,True,0,,,MULE_LIKE,0,0,1255.45,38936.17,0,0
TXN-SYN-6E3F6B52,CUST0715,2026-09-04 08:11:46,1137.94,CASH_OUT,724,False,710,False,9.923097278833545,RCV0258,False,0,,AG010,NORMAL,0,0,1137.94,0.0,0,0
TXN-SYN-E693714A,CUST0687,2026-09-04 08:42:27,1079.26,SEND_MONEY,1003,False,922,False,3.0439877969055997,RCV0632,False,0,,,NORMAL,0,0,1079.26,0.0,0,0
TXN-SYN-E97025C8,CUST0112,2026-09-04 08:43:00,1272.38,BILL_PAY,690,False,634,False,0.9345391266887793,RCV0251,False,0,,,NORMAL,0,0,1272.38,0.0,0,0
TXN-SYN-5C9E0445,CUST0404,2026-09-04 08:44:22,2785.05,BILL_PAY,620,False,591,False,9.257885494945683,RCV0547,False,0,,,NORMAL,0,0,2785.05,0.0,0,0
TXN-SYN-C09106F9,CUST0625,2026-09-04 08:49:26,3047.39,SEND_MONEY,1010,False,934,False,0.9377652625701649,RCV0275,False,0,,,NORMAL,0,0,3047.39,0.0,0,0
TXN-SYN-2C874234,CUST0012,2026-09-04 09:08:00,49021.22,SEND_MONEY,669,False,634,False,5.638033911116443,RCV0442,False,0,,,NORMAL,0,0,552.39,48468.83,0,0
TXN-SYN-712D097C,CUST0342,2026-09-04 09:08:42,4682.99,CASH_IN,789,False,703,False,7.849556152865075,RCV0865,False,0,,AG026,NORMAL,0,0,4682.99,0.0,0,0
TXN-SYN-2301FE4F,CUST0679,2026-09-04 09:10:15,314.37,MERCHANT_PAYMENT,1072,False,1033,False,4.7959548985558005,RCV0684,False,0,M008,,NORMAL,0,0,314.37,0.0,0,0
TXN-SYN-F471965A,CUST0461,2026-09-04 09:14:53,343.85,MERCHANT_PAYMENT,496,False,451,False,4.672873581821201,RCV1027,False,0,M015,,NORMAL,0,2,13257.16,-12913.31,0,0
TXN-SYN-C906DD5F,CUST0117,2026-09-04 09:16:56,2636.25,CASH_OUT,546,False,469,False,9.347866052604182,RCV1146,False,0,,AG008,NORMAL,0,0,10412.02,-7775.76,0,0
TXN-SYN-0E5C21CB,CUST0128,2026-09-04 09:17:16,2675.19,SEND_MONEY,420,False,342,False,7.517170414784834,RCV0107,False,0,,,NORMAL,0,0,2675.19,0.0,0,0
TXN-SYN-B37946AC,CUST0627,2026-09-04 09:20:09,5926.28,SEND_MONEY,630,False,589,False,6.571976616400622,RCV0477,False,0,,,NORMAL,0,1,30148.05,-24221.77,0,1
TXN-SYN-B02FB230,CUST0577,2026-09-04 09:37:44,17207.45,SEND_MONEY,214,False,175,False,1.1931910388921085,RCV0846,True,2,,,MULE_LIKE,0,0,883.5,16323.95,0,0
TXN-SYN-CED45D60,CUST0389,2026-09-04 09:41:37,282.46,MERCHANT_PAYMENT,1354,False,1275,False,9.35424824448534,RCV0631,False,1,M049,,NORMAL,0,1,22661.99,-22379.53,0,0
TXN-SYN-958F0315,CUST0646,2026-09-04 09:48:07,852.4,SEND_MONEY,1366,False,1303,False,2.8236606755205718,RCV1088,False,0,,,NORMAL,0,0,31277.17,-30424.77,0,0
TXN-SYN-3A2B12D0,CUST0419,2026-09-04 09:49:25,50.0,SEND_MONEY,175,False,106,False,8.502724139349958,RCV0678,False,0,,,NORMAL,0,0,50.0,0.0,0,0
TXN-SYN-E3319A25,CUST0170,2026-09-04 09:56:08,2918.22,SEND_MONEY,388,False,343,False,4.2531352325500915,RCV0759,False,0,,,NORMAL,0,0,2918.22,0.0,0,0
TXN-SYN-C098488E,CUST0166,2026-09-04 09:58:07,47718.62,SEND_MONEY,1096,False,1036,False,6.769579375655126,RCV0878,True,0,,,MULE_LIKE,0,1,3345.76,44372.87,0,0
TXN-SYN-7BADC76D,CUST0079,2026-09-04 10:02:15,17551.16,SEND_MONEY,146,False,98,False,6.957486889846171,RCV0885,True,0,,,SCAM_LIKE,0,0,11949.06,5602.1,0,0
TXN-SYN-DF346B42,CUST0423,2026-09-04 10:12:50,291.55,MERCHANT_PAYMENT,289,False,265,False,2.330722930991146,RCV0986,False,0,M046,,NORMAL,0,0,8687.17,-8395.62,0,0
TXN-SYN-F7F0DF12,CUST0749,2026-09-04 10:17:05,77.34,BILL_PAY,1396,False,1369,False,3.879718927229525,RCV0695,False,0,,,NORMAL,0,1,1644.52,-1567.19,0,0
TXN-SYN-584EAD88,CUST0119,2026-09-04 10:17:19,1104.93,MOBILE_RECHARGE,486,False,401,False,6.518898304852431,RCV0018,False,0,,,NORMAL,0,0,29339.28,-28234.35,0,0
TXN-SYN-43193645,CUST0058,2026-09-04 10:23:06,6375.79,BILL_PAY,1402,False,1357,False,7.102769513489125,RCV0151,False,0,,,NORMAL,0,0,1135.41,5240.38,0,0
TXN-SYN-9D98968C,CUST0484,2026-09-04 10:24:16,1605.38,MERCHANT_PAYMENT,203,False,160,False,3.7379562452717243,RCV0226,False,0,M021,,NORMAL,0,0,1605.38,0.0,0,0
TXN-SYN-5EBE80F8,CUST0719,2026-09-04 10:24:55,1463.16,BILL_PAY,556,False,525,False,8.985606046748394,RCV0554,False,0,,,NORMAL,0,0,1463.16,0.0,0,0
TXN-SYN-F5ED1716,CUST0148,2026-09-04 10:32:58,39223.66,SEND_MONEY,1200,False,1171,False,4.318289959652363,RCV0784,True,0,M028,,MULE_LIKE,0,0,11822.59,27401.07,0,0
TXN-SYN-4D8A9160,CUST0217,2026-09-04 10:43:34,1772.74,SEND_MONEY,876,False,806,False,1.3132324976431742,RCV0737,False,0,,,NORMAL,0,0,1772.74,0.0,0,0
TXN-SYN-2447524B,CUST0068,2026-09-04 11:01:20,201.3,MOBILE_RECHARGE,606,False,593,False,9.394084591620693,RCV0082,False,0,,,NORMAL,0,0,201.3,0.0,0,0
TXN-SYN-76927C72,CUST0019,2026-09-04 11:01:29,866.49,CASH_OUT,901,False,859,False,7.702287656498733,RCV0559,False,0,,AG017,NORMAL,0,0,866.49,0.0,0,0
TXN-SYN-DF2AB21B,CUST0579,2026-09-04 11:21:38,390.03,MERCHANT_PAYMENT,279,False,196,False,4.829905738094238,RCV1103,False,0,M037,,NORMAL,0,0,1017.29,-627.26,0,0
TXN-SYN-AFCC8FED,CUST0480,2026-09-04 11:21:39,9628.73,SEND_MONEY,579,False,500,False,5.84467418058375,RCV0649,True,0,,AG016,SCAM_LIKE,0,0,2255.74,7372.99,0,0
TXN-SYN-60A638B2,CUST0198,2026-09-04 11:22:37,785.34,CASH_OUT,353,False,268,False,3.8082579685052966,RCV0601,False,0,,AG022,NORMAL,0,3,16350.83,-15565.49,0,0
TXN-SYN-00E942C7,CUST0684,2026-09-04 11:22:46,3220.04,SEND_MONEY,110,False,37,False,3.425242571785434,RCV0129,False,0,,,NORMAL,0,0,849.21,2370.83,0,0
TXN-SYN-B68D0297,CUST0473,2026-09-04 11:38:52,2552.5,SEND_MONEY,643,False,571,False,3.3531671005831654,RCV0150,False,0,,,NORMAL,0,1,16617.71,-14065.21,0,0
TXN-SYN-968DB904,CUST0175,2026-09-04 11:47:29,2941.41,MOBILE_RECHARGE,1151,False,1075,False,3.0158686987355154,RCV1025,False,0,,,NORMAL,0,0,2941.41,0.0,0,0
TXN-SYN-CC88523C,CUST0032,2026-09-04 11:49:02,727.2,MOBILE_RECHARGE,688,False,631,False,0.4321369954999832,RCV0256,False,1,,,NORMAL,0,0,727.2,0.0,0,0
TXN-SYN-E1208055,CUST0467,2026-09-04 11:51:04,10374.18,MERCHANT_PAYMENT,1333,False,1323,False,8.597478956615387,RCV0048,False,0,M021,,NORMAL,0,0,2102.54,8271.64,0,0
TXN-SYN-8F97B1B2,CUST0342,2026-09-04 11:53:45,691.56,SEND_MONEY,742,False,728,False,9.786162131242211,RCV0119,False,0,,,NORMAL,0,1,4682.99,-3991.43,0,0
TXN-SYN-1E4C31FE,CUST0471,2026-09-04 11:55:22,149.01,MOBILE_RECHARGE,1065,False,999,False,5.953733665488935,RCV0879,False,0,,,NORMAL,0,0,1756.19,-1607.18,0,0
TXN-SYN-EAC177F1,CUST0361,2026-09-04 12:01:14,685.38,MERCHANT_PAYMENT,1009,False,969,False,0.03228885152251171,RCV0041,False,0,M012,,NORMAL,0,0,685.38,0.0,0,0
TXN-SYN-50AB7415,CUST0293,2026-09-04 12:01:18,712.33,SEND_MONEY,640,False,600,False,7.21465600358349,RCV0546,False,0,,,NORMAL,0,0,712.33,0.0,0,0
TXN-SYN-5E0F7E99,CUST0586,2026-09-04 12:09:51,807.48,SEND_MONEY,1422,False,1349,False,9.204410364836187,RCV0229,False,0,,,NORMAL,0,0,807.48,0.0,0,0
TXN-SYN-761D682C,CUST0701,2026-09-04 12:12:08,152.44,SEND_MONEY,826,False,808,False,3.9066618467818435,RCV0723,False,0,,,NORMAL,0,0,152.44,0.0,0,0
TXN-SYN-AD28C2FE,CUST0544,2026-09-04 12:13:33,699.29,CASH_OUT,1214,False,1178,False,2.0025469031853382,RCV1002,False,0,,AG010,NORMAL,0,1,28753.06,-28053.77,0,1
TXN-SYN-5A79C68D,CUST0638,2026-09-04 12:17:18,17385.29,SEND_MONEY,619,False,611,False,1.165606147708509,RCV0661,True,0,,,MULE_LIKE,0,0,1290.94,16094.35,0,0
TXN-SYN-7E372742,CUST0621,2026-09-04 12:18:55,21329.99,SEND_MONEY,844,False,765,False,5.358676827497336,RCV1173,True,0,,,MULE_LIKE,0,0,39228.02,-17898.02,0,0
TXN-SYN-777251B8,CUST0732,2026-09-04 12:21:13,49599.22,SEND_MONEY,167,False,123,False,9.993649321926787,RCV0999,True,0,,,MULE_LIKE,0,0,49599.22,0.0,0,0
TXN-SYN-53D28CAD,CUST0278,2026-09-04 12:29:06,13817.04,SEND_MONEY,1478,False,1433,False,7.962763392602725,RCV0697,True,0,,,MULE_LIKE,0,1,416.4,13400.64,0,0
TXN-SYN-247C047A,CUST0376,2026-09-04 12:37:13,267.36,SEND_MONEY,1207,False,1172,False,9.459278612960757,RCV0892,False,0,,,NORMAL,0,0,267.36,0.0,0,0
TXN-SYN-AB76B44E,CUST0349,2026-09-04 12:39:44,554.17,CASH_IN,307,False,278,False,1.4943190214201907,RCV0916,False,0,,AG020,NORMAL,0,0,554.17,0.0,0,0
TXN-SYN-DDE24BB9,CUST0296,2026-09-04 12:44:30,11140.63,CASH_OUT,1124,False,1122,False,1.0817241825052626,RCV0251,False,0,,AG023,NORMAL,0,1,59.89,11080.74,0,1
TXN-SYN-370CC821,CUST0230,2026-09-04 12:44:50,792.95,MOBILE_RECHARGE,1466,False,1463,False,8.39991195649982,RCV0702,False,0,,,NORMAL,0,0,792.95,0.0,0,0
TXN-SYN-874ABEE6,CUST0301,2026-09-04 13:01:19,1851.25,MERCHANT_PAYMENT,180,False,98,False,1.4601521482301438,RCV0567,False,0,M008,,NORMAL,0,0,960.23,891.02,0,0
TXN-SYN-02F3ACA6,CUST0575,2026-09-04 13:10:36,1043.18,MOBILE_RECHARGE,234,False,176,False,3.7334586724366083,RCV0681,False,0,,,NORMAL,0,0,254.95,788.23,0,0
TXN-SYN-44F390BF,CUST0065,2026-09-04 13:13:13,1064.82,SEND_MONEY,333,False,244,False,8.399639802821826,RCV0936,False,0,,,NORMAL,0,0,1064.82,0.0,0,0
TXN-SYN-03BD0862,CUST0244,2026-09-04 13:23:46,3964.42,SEND_MONEY,154,False,68,False,7.928927110044324,RCV0456,False,0,,,NORMAL,0,0,3964.42,0.0,0,0
TXN-SYN-AA966B99,CUST0033,2026-09-04 13:25:14,2586.21,MERCHANT_PAYMENT,1353,False,1333,False,3.118901498044245,RCV1004,False,0,M006,,NORMAL,0,0,915.7,1670.51,0,0
TXN-SYN-A68B016D,CUST0211,2026-09-04 13:43:40,91.41,SEND_MONEY,421,False,386,False,3.7799823249982345,RCV0626,False,1,,,NORMAL,0,0,91.41,0.0,0,0
TXN-SYN-7930375A,CUST0600,2026-09-04 13:46:28,9628.59,CASH_OUT,160,False,119,False,7.483371492260189,RCV0360,False,0,,AG019,NORMAL,0,0,2032.15,7596.44,0,0
TXN-SYN-E46363FA,CUST0010,2026-09-04 13:47:10,317.7,CASH_OUT,1026,False,1025,False,9.589302063225768,RCV0744,False,0,,AG027,NORMAL,0,1,4368.94,-4051.24,0,0
TXN-SYN-C82F60B4,CUST0768,2026-09-04 13:50:39,832.8,SEND_MONEY,1082,False,1026,False,3.3214641265493894,RCV0813,False,0,,,NORMAL,0,0,1949.75,-1116.95,0,0
TXN-SYN-63AC237E,CUST0714,2026-09-04 14:20:04,5759.23,SEND_MONEY,494,False,471,False,3.703621555576592,RCV0814,True,0,,,SCAM_LIKE,0,0,5759.23,0.0,0,0
TXN-SYN-A8CD6BBA,CUST0125,2026-09-04 15:00:12,17217.24,SEND_MONEY,786,False,718,False,2.49890508904558,RCV0994,True,0,,,MULE_LIKE,0,0,17217.24,0.0,0,0
TXN-SYN-0BC977A9,CUST0269,2026-09-04 15:01:32,76.89,MERCHANT_PAYMENT,438,False,394,False,3.515280415968803,RCV0148,False,0,M037,,NORMAL,0,0,76.89,0.0,0,0
TXN-SYN-C2B9E109,CUST0233,2026-09-04 15:02:25,493.54,MOBILE_RECHARGE,739,False,703,False,6.967955139643412,RCV1164,False,0,,,NORMAL,0,0,493.54,0.0,0,0
TXN-SYN-9C5ED461,CUST0422,2026-09-04 15:03:23,1138.13,CASH_OUT,528,False,525,False,9.774565631838426,RCV0757,False,0,,AG011,NORMAL,0,0,196.59,941.54,0,0
TXN-SYN-C1801781,CUST0181,2026-09-04 15:03:49,287.53,SEND_MONEY,695,False,614,False,9.06437453344411,RCV0204,False,0,,,NORMAL,0,0,287.53,0.0,0,0
TXN-SYN-E83B75D0,CUST0124,2026-09-04 15:20:07,2054.0,CASH_OUT,506,False,422,False,4.9362091234253,RCV0936,False,0,,AG022,NORMAL,0,0,12727.63,-10673.63,0,0
TXN-SYN-0C0BA2CD,CUST0358,2026-09-04 15:21:29,50.0,MERCHANT_PAYMENT,870,False,843,False,0.11028448499136201,RCV0248,False,0,M048,,NORMAL,0,1,25118.05,-25068.05,0,0
TXN-SYN-1DF8A8D0,CUST0425,2026-09-04 15:33:48,6303.55,SEND_MONEY,404,False,367,False,9.743037405035937,RCV0523,False,0,,,NORMAL,0,0,6303.55,0.0,0,0
TXN-SYN-B8C8B33A,CUST0496,2026-09-04 15:34:50,535.21,SEND_MONEY,1469,False,1440,False,3.075275081915886,RCV0695,False,0,,,NORMAL,0,0,535.21,0.0,0,0
TXN-SYN-5BAFE015,CUST0627,2026-09-04 15:35:19,5088.3,SEND_MONEY,381,False,308,False,6.5807641775593515,RCV0462,False,0,,,NORMAL,0,2,18037.16,-12948.87,0,1
TXN-SYN-45F7AD5C,CUST0243,2026-09-04 15:40:33,1281.37,CASH_IN,278,False,268,False,0.7074890715862825,RCV0139,False,1,,AG022,NORMAL,0,0,1281.37,0.0,0,0
TXN-SYN-B9E4FE18,CUST0723,2026-09-04 15:45:42,6811.44,SEND_MONEY,587,False,546,False,0.4690958174587667,RCV0631,False,0,,,NORMAL,0,0,6811.44,0.0,0,0
TXN-SYN-10A7446D,CUST0367,2026-09-04 15:45:53,360.1,CASH_IN,1324,False,1286,False,7.241814188334466,RCV0865,False,0,,AG022,NORMAL,0,1,3798.77,-3438.67,0,0
TXN-SYN-9B6E8611,CUST0360,2026-09-04 15:46:08,50.0,SEND_MONEY,466,False,397,False,0.9010327971722831,RCV0303,False,0,,,NORMAL,0,1,10698.28,-10648.28,0,0
TXN-SYN-BCCA8978,CUST0450,2026-09-04 15:46:42,698.81,CASH_OUT,918,False,893,False,1.5995157893829448,RCV0533,False,0,,AG021,NORMAL,0,0,698.81,0.0,0,0
TXN-SYN-12DA88CD,CUST0152,2026-09-04 15:53:15,253.56,SEND_MONEY,1033,False,1011,False,1.6026777093469047,RCV1131,False,0,,,NORMAL,0,0,253.56,0.0,0,0
TXN-SYN-8C6CF5DF,CUST0414,2026-09-04 15:55:10,50.0,CASH_IN,499,False,484,False,9.289467355726233,RCV0598,False,0,,AG022,NORMAL,0,0,4684.25,-4634.25,0,0
TXN-SYN-F1DA2857,CUST0735,2026-09-04 15:56:12,2714.02,SEND_MONEY,911,False,864,False,3.470596347458732,RCV0706,False,0,,,NORMAL,0,0,2714.02,0.0,0,0
TXN-SYN-A3AE80B0,CUST0049,2026-09-04 16:00:05,78.34,CASH_OUT,1385,False,1341,False,4.443112654667354,RCV0003,False,0,,AG003,NORMAL,0,1,1511.28,-1432.94,0,0
TXN-SYN-D277F146,CUST0524,2026-09-04 16:15:57,303.48,CASH_OUT,1037,False,1028,False,0.2062180074288833,RCV0145,False,0,,AG021,NORMAL,0,0,2747.27,-2443.79,0,0
TXN-SYN-08AFC084,CUST0772,2026-09-04 16:27:16,31321.22,SEND_MONEY,1106,False,1092,False,5.178453121869052,RCV0626,True,0,,AG026,MULE_LIKE,0,0,31321.22,0.0,0,0
TXN-SYN-B803F4D8,CUST0024,2026-09-04 16:31:27,3739.28,SEND_MONEY,1202,False,1135,False,0.7996539435930194,RCV1140,False,0,,,NORMAL,0,0,3739.28,0.0,0,0
TXN-SYN-AF5D0242,CUST0632,2026-09-04 16:32:03,676.12,BILL_PAY,159,False,87,False,1.359135510480638,RCV0902,False,0,,,NORMAL,0,0,11617.36,-10941.24,0,0
TXN-SYN-29D81051,CUST0232,2026-09-04 16:34:38,13634.15,SEND_MONEY,481,False,394,False,9.785963339129832,RCV0979,True,0,,,SCAM_LIKE,0,0,13634.15,0.0,0,0
TXN-SYN-6D2730D1,CUST0178,2026-09-04 16:35:17,4868.47,CASH_OUT,1089,False,1049,False,8.173463233827894,RCV0492,False,0,,AG015,NORMAL,0,0,300.48,4567.99,0,0
TXN-SYN-74096835,CUST0289,2026-09-04 16:37:33,1662.65,SEND_MONEY,450,False,448,False,7.058462540441491,RCV1148,False,0,,,NORMAL,0,0,1104.01,558.64,0,0
TXN-SYN-AAEF205D,CUST0488,2026-09-04 16:41:36,318.53,MERCHANT_PAYMENT,1225,False,1205,False,8.0899025618619,RCV0493,False,0,M005,,NORMAL,0,1,523.73,-205.2,0,0
TXN-SYN-77175C7D,CUST0325,2026-09-04 16:48:23,21703.51,SEND_MONEY,414,False,412,False,8.302109118039409,RCV0678,False,0,,,NORMAL,0,1,1517.68,20185.83,0,0
TXN-SYN-7E1DC352,CUST0190,2026-09-04 16:49:28,5317.83,SEND_MONEY,178,False,99,False,1.7499682875058398,RCV0073,False,0,,,NORMAL,0,0,34600.29,-29282.46,0,0
TXN-SYN-55C39C75,CUST0749,2026-09-04 16:52:11,3153.52,CASH_IN,444,False,427,False,4.11291608886194,RCV0889,False,1,,AG015,NORMAL,0,2,1122.13,2031.39,0,0
TXN-SYN-B374C598,CUST0051,2026-09-04 16:56:12,19647.77,SEND_MONEY,751,False,709,False,9.415768527339338,RCV0375,True,0,,,SCAM_LIKE,0,0,19647.77,0.0,0,0
TXN-SYN-6D2B04A7,CUST0772,2026-09-04 16:59:37,1852.75,BILL_PAY,785,False,708,False,3.4118005460035574,RCV0373,False,0,,,NORMAL,1,1,31321.22,-29468.47,0,0
TXN-SYN-C76FAC4E,CUST0616,2026-09-04 17:01:59,12360.42,SEND_MONEY,519,False,491,False,9.429701894309558,RCV0399,True,0,,,MULE_LIKE,0,0,12360.42,0.0,0,0
TXN-SYN-5363A3E0,CUST0039,2026-09-04 17:08:36,1957.33,BILL_PAY,804,False,720,False,3.992391696691792,RCV0249,False,0,,,NORMAL,0,1,471.13,1486.2,0,0
TXN-SYN-30A9F04E,CUST0708,2026-09-04 17:16:22,92.91,SEND_MONEY,586,False,550,False,8.91875166934221,RCV0550,False,0,,,NORMAL,0,0,92.91,0.0,0,0
TXN-SYN-71A2CA97,CUST0799,2026-09-04 17:24:19,1331.59,SEND_MONEY,154,False,120,False,3.3790142577506312,RCV1161,False,2,,,NORMAL,0,0,1331.59,0.0,0,0
TXN-SYN-901712E5,CUST0181,2026-09-04 17:27:15,200.19,SEND_MONEY,1311,False,1222,False,6.775422674589532,RCV0883,False,0,,,NORMAL,0,1,287.53,-87.34,0,0
TXN-SYN-12F3A997,CUST0735,2026-09-04 17:34:48,842.96,BILL_PAY,1185,False,1117,False,8.32775031227349,RCV0731,False,0,,,NORMAL,0,1,2714.02,-1871.06,0,0
TXN-SYN-14A3E967,CUST0322,2026-09-04 17:36:14,60.9,CASH_OUT,429,False,417,False,4.102485348813429,RCV0481,False,0,,AG025,NORMAL,0,0,60.9,0.0,0,0
TXN-SYN-2D414C16,CUST0474,2026-09-04 17:37:01,170.03,SEND_MONEY,730,False,643,False,5.832512643365159,RCV0758,False,1,,,NORMAL,0,0,9227.93,-9057.9,0,0
TXN-SYN-7DA19CC8,CUST0483,2026-09-04 17:44:20,46624.68,SEND_MONEY,971,False,966,False,9.515298364183005,RCV0481,True,0,,,MULE_LIKE,0,0,46624.68,0.0,0,0
TXN-SYN-34E9FEB8,CUST0685,2026-09-04 17:50:11,21264.27,SEND_MONEY,555,False,474,False,6.005107224241481,RCV1110,True,0,,,SCAM_LIKE,0,0,21264.27,0.0,0,0
TXN-SYN-FC68B135,CUST0546,2026-09-04 17:50:14,7257.39,SEND_MONEY,322,False,302,False,1.1867249207180408,RCV0196,True,0,,,SCAM_LIKE,0,0,7257.39,0.0,0,0
TXN-SYN-C3A519E8,CUST0061,2026-09-04 17:52:48,35143.14,SEND_MONEY,420,False,419,False,0.8593919128413829,RCV0051,True,0,M003,,MULE_LIKE,0,0,35143.14,0.0,0,0
TXN-SYN-DFED7573,CUST0236,2026-09-04 17:59:50,2573.55,SEND_MONEY,1313,False,1283,False,0.795020793968495,RCV1176,False,0,,,NORMAL,0,0,2573.55,0.0,0,0
TXN-SYN-5BDE9113,CUST0609,2026-09-04 18:13:26,3425.2,BILL_PAY,751,False,691,False,1.1520753860718236,RCV0128,False,0,,,NORMAL,0,0,3425.2,0.0,0,0
TXN-SYN-E6BF0290,CUST0242,2026-09-04 18:25:02,14648.54,CASH_OUT,463,False,440,False,0.7995269124422566,RCV0007,False,0,,AG020,NORMAL,0,0,14648.54,0.0,0,0
TXN-SYN-276CDD65,CUST0599,2026-09-04 18:26:10,9876.95,MERCHANT_PAYMENT,1189,False,1135,False,8.592789585833614,RCV0210,False,0,M011,,NORMAL,0,0,22871.75,-12994.8,0,0
TXN-SYN-42E2CE0B,CUST0523,2026-09-04 18:32:22,15366.75,SEND_MONEY,283,False,265,False,0.7456690410996147,RCV0968,False,0,,,NORMAL,0,0,7999.36,7367.39,0,0
TXN-SYN-BAD2A261,CUST0047,2026-09-04 18:35:48,10011.98,SEND_MONEY,1249,False,1219,False,4.397234029174242,RCV0812,False,0,,,NORMAL,0,1,393.68,9618.3,0,0
TXN-SYN-24B10286,CUST0491,2026-09-04 18:37:30,150.67,SEND_MONEY,296,False,284,False,3.855850050644063,RCV0677,False,0,,,NORMAL,0,0,150.67,0.0,0,0
TXN-SYN-76A775E7,CUST0662,2026-09-04 18:42:27,2655.66,MERCHANT_PAYMENT,1489,False,1439,False,9.260074176032507,RCV0510,False,0,M017,,NORMAL,0,0,328.78,2326.88,0,0
TXN-SYN-1443B28A,CUST0625,2026-09-04 18:47:31,609.58,BILL_PAY,754,False,713,False,1.8336467277358992,RCV0469,False,0,,,NORMAL,0,1,3047.39,-2437.81,0,0
TXN-SYN-0EBA7F1A,CUST0455,2026-09-04 18:48:25,147.92,SEND_MONEY,137,False,105,False,5.579007788105093,RCV0989,False,0,,,NORMAL,0,2,223.53,-75.61,0,0
TXN-SYN-DDA4F611,CUST0026,2026-09-04 19:01:11,16259.72,SEND_MONEY,1088,False,1042,False,7.024943584941874,RCV0936,True,0,,AG029,MULE_LIKE,0,0,16259.72,0.0,0,0
TXN-SYN-339F0C1C,CUST0522,2026-09-04 19:01:57,1740.5,CASH_IN,542,False,476,False,4.2382005487222685,RCV0769,False,1,,AG005,NORMAL,0,0,1740.5,0.0,0,0
TXN-SYN-B650905C,CUST0049,2026-09-04 19:06:08,767.87,SEND_MONEY,912,False,881,False,7.367502209132274,RCV0998,False,0,,,NORMAL,0,2,794.81,-26.94,0,1
TXN-SYN-C364FCEA,CUST0620,2026-09-04 19:15:04,28740.73,SEND_MONEY,1285,False,1196,False,1.0018540433247014,RCV0273,True,0,,,MULE_LIKE,0,0,28740.73,0.0,0,0
TXN-SYN-8DF8B832,CUST0745,2026-09-04 19:17:21,18406.8,SEND_MONEY,784,False,713,False,5.018907727551386,RCV0564,False,0,,,NORMAL,0,0,15613.06,2793.74,0,0
TXN-SYN-83CEB620,CUST0681,2026-09-04 19:27:18,315.27,SEND_MONEY,599,False,561,False,2.6975645489002376,RCV0811,False,0,,,NORMAL,0,0,243.63,71.64,0,0
TXN-SYN-751CCD2F,CUST0450,2026-09-04 19:27:20,1077.39,SEND_MONEY,103,False,81,False,8.424308021504471,RCV0598,False,0,,,NORMAL,0,1,698.81,378.58,0,1
TXN-SYN-CC7EBF5C,CUST0339,2026-09-04 19:27:29,1392.1,CASH_OUT,1480,False,1402,False,3.865209337461902,RCV0373,False,0,,AG007,NORMAL,0,0,159.25,1232.85,0,0
TXN-SYN-3085755D,CUST0583,2026-09-04 19:34:02,70.63,CASH_OUT,252,False,232,False,6.535891048912536,RCV0754,False,0,,AG021,NORMAL,0,0,39853.85,-39783.22,0,0
TXN-SYN-DAB40803,CUST0566,2026-09-04 19:42:12,413.1,SEND_MONEY,675,False,628,False,9.734836332408763,RCV0534,False,0,,,NORMAL,0,0,11932.79,-11519.69,0,0
TXN-SYN-D690FBFE,CUST0155,2026-09-04 19:43:42,21831.9,SEND_MONEY,849,False,790,False,5.346050545557092,RCV0532,True,0,,,SCAM_LIKE,0,0,21831.9,0.0,0,0
TXN-SYN-47E2438D,CUST0462,2026-09-04 20:19:13,43429.31,SEND_MONEY,1020,False,1019,False,0.15363448535070878,RCV0998,True,0,,,MULE_LIKE,0,0,10246.63,33182.68,0,0
TXN-SYN-6326DEBF,CUST0796,2026-09-04 20:22:05,50.0,SEND_MONEY,270,False,205,False,6.839161100307959,RCV0360,False,0,,,NORMAL,0,0,50.0,0.0,0,0
TXN-SYN-BC82542B,CUST0407,2026-09-04 20:22:21,476.32,SEND_MONEY,570,False,556,False,3.75582952639944,RCV0524,False,0,,,NORMAL,0,0,34932.92,-34456.6,0,0
TXN-SYN-324C2419,CUST0127,2026-09-04 20:24:31,7498.73,CASH_OUT,1145,False,1068,False,7.847696818249879,RCV0313,False,2,,AG023,NORMAL,0,0,3725.31,3773.42,0,0
TXN-SYN-B088619C,CUST0736,2026-09-04 20:31:25,458.05,CASH_IN,782,False,771,False,2.456838359619095,RCV0455,False,0,,AG005,NORMAL,0,0,458.05,0.0,0,0
TXN-SYN-E131688D,CUST0140,2026-09-04 20:38:24,8801.88,SEND_MONEY,222,False,180,False,8.049786047345435,RCV0744,True,0,,,SCAM_LIKE,0,0,8801.88,0.0,0,0
TXN-SYN-5764F6DD,CUST0755,2026-09-04 20:38:48,19281.05,SEND_MONEY,1014,False,998,False,5.468759658760446,RCV1150,True,0,M049,,SCAM_LIKE,0,0,19281.05,0.0,0,0
TXN-SYN-1BFBCA62,CUST0478,2026-09-04 21:07:52,1263.29,SEND_MONEY,581,False,556,False,2.849086230417651,RCV1002,False,0,,,NORMAL,0,0,1644.76,-381.47,0,0
TXN-SYN-72BFBF0B,CUST0679,2026-09-04 21:08:15,13816.79,CASH_IN,1186,False,1113,False,1.3567262696898819,RCV0381,False,0,,AG009,NORMAL,0,1,314.37,13502.42,0,0
TXN-SYN-963164A1,CUST0055,2026-09-04 21:12:12,120.55,BILL_PAY,352,False,302,False,6.686959294747236,RCV0060,False,0,,,NORMAL,0,0,120.55,0.0,0,0
TXN-SYN-27CF1DF1,CUST0027,2026-09-04 21:14:06,1761.97,SEND_MONEY,266,False,177,False,6.147709531562623,RCV0371,False,0,,,NORMAL,0,0,1268.19,493.78,0,0
TXN-SYN-AF25DE46,CUST0048,2026-09-04 21:21:51,288.72,MERCHANT_PAYMENT,979,False,900,False,3.3431590249507845,RCV1094,False,0,M016,,NORMAL,0,1,820.99,-532.27,0,0
TXN-SYN-55AF43A1,CUST0632,2026-09-04 21:31:40,26371.84,SEND_MONEY,390,False,369,False,4.364551685430436,RCV0979,False,0,,,NORMAL,0,1,6146.74,20225.1,0,0
TXN-SYN-2E7AA253,CUST0404,2026-09-04 21:32:51,50.0,CASH_IN,118,False,32,False,9.120644528763892,RCV0277,False,0,,AG022,NORMAL,0,1,2785.05,-2735.05,0,0
TXN-SYN-A2954E0C,CUST0015,2026-09-04 21:39:41,354.56,CASH_OUT,1153,False,1094,False,1.7939035258961877,RCV1004,False,0,,AG004,NORMAL,0,0,24872.24,-24517.68,0,0
TXN-SYN-1E8C90D6,CUST0698,2026-09-04 21:47:26,13628.9,SEND_MONEY,826,True,767,False,5.5929438764530035,RCV0365,True,0,,,SCAM_LIKE,0,0,3137.19,10491.71,0,0
TXN-SYN-8BCF445F,CUST0460,2026-09-04 21:50:21,1713.81,CASH_IN,1294,False,1266,False,2.2879816549162246,RCV0863,False,0,,AG026,NORMAL,0,0,1713.81,0.0,0,0
TXN-SYN-EC6D404F,CUST0727,2026-09-04 21:52:09,8795.45,BILL_PAY,851,False,824,False,4.217288672790281,RCV0230,False,0,,,NORMAL,0,1,20723.54,-11928.08,0,0
TXN-SYN-268B06EE,CUST0566,2026-09-04 21:56:02,251.39,MERCHANT_PAYMENT,343,False,335,False,3.7281397192103958,RCV0265,False,0,M043,,NORMAL,0,1,6172.95,-5921.56,0,0
TXN-SYN-D5830BEA,CUST0160,2026-09-04 22:04:28,36465.32,CASH_OUT,1087,False,1070,True,22.204196864750152,RCV0604,False,0,,AG001,CASH_OUT_RISK,0,0,577.83,35887.49,0,0
TXN-SYN-3ED23010,CUST0371,2026-09-04 22:42:13,37430.76,CASH_OUT,325,False,243,True,57.75900687036504,RCV0991,False,0,M021,AG027,CASH_OUT_RISK,0,0,37430.76,0.0,0,0
TXN-SYN-25B39457,CUST0656,2026-09-04 22:56:14,22041.26,CASH_OUT,1041,False,968,True,33.61915973027131,RCV1132,False,0,,AG016,CASH_OUT_RISK,0,0,22041.26,0.0,0,0
TXN-SYN-AAB88346,CUST0255,2026-09-04 23:06:14,18010.7,CASH_OUT,937,False,907,True,46.14977197010308,RCV0820,False,0,,AG021,CASH_OUT_RISK,0,0,18010.7,0.0,0,0
TXN-SYN-C99D7C5C,CUST0743,2026-09-04 23:09:33,41596.08,CASH_OUT,1107,False,1087,True,35.362620194649416,RCV0434,False,0,,AG004,CASH_OUT_RISK,0,0,41596.08,0.0,0,0
TXN-SYN-6A154A87,CUST0540,2026-09-04 23:38:21,45962.72,CASH_OUT,1032,False,1025,True,23.67470456446279,RCV0047,False,0,,AG003,CASH_OUT_RISK,0,0,45962.72,0.0,0,0
TXN-SYN-5D4B6910,CUST0633,2026-09-05 00:24:50,1745.146667380632,SEND_MONEY,34,True,1,True,449.2160635153231,RCV0241,False,5,,,ACCOUNT_TAKEOVER_LIKE,0,0,1745.146667380632,0.0,0,0
TXN-SYN-39931978,CUST0175,2026-09-05 00:29:38,28841.64750353944,MERCHANT_PAYMENT,30,True,2,True,410.96336023252707,RCV0382,False,5,M038,,ACCOUNT_TAKEOVER_LIKE,0,1,2941.41,25900.24,0,0
TXN-SYN-B6041238,CUST0784,2026-09-05 01:03:47,27898.12,CASH_OUT,647,False,611,True,95.14680125943894,RCV0013,False,0,M018,AG013,CASH_OUT_RISK,0,0,27898.12,0.0,0,0
TXN-SYN-DF70A606,CUST0641,2026-09-05 01:14:40,15466.83,CASH_OUT,1407,False,1348,True,37.08453931965457,RCV0985,False,0,,AG014,CASH_OUT_RISK,0,0,30839.6,-15372.77,0,0
TXN-SYN-9732224C,CUST0027,2026-09-05 01:18:47,21462.25,CASH_OUT,645,False,638,True,59.04330075202938,RCV0870,False,1,M036,AG012,CASH_OUT_RISK,0,1,1515.08,19947.17,0,0
TXN-SYN-546C7A34,CUST0505,2026-09-05 01:24:14,20689.64,CASH_OUT,461,False,453,True,20.296192546593346,RCV1129,False,0,,AG008,CASH_OUT_RISK,0,0,20689.64,0.0,0,0
TXN-SYN-BDDAF4DC,CUST0006,2026-09-05 01:42:56,1466.5576788288943,SEND_MONEY,29,True,0,True,297.35807614546025,RCV0463,False,3,,,ACCOUNT_TAKEOVER_LIKE,0,0,572.2,894.36,0,0
TXN-SYN-DAC81C22,CUST0595,2026-09-05 01:54:06,42638.58,CASH_OUT,1444,False,1367,True,64.79065324615871,RCV0165,False,1,M049,AG013,CASH_OUT_RISK,0,0,42638.58,0.0,0,0
TXN-SYN-A01D18BC,CUST0197,2026-09-05 01:59:12,1970.55598006773,SEND_MONEY,90,True,2,True,63.38131758257117,RCV0204,False,3,,,ACCOUNT_TAKEOVER_LIKE,0,0,250.56,1720.0,0,0
TXN-SYN-3F23B716,CUST0641,2026-09-05 02:07:03,5165.645055920853,SEND_MONEY,59,True,0,True,62.491581149314314,RCV0634,False,5,,,ACCOUNT_TAKEOVER_LIKE,1,1,23153.21,-17987.57,0,1
TXN-SYN-8BD18005,CUST0561,2026-09-05 02:25:04,21335.87,CASH_OUT,549,False,531,True,57.404494938996955,RCV0294,False,0,,AG019,CASH_OUT_RISK,0,0,21335.87,0.0,0,0
TXN-SYN-A8D6DCF2,CUST0597,2026-09-05 02:25:10,1276.5741117934676,MOBILE_RECHARGE,29,True,2,True,125.72265355660775,RCV0413,False,5,,,ACCOUNT_TAKEOVER_LIKE,0,0,1276.5741117934676,0.0,0,0
TXN-SYN-28A22D53,CUST0030,2026-09-05 02:51:03,28992.21,CASH_OUT,1114,False,1085,True,35.98778072684507,RCV0869,False,0,M021,AG003,CASH_OUT_RISK,0,0,3482.67,25509.54,0,0
TXN-SYN-69F0F4C3,CUST0125,2026-09-05 02:55:47,3102.0751650276943,CASH_OUT,37,True,2,True,162.28483591376852,RCV0261,False,4,,AG028,ACCOUNT_TAKEOVER_LIKE,0,1,17217.24,-14115.16,0,0
TXN-SYN-361BA3C1,CUST0111,2026-09-05 03:01:10,241.39233910462585,CASH_OUT,26,True,2,True,471.49758706310644,RCV1119,False,2,,AG014,ACCOUNT_TAKEOVER_LIKE,0,0,47432.04,-47190.65,0,0
TXN-SYN-CA614CD9,CUST0029,2026-09-05 03:03:17,39217.08230354789,SEND_MONEY,58,True,1,True,429.04411988360994,RCV0486,False,5,,,ACCOUNT_TAKEOVER_LIKE,0,0,11582.73,27634.35,0,0
TXN-SYN-43409342,CUST0664,2026-09-05 03:16:03,15434.56,CASH_OUT,339,False,282,True,32.982465945121895,RCV0399,False,0,,AG000,CASH_OUT_RISK,0,0,5920.31,9514.25,0,0
TXN-SYN-1EE657DB,CUST0766,2026-09-05 03:38:09,33670.9,CASH_OUT,241,False,167,True,59.39413752708078,RCV0832,False,0,,AG002,CASH_OUT_RISK,0,0,33670.9,0.0,0,0
TXN-SYN-A7F96B18,CUST0400,2026-09-05 03:48:50,21746.725080323227,MOBILE_RECHARGE,29,True,0,True,243.92152930309143,RCV0524,False,2,,,ACCOUNT_TAKEOVER_LIKE,0,0,21746.725080323227,0.0,0,0
TXN-SYN-CEFF2B9D,CUST0132,2026-09-05 04:21:35,12276.554180812398,SEND_MONEY,57,True,0,True,198.91164460108783,RCV0834,False,5,,,ACCOUNT_TAKEOVER_LIKE,0,0,1280.72,10995.83,0,0
TXN-SYN-0CB4896E,CUST0735,2026-09-05 04:24:40,2837.124332514892,CASH_IN,55,True,1,True,353.1350096773073,RCV0790,False,3,,AG018,ACCOUNT_TAKEOVER_LIKE,0,2,1778.49,1058.63,0,0
TXN-SYN-3ED6019E,CUST0190,2026-09-05 04:58:02,8989.34266297655,MERCHANT_PAYMENT,43,True,1,True,55.9540756371282,RCV1172,False,2,M048,,ACCOUNT_TAKEOVER_LIKE,0,1,19959.06,-10969.72,0,0
TXN-SYN-93DDED7B,CUST0301,2026-09-05 05:06:02,553.3818123700963,MOBILE_RECHARGE,59,True,1,True,100.35020434314808,RCV0999,False,2,,,ACCOUNT_TAKEOVER_LIKE,0,1,1405.74,-852.36,0,0
TXN-SYN-18316903,CUST0427,2026-09-05 05:11:57,38614.52279706752,CASH_OUT,15,True,2,True,58.17108452318547,RCV0824,False,2,,AG027,ACCOUNT_TAKEOVER_LIKE,0,0,38614.52279706752,0.0,0,0
TXN-SYN-DC395310,CUST0773,2026-09-05 05:12:22,8832.287252688488,MOBILE_RECHARGE,95,True,1,True,370.4846871533515,RCV0243,False,5,,,ACCOUNT_TAKEOVER_LIKE,0,0,164.04,8668.25,0,0
TXN-SYN-ECD746F5,CUST0192,2026-09-05 05:26:02,11231.585999650215,MERCHANT_PAYMENT,30,True,2,True,337.20451086209107,RCV0009,False,3,M036,,ACCOUNT_TAKEOVER_LIKE,0,0,101.85,11129.74,0,0
TXN-SYN-22F5F4AE,CUST0650,2026-09-05 05:35:13,1019.2378710618744,CASH_OUT,80,True,1,True,236.6544403882624,RCV0430,False,5,,AG029,ACCOUNT_TAKEOVER_LIKE,0,0,21789.22,-20769.98,0,0
TXN-SYN-343FD8E3,CUST0752,2026-09-05 08:05:55,784.07,SEND_MONEY,1417,False,1408,False,1.0217232303558077,RCV0599,False,0,,,NORMAL,0,0,85.03,699.04,0,0
TXN-SYN-66F7571C,CUST0181,2026-09-05 08:06:41,4297.77,BILL_PAY,1215,False,1157,False,9.902767116879037,RCV0129,False,0,,,NORMAL,0,2,243.86,4053.91,0,0
TXN-SYN-E34833B8,CUST0101,2026-09-05 08:18:50,2060.1,CASH_IN,537,False,450,False,9.927965174673155,RCV0160,False,0,,AG008,NORMAL,0,0,63955.88,-61895.78,0,0
TXN-SYN-3044277F,CUST0210,2026-09-05 08:28:00,367.79,SEND_MONEY,949,False,877,False,3.952924979506717,RCV0564,False,2,,,NORMAL,0,0,367.79,0.0,0,0
TXN-SYN-FFD6AF25,CUST0613,2026-09-05 08:29:09,1694.92,BILL_PAY,486,False,461,False,4.970893093507971,RCV1068,False,0,,,NORMAL,0,0,1694.92,0.0,0,0
TXN-SYN-1A9A80D6,CUST0112,2026-09-05 08:32:32,4096.65,CASH_OUT,733,False,708,False,6.81460115425272,RCV0455,False,0,,AG025,NORMAL,0,1,1272.38,2824.27,0,0
TXN-SYN-57A5CE6A,CUST0564,2026-09-05 08:50:02,1750.44,CASH_OUT,262,False,238,False,8.401700620654898,RCV0495,False,0,,AG011,NORMAL,0,0,1750.44,0.0,0,0
TXN-SYN-004A1B52,CUST0757,2026-09-05 09:05:17,26173.2,SEND_MONEY,1186,False,1146,False,4.454336752860302,RCV0191,True,0,,AG024,MULE_LIKE,0,0,26173.2,0.0,0,0
TXN-SYN-CC36C4AA,CUST0543,2026-09-05 09:07:59,8396.08,BILL_PAY,306,False,303,False,8.907517031004874,RCV0163,False,0,,,NORMAL,0,0,8396.08,0.0,0,0
TXN-SYN-B3C1DEA7,CUST0566,2026-09-05 09:11:21,1949.87,SEND_MONEY,849,False,789,False,4.291449033320336,RCV0320,False,0,,,NORMAL,0,2,4199.09,-2249.22,0,0
TXN-SYN-D73D520C,CUST0427,2026-09-05 09:13:50,10190.85,MERCHANT_PAYMENT,659,False,579,False,8.970502185464644,RCV0933,False,0,M034,,NORMAL,0,1,38614.52,-28423.67,0,1
TXN-SYN-87A0EAEE,CUST0581,2026-09-05 09:26:38,3050.63,SEND_MONEY,132,False,59,False,8.096750362658893,RCV1067,False,1,,,NORMAL,0,0,3050.63,0.0,0,0
TXN-SYN-54AACA78,CUST0252,2026-09-05 09:30:35,1041.52,SEND_MONEY,171,False,159,False,4.131728652465197,RCV0723,False,0,,,NORMAL,0,0,1041.52,0.0,0,0
TXN-SYN-A13B0928,CUST0206,2026-09-05 09:47:58,2965.05,SEND_MONEY,845,False,845,False,1.6802005219267857,RCV1051,False,0,,,NORMAL,0,0,2965.05,0.0,0,0
TXN-SYN-3904F10E,CUST0461,2026-09-05 10:00:43,817.14,SEND_MONEY,161,False,78,False,1.6173193667654795,RCV0142,False,0,,,NORMAL,0,0,8952.72,-8135.58,0,0
TXN-SYN-F1BFE078,CUST0067,2026-09-05 10:01:14,808.87,SEND_MONEY,1213,False,1161,False,2.9922745013949656,RCV0982,False,0,,,NORMAL,0,0,19801.12,-18992.26,0,0
TXN-SYN-501715AC,CUST0485,2026-09-05 10:02:22,6921.19,CASH_OUT,975,False,956,False,1.5915908399382983,RCV1135,False,0,,AG007,NORMAL,0,0,3797.15,3124.04,0,0
TXN-SYN-2233FF55,CUST0214,2026-09-05 10:14:38,116.44,CASH_IN,369,False,363,False,7.166238974455766,RCV0017,False,0,,AG018,NORMAL,0,0,17791.94,-17675.5,0,0
TXN-SYN-5F012192,CUST0322,2026-09-05 10:21:49,15621.35,SEND_MONEY,843,False,814,False,3.063524214080494,RCV0694,True,0,,,SCAM_LIKE,0,1,60.9,15560.45,0,1
TXN-SYN-F51CABB6,CUST0064,2026-09-05 10:33:30,5536.71,SEND_MONEY,100,False,74,False,9.092270384789499,RCV0900,False,0,,,NORMAL,0,0,1868.41,3668.3,0,0
TXN-SYN-AC71C332,CUST0676,2026-09-05 10:36:22,515.73,MERCHANT_PAYMENT,1200,False,1174,False,5.920128126203707,RCV0211,False,0,M024,,NORMAL,0,0,2594.02,-2078.29,0,0
TXN-SYN-D4AA2919,CUST0510,2026-09-05 10:55:24,2965.55,SEND_MONEY,270,False,202,False,9.99591396740233,RCV0808,False,0,,,NORMAL,0,0,128.0,2837.55,0,0
TXN-SYN-25CB956C,CUST0193,2026-09-05 10:58:01,50.0,SEND_MONEY,456,False,454,False,8.388062763146682,RCV1141,False,0,,,NORMAL,0,0,172.73,-122.73,0,0
TXN-SYN-1A1642E3,CUST0550,2026-09-05 10:59:27,358.07,CASH_OUT,854,False,834,False,6.436982369843073,RCV0765,False,0,,AG011,NORMAL,0,0,505.9,-147.82,0,0
TXN-SYN-F3BD62B1,CUST0611,2026-09-05 11:04:44,904.5,SEND_MONEY,861,False,843,False,5.031362585800877,RCV0356,False,0,,,NORMAL,0,0,579.38,325.12,0,0
TXN-SYN-25EF7B3B,CUST0236,2026-09-05 11:05:30,81.13,SEND_MONEY,548,False,510,False,7.532845012452995,RCV0637,False,0,,,NORMAL,0,1,2573.55,-2492.42,0,0
TXN-SYN-5C6A5AA2,CUST0647,2026-09-05 11:15:03,1957.78,SEND_MONEY,363,False,298,False,2.358429989432753,RCV0183,False,0,,,NORMAL,0,0,1218.52,739.26,0,0
TXN-SYN-2FA67247,CUST0161,2026-09-05 11:22:18,2572.62,MERCHANT_PAYMENT,780,False,722,False,6.470683415874429,RCV0094,False,0,M007,,NORMAL,0,0,1125.73,1446.89,0,0
TXN-SYN-40E2AFAC,CUST0263,2026-09-05 11:37:37,24393.57,SEND_MONEY,964,True,941,False,4.395416490763614,RCV0240,True,0,M028,,SCAM_LIKE,0,0,11131.64,13261.93,0,0
TXN-SYN-B8F66798,CUST0217,2026-09-05 11:38:17,137.55,SEND_MONEY,1267,False,1236,False,5.359864730125185,RCV0481,False,2,,,NORMAL,0,0,1772.74,-1635.19,0,0
TXN-SYN-AD71B671,CUST0767,2026-09-05 11:39:50,1765.48,MERCHANT_PAYMENT,707,False,682,False,0.11526014052985256,RCV0874,False,0,M035,,NORMAL,0,0,11670.19,-9904.71,0,0
TXN-SYN-49730B5C,CUST0188,2026-09-05 11:45:41,3776.77,CASH_OUT,846,False,833,False,3.9863397131034106,RCV0037,False,0,,AG010,NORMAL,0,0,1760.52,2016.24,0,0
TXN-SYN-0799795C,CUST0058,2026-09-05 11:45:54,140.34,MERCHANT_PAYMENT,1015,False,931,False,5.525003497955553,RCV0392,False,0,M006,,NORMAL,0,0,3755.6,-3615.26,0,0
TXN-SYN-4E8D1F7F,CUST0749,2026-09-05 11:48:49,10470.48,CASH_OUT,1379,False,1338,False,0.6956716313954192,RCV0808,False,0,,AG019,NORMAL,0,1,1629.98,8840.5,0,0
TXN-SYN-E2AC94C6,CUST0003,2026-09-05 11:49:14,47809.03,MOBILE_RECHARGE,823,False,794,False,7.092868733480133,RCV0626,False,0,,,NORMAL,0,0,47809.03,0.0,0,0
TXN-SYN-08DCDB75,CUST0596,2026-09-05 11:54:05,34967.85,SEND_MONEY,1494,False,1467,False,1.9828111078704191,RCV0997,True,0,,,MULE_LIKE,0,0,34967.85,0.0,0,0
TXN-SYN-443EB801,CUST0203,2026-09-05 11:55:45,45900.73,SEND_MONEY,351,False,308,False,5.407222730198733,RCV0774,True,0,,,MULE_LIKE,0,0,45900.73,0.0,0,0
TXN-SYN-5D4D59C7,CUST0202,2026-09-05 11:59:58,43412.1,SEND_MONEY,297,False,212,False,5.357746840747585,RCV0122,True,0,,,MULE_LIKE,0,0,15233.78,28178.32,0,0
TXN-SYN-4CCFA848,CUST0707,2026-09-05 12:19:34,117.32,SEND_MONEY,1255,False,1206,False,4.2089852247571935,RCV0974,False,0,,,NORMAL,0,0,2946.05,-2828.73,0,0
TXN-SYN-36E1A027,CUST0005,2026-09-05 12:32:25,5940.42,SEND_MONEY,383,False,302,False,7.483022189052266,RCV1144,False,0,,,NORMAL,0,0,536.2,5404.22,0,0
TXN-SYN-E2288E3E,CUST0652,2026-09-05 12:39:00,221.37,CASH_OUT,562,False,503,False,8.10582433810541,RCV0643,False,0,,AG027,NORMAL,0,0,221.37,0.0,0,0
TXN-SYN-6A0A6A28,CUST0466,2026-09-05 12:42:24,1173.33,SEND_MONEY,257,False,238,False,0.8645633788794171,RCV0754,False,0,,,NORMAL,0,0,1382.45,-209.12,0,0
TXN-SYN-BC193D9F,CUST0225,2026-09-05 12:56:37,1112.2,CASH_OUT,609,False,583,False,6.5822739553135055,RCV0277,False,0,,AG014,NORMAL,0,0,1112.2,0.0,0,0
TXN-SYN-000E80AC,CUST0013,2026-09-05 12:59:07,11918.31,SEND_MONEY,399,False,353,False,7.724109996272842,RCV0742,True,0,M025,,MULE_LIKE,0,0,11918.31,0.0,0,0
TXN-SYN-9AF1E0CB,CUST0335,2026-09-05 13:05:07,437.74,BILL_PAY,1159,False,1145,False,9.426871905423662,RCV0577,False,0,,,NORMAL,0,0,437.74,0.0,0,0
TXN-SYN-E7FB08DB,CUST0605,2026-09-05 13:07:43,1125.48,SEND_MONEY,1142,False,1125,False,3.6899761256344,RCV1069,False,0,,,NORMAL,0,0,26885.28,-25759.8,0,0
TXN-SYN-0A40260F,CUST0376,2026-09-05 13:30:30,333.1,SEND_MONEY,424,False,421,False,0.03247928261508881,RCV0544,False,0,,,NORMAL,0,0,267.36,65.74,0,0
TXN-SYN-2997A4FA,CUST0413,2026-09-05 13:31:11,251.23,MOBILE_RECHARGE,431,False,371,False,5.4913099536682966,RCV0133,False,0,,,NORMAL,0,0,251.23,0.0,0,0
TXN-SYN-326015FA,CUST0476,2026-09-05 13:31:36,329.3,MOBILE_RECHARGE,235,False,220,False,1.2493815535054287,RCV0953,False,0,,,NORMAL,0,0,329.3,0.0,0,0
TXN-SYN-7AC8CB2C,CUST0553,2026-09-05 13:33:38,3075.8,SEND_MONEY,710,False,638,False,6.9159711410200995,RCV0577,False,0,,,NORMAL,0,0,2222.03,853.77,0,0
TXN-SYN-CFA90ECB,CUST0595,2026-09-05 13:45:22,85.69,MERCHANT_PAYMENT,1211,False,1205,False,3.3532900745893546,RCV0545,False,0,M014,,NORMAL,0,1,42638.58,-42552.89,0,1
TXN-SYN-7E2B0934,CUST0395,2026-09-05 13:52:42,546.8,SEND_MONEY,494,False,494,False,3.67847181142801,RCV0528,False,0,,,NORMAL,0,0,546.8,0.0,0,0
TXN-SYN-3541A19A,CUST0537,2026-09-05 13:56:44,2761.18,MOBILE_RECHARGE,932,False,867,False,6.453432463252868,RCV0043,False,0,,,NORMAL,0,0,971.34,1789.84,0,0
TXN-SYN-EC58EC2A,CUST0774,2026-09-05 13:57:37,5573.61,CASH_IN,207,False,172,False,2.2206507899913808,RCV0089,False,0,,AG004,NORMAL,0,0,12680.3,-7106.69,0,0
TXN-SYN-3760392E,CUST0514,2026-09-05 13:57:38,35434.13,SEND_MONEY,556,False,542,False,2.6440771405595074,RCV0429,False,0,,,NORMAL,0,0,35434.13,0.0,0,0
TXN-SYN-AE35CD64,CUST0111,2026-09-05 13:59:44,5405.4,MERCHANT_PAYMENT,1422,False,1347,False,4.662567411173733,RCV0534,False,0,M019,,NORMAL,0,1,23836.72,-18431.32,0,1
TXN-SYN-FD06EA19,CUST0429,2026-09-05 14:01:38,3543.16,CASH_OUT,1092,False,1087,False,7.924383673996058,RCV0094,False,0,,AG005,NORMAL,0,0,49821.53,-46278.37,0,0
TXN-SYN-F16020BD,CUST0132,2026-09-05 14:04:43,3113.46,BILL_PAY,303,False,270,False,3.84670624797434,RCV0927,False,0,,,NORMAL,0,1,6778.64,-3665.18,0,0
TXN-SYN-5EA96B57,CUST0012,2026-09-05 14:13:33,87.65,CASH_OUT,248,False,238,False,7.6796675780980515,RCV0456,False,1,,AG011,NORMAL,0,0,16708.67,-16621.02,0,0
TXN-SYN-A43F8B93,CUST0757,2026-09-05 14:14:05,17078.08,SEND_MONEY,1239,False,1156,False,0.3240636406262787,RCV0271,True,0,,AG019,SCAM_LIKE,0,1,26173.2,-9095.12,0,0
TXN-SYN-62CC4FA3,CUST0502,2026-09-05 14:20:45,11279.03,BILL_PAY,567,False,535,False,0.7850986845360985,RCV1029,False,0,,,NORMAL,0,0,11279.03,0.0,0,0
TXN-SYN-EB352683,CUST0517,2026-09-05 14:22:12,10820.09,SEND_MONEY,495,False,483,False,0.8367927562306199,RCV1042,True,0,M036,,MULE_LIKE,0,0,19505.12,-8685.04,0,0
TXN-SYN-4E029BE2,CUST0639,2026-09-05 14:31:56,1099.78,MERCHANT_PAYMENT,1154,False,1100,False,3.9258775036111127,RCV0985,False,0,M007,,NORMAL,0,0,1099.78,0.0,0,0
TXN-SYN-D7C31703,CUST0497,2026-09-05 14:38:06,1248.63,SEND_MONEY,983,False,896,False,2.9159929985433752,RCV0979,False,0,,,NORMAL,0,0,1248.63,0.0,0,0
TXN-SYN-A4B5EF8B,CUST0006,2026-09-05 14:44:16,3524.87,SEND_MONEY,901,False,837,False,4.205337207282853,RCV1104,False,0,,,NORMAL,0,1,795.79,2729.08,0,0
TXN-SYN-227F0EDD,CUST0072,2026-09-05 14:52:28,23162.98,SEND_MONEY,1452,True,1442,False,0.7251549633756249,RCV0332,True,2,,AG006,SCAM_LIKE,0,0,23162.98,0.0,0,0
TXN-SYN-5964D70E,CUST0061,2026-09-05 14:57:15,2829.6,MOBILE_RECHARGE,458,False,427,False,3.653328435169451,RCV0051,False,0,,,NORMAL,0,1,35143.14,-32313.54,1,0
TXN-SYN-95BB0DAA,CUST0327,2026-09-05 15:01:08,24564.84,SEND_MONEY,845,False,843,False,1.5852023402740945,RCV0998,True,0,,,MULE_LIKE,0,0,1570.08,22994.76,0,0
TXN-SYN-085E6B4F,CUST0200,2026-09-05 15:03:39,1313.19,CASH_OUT,1151,False,1128,False,2.7934216415562663,RCV0377,False,0,,AG017,NORMAL,0,0,1313.19,0.0,0,0
TXN-SYN-49EC7DAD,CUST0480,2026-09-05 15:15:01,68617.45,BILL_PAY,953,False,930,False,2.0272027409240643,RCV0220,False,0,,,NORMAL,0,0,5942.24,62675.22,0,0
TXN-SYN-9F784BA1,CUST0411,2026-09-05 15:15:15,328.95,CASH_OUT,843,False,769,False,5.337359742897543,RCV0572,False,0,,AG007,NORMAL,0,0,382.76,-53.81,0,0
TXN-SYN-DB2041AB,CUST0294,2026-09-05 15:28:53,11242.55,MOBILE_RECHARGE,640,False,575,False,9.519764210013209,RCV0156,False,0,,,NORMAL,0,0,321.16,10921.39,0,0
TXN-SYN-C8921771,CUST0789,2026-09-05 15:32:48,11217.72,BILL_PAY,1312,False,1227,False,3.050942611509867,RCV0826,False,0,,,NORMAL,0,0,11217.72,0.0,0,0
TXN-SYN-52F0054C,CUST0323,2026-09-05 15:33:10,1074.92,MOBILE_RECHARGE,148,False,133,False,4.491234139302508,RCV0515,False,0,,,NORMAL,0,0,7174.61,-6099.69,0,0
TXN-SYN-9458B0B5,CUST0508,2026-09-05 15:34:17,19252.54,SEND_MONEY,423,True,355,False,4.0080123086202315,RCV0970,True,0,M017,,SCAM_LIKE,0,0,31012.73,-11760.19,0,0
TXN-SYN-4ED24D02,CUST0710,2026-09-05 15:45:26,650.71,CASH_OUT,217,False,197,False,6.714852574848699,RCV0960,False,0,,AG012,NORMAL,0,0,650.71,0.0,0,0
TXN-SYN-4961D95F,CUST0052,2026-09-05 16:01:18,139.88,SEND_MONEY,139,False,122,False,7.285425986619441,RCV0232,False,0,,,NORMAL,0,0,139.88,0.0,0,0
TXN-SYN-A20D89E4,CUST0041,2026-09-05 16:07:48,497.91,CASH_IN,238,False,171,False,6.8294169462533025,RCV0733,False,0,,AG005,NORMAL,0,0,497.91,0.0,0,0
TXN-SYN-428286C9,CUST0717,2026-09-05 16:09:47,16484.57,SEND_MONEY,333,True,244,False,7.863095527102798,RCV0201,True,0,M024,,SCAM_LIKE,0,0,16484.57,0.0,0,0
TXN-SYN-403201F3,CUST0154,2026-09-05 16:13:55,5490.87,SEND_MONEY,1305,False,1303,False,0.7188945460001339,RCV0503,False,0,,,NORMAL,0,0,8932.34,-3441.47,0,0
TXN-SYN-BBB7A765,CUST0423,2026-09-05 16:16:52,873.97,SEND_MONEY,1253,False,1192,False,8.123261802470616,RCV0365,False,0,,,NORMAL,0,0,4489.36,-3615.39,0,0
TXN-SYN-8D061351,CUST0206,2026-09-05 16:22:57,943.82,SEND_MONEY,389,False,349,False,4.870164861750891,RCV0212,False,0,,,NORMAL,0,1,2965.05,-2021.23,0,0
TXN-SYN-3159D77C,CUST0474,2026-09-05 16:28:54,20984.78,SEND_MONEY,1450,False,1417,False,7.709156460354234,RCV0536,True,0,,,SCAM_LIKE,0,1,6963.45,14021.33,0,0
TXN-SYN-825316EE,CUST0099,2026-09-05 16:40:43,952.03,SEND_MONEY,410,False,403,False,5.6261584138950615,RCV1011,False,0,,,NORMAL,0,0,952.03,0.0,0,0
TXN-SYN-5F8B6085,CUST0113,2026-09-05 16:41:33,1961.61,BILL_PAY,1068,False,1058,False,8.549256565110712,RCV0503,False,0,,,NORMAL,0,0,1961.61,0.0,0,0
TXN-SYN-A9D4E153,CUST0423,2026-09-05 16:51:10,19179.02,SEND_MONEY,1051,True,998,False,4.065854099658091,RCV1105,True,0,,,SCAM_LIKE,1,1,3284.23,15894.79,0,0
TXN-SYN-17980187,CUST0418,2026-09-05 17:04:07,945.53,SEND_MONEY,1000,False,996,False,7.0813121683800615,RCV0129,False,0,,,NORMAL,0,0,172.08,773.46,0,0
TXN-SYN-B1CAC532,CUST0261,2026-09-05 17:05:03,1269.67,CASH_OUT,224,False,188,False,9.559188289553193,RCV0124,False,0,,AG022,NORMAL,0,0,1269.67,0.0,0,0
TXN-SYN-52F4AF0A,CUST0015,2026-09-05 17:13:22,124.88,SEND_MONEY,1153,False,1068,False,6.443341628555435,RCV0363,False,0,,,NORMAL,0,1,16699.68,-16574.8,0,1
TXN-SYN-92BF6E86,CUST0059,2026-09-05 17:19:52,19133.48,SEND_MONEY,1241,False,1187,False,6.197788440423624,RCV0878,True,0,,,SCAM_LIKE,0,0,27571.04,-8437.56,0,0
TXN-SYN-EAE36817,CUST0068,2026-09-05 17:27:24,5020.59,SEND_MONEY,985,False,980,False,3.614536583839673,RCV0663,True,0,,,SCAM_LIKE,0,0,201.3,4819.29,0,0
TXN-SYN-55625F81,CUST0651,2026-09-05 17:27:41,188.83,MOBILE_RECHARGE,1304,False,1298,False,8.314227466318924,RCV0921,False,0,,,NORMAL,0,0,13160.2,-12971.37,0,0
TXN-SYN-B069596E,CUST0647,2026-09-05 17:28:11,401.98,CASH_IN,831,False,820,False,2.726770523944815,RCV0561,False,0,,AG002,NORMAL,0,1,1588.15,-1186.17,0,0
TXN-SYN-C3B98563,CUST0738,2026-09-05 17:41:59,27101.64,SEND_MONEY,602,False,589,False,4.937955963643907,RCV0612,True,0,,,MULE_LIKE,0,0,19589.86,7511.78,0,0
TXN-SYN-1AD8C47A,CUST0218,2026-09-05 17:43:58,253.91,MOBILE_RECHARGE,453,False,398,False,0.7573964529645871,RCV0657,False,0,,,NORMAL,0,0,1997.68,-1743.77,0,0
TXN-SYN-0D27EB1A,CUST0584,2026-09-05 17:52:54,268.79,BILL_PAY,119,False,48,False,3.3984913545992934,RCV0172,False,0,,,NORMAL,0,0,268.79,0.0,0,0
TXN-SYN-596C15DF,CUST0276,2026-09-05 17:58:15,3076.41,BILL_PAY,419,False,379,False,9.60044841168289,RCV0099,False,0,,,NORMAL,0,0,3076.41,0.0,0,0
TXN-SYN-3A675EEC,CUST0219,2026-09-05 17:59:50,1575.26,CASH_IN,1279,False,1190,False,2.7239095294880435,RCV0299,False,0,,AG016,NORMAL,0,0,12644.31,-11069.05,0,0
TXN-SYN-8A7D908E,CUST0432,2026-09-05 18:00:55,124.01,BILL_PAY,591,False,519,False,4.224545702892062,RCV0557,False,0,,,NORMAL,0,0,452.7,-328.69,0,0
TXN-SYN-BC082D37,CUST0754,2026-09-05 18:05:31,166.8,CASH_OUT,1263,False,1247,False,7.53558584739126,RCV1121,False,0,,AG003,NORMAL,0,0,166.8,0.0,0,0
TXN-SYN-FC6E8140,CUST0385,2026-09-05 18:06:13,1992.4,MOBILE_RECHARGE,111,False,31,False,3.7796835564128415,RCV0618,False,0,,,NORMAL,0,0,1327.9,664.5,0,0
TXN-SYN-59EE8172,CUST0317,2026-09-05 18:06:14,5819.87,CASH_OUT,658,False,620,False,9.444485826943033,RCV0049,False,0,,AG021,NORMAL,0,0,5819.87,0.0,0,0
TXN-SYN-B05B14C8,CUST0640,2026-09-05 18:21:55,22428.22,SEND_MONEY,336,False,282,False,9.850203721928096,RCV0674,True,0,M046,,SCAM_LIKE,0,0,268.69,22159.53,0,0
TXN-SYN-03C719E3,CUST0178,2026-09-05 18:35:03,2276.77,MOBILE_RECHARGE,917,False,865,False,0.9244321199054073,RCV0948,False,0,,,NORMAL,0,0,2584.47,-307.7,0,0
TXN-SYN-26E867F7,CUST0735,2026-09-05 18:47:37,1593.57,SEND_MONEY,380,False,344,False,3.2830871035791196,RCV1009,False,0,,,NORMAL,0,1,2131.37,-537.8,0,0
TXN-SYN-542A78B7,CUST0167,2026-09-05 18:57:32,318.42,MERCHANT_PAYMENT,352,False,292,False,6.964985728449781,RCV0434,False,0,M023,,NORMAL,0,0,3848.49,-3530.07,0,0
TXN-SYN-703E0426,CUST0660,2026-09-05 18:59:50,1071.22,MERCHANT_PAYMENT,315,False,262,False,8.394669884956729,RCV0488,False,0,M028,,NORMAL,0,0,5291.91,-4220.69,0,0
TXN-SYN-D95DB1EC,CUST0647,2026-09-05 19:15:20,21348.95,SEND_MONEY,628,False,575,False,0.6224372615878093,RCV0627,True,0,,,SCAM_LIKE,0,2,1192.76,20156.19,0,0
TXN-SYN-6A5EAA79,CUST0278,2026-09-05 19:17:07,25937.42,SEND_MONEY,707,False,653,False,6.8887892403093645,RCV0999,True,0,,,MULE_LIKE,0,0,7116.72,18820.7,0,0
TXN-SYN-93EE7219,CUST0160,2026-09-05 19:17:22,13666.66,SEND_MONEY,284,False,236,False,3.0434452516181834,RCV0998,True,0,,AG007,MULE_LIKE,0,1,18521.58,-4854.92,0,1
TXN-SYN-91B0EB46,CUST0723,2026-09-05 19:19:08,368.18,MOBILE_RECHARGE,354,False,295,False,0.4413224855658171,RCV1149,False,0,,,NORMAL,0,0,6811.44,-6443.26,0,0
TXN-SYN-70314FA2,CUST0733,2026-09-05 19:30:48,655.92,BILL_PAY,162,False,74,False,4.989652877047522,RCV0591,False,0,,,NORMAL,0,0,8517.11,-7861.19,0,0
TXN-SYN-E4BF951E,CUST0339,2026-09-05 19:31:41,1191.65,CASH_IN,381,False,311,False,2.3009079204003955,RCV0924,False,0,,AG011,NORMAL,0,0,775.68,415.98,0,0
TXN-SYN-58FAE9B4,CUST0679,2026-09-05 19:41:58,9753.38,CASH_OUT,342,False,324,False,7.5830261721051855,RCV0136,False,0,,AG022,NORMAL,0,1,7065.58,2687.8,0,0
TXN-SYN-64748574,CUST0208,2026-09-05 19:43:03,302.57,MERCHANT_PAYMENT,732,False,668,False,1.299299245357013,RCV1111,False,0,M033,,NORMAL,0,0,1928.05,-1625.48,0,0
TXN-SYN-10E68C3D,CUST0519,2026-09-05 20:08:25,448.26,MERCHANT_PAYMENT,303,False,275,False,8.159557894152066,RCV0811,False,0,M029,,NORMAL,0,0,448.26,0.0,0,0
TXN-SYN-3DAB9B70,CUST0282,2026-09-05 20:22:28,4289.86,SEND_MONEY,1476,False,1421,False,6.11940505337331,RCV0087,False,0,,,NORMAL,0,0,4289.86,0.0,0,0
TXN-SYN-EF635843,CUST0331,2026-09-05 20:40:29,2528.44,SEND_MONEY,352,False,310,False,3.014997758510053,RCV0151,False,0,,,NORMAL,0,0,2528.44,0.0,0,0
TXN-SYN-D9A08764,CUST0557,2026-09-05 20:42:32,624.49,CASH_OUT,471,False,385,False,7.2893920010515725,RCV0680,False,0,,AG014,NORMAL,0,0,624.49,0.0,0,0
TXN-SYN-2F77DC69,CUST0296,2026-09-05 20:53:07,43558.84,SEND_MONEY,643,False,560,False,4.828100933283704,RCV0999,True,0,,,MULE_LIKE,0,0,5600.26,37958.58,0,0
TXN-SYN-8B7723AF,CUST0109,2026-09-05 20:55:21,367.22,SEND_MONEY,246,False,230,False,1.7951544700063715,RCV0106,False,0,,,NORMAL,0,0,7637.57,-7270.35,0,0
TXN-SYN-A98BD03B,CUST0235,2026-09-05 21:01:43,427.87,CASH_IN,866,False,852,False,7.399312514704082,RCV1062,False,0,,AG022,NORMAL,0,0,427.87,0.0,0,0
TXN-SYN-AF0FD676,CUST0025,2026-09-05 21:02:40,2596.81,MOBILE_RECHARGE,678,False,590,False,6.361120572029383,RCV0063,False,0,,,NORMAL,0,0,2596.81,0.0,0,0
TXN-SYN-736B8BEA,CUST0178,2026-09-05 21:08:17,1565.27,CASH_IN,915,False,828,False,6.61476768856287,RCV0147,False,0,,AG022,NORMAL,0,1,2481.91,-916.64,0,0
TXN-SYN-719A383D,CUST0618,2026-09-05 21:11:44,594.82,SEND_MONEY,364,False,359,False,7.714538531378794,RCV1007,False,0,,,NORMAL,0,0,9119.27,-8524.45,0,0
TXN-SYN-A71D7E9D,CUST0003,2026-09-05 21:26:16,349.22,CASH_OUT,337,False,328,False,3.100024928799109,RCV0148,False,0,,AG017,NORMAL,0,1,47809.03,-47459.81,0,0
TXN-SYN-DE23CEB3,CUST0725,2026-09-05 21:29:23,2532.03,SEND_MONEY,1268,False,1181,False,0.5794038861610584,RCV0724,False,1,,,NORMAL,0,0,4113.42,-1581.39,0,0
TXN-SYN-3030625E,CUST0300,2026-09-05 21:34:16,481.21,SEND_MONEY,187,False,99,False,3.1813253133349084,RCV0437,False,1,,,NORMAL,0,0,20034.43,-19553.22,0,0
TXN-SYN-B521642D,CUST0000,2026-09-05 21:35:54,13766.66,SEND_MONEY,726,True,719,False,3.026222850818887,RCV0216,True,0,,,SCAM_LIKE,0,0,13766.66,0.0,0,0
TXN-SYN-B70B5D0E,CUST0702,2026-09-05 21:35:56,24968.92,SEND_MONEY,763,True,696,False,7.439339238624783,RCV0105,True,0,,,SCAM_LIKE,0,0,24968.92,0.0,0,0
TXN-SYN-22C013C6,CUST0013,2026-09-05 21:36:15,1253.09,SEND_MONEY,439,False,355,False,4.107092453916662,RCV0391,False,0,,,NORMAL,0,1,11918.31,-10665.22,0,0
TXN-SYN-7EDC8AE8,CUST0620,2026-09-05 21:37:56,3180.53,MERCHANT_PAYMENT,1127,False,1042,False,9.351487270955678,RCV0888,False,0,M031,,NORMAL,0,0,28740.73,-25560.2,0,0
TXN-SYN-876FFE87,CUST0637,2026-09-05 21:38:40,858.51,MERCHANT_PAYMENT,267,False,262,False,2.276678389694885,RCV0532,False,1,M010,,NORMAL,0,0,1223.86,-365.35,0,0
TXN-SYN-15B58DD3,CUST0286,2026-09-05 21:41:07,506.34,MOBILE_RECHARGE,225,False,136,False,8.649912181532981,RCV0314,False,0,,,NORMAL,0,0,506.34,0.0,0,0
TXN-SYN-742829A6,CUST0404,2026-09-05 21:44:28,869.12,CASH_OUT,1015,False,951,False,4.632089547226834,RCV1066,False,0,,AG009,NORMAL,0,0,1417.52,-548.41,0,0
TXN-SYN-F65CD471,CUST0104,2026-09-05 21:53:31,705.69,SEND_MONEY,1260,False,1227,False,5.541133820902018,RCV0338,False,0,,,NORMAL,0,0,194.68,511.01,0,0
TXN-SYN-A4554809,CUST0606,2026-09-05 21:58:51,909.9,CASH_OUT,895,False,807,False,7.3855949811579515,RCV0876,False,0,,AG016,NORMAL,0,0,909.9,0.0,0,0
TXN-SYN-20498037,CUST0089,2026-09-05 21:59:25,56.62,MERCHANT_PAYMENT,786,False,744,False,6.476055105817147,RCV0540,False,0,M015,,NORMAL,0,0,2445.05,-2388.43,0,0
TXN-SYN-716C11D6,CUST0163,2026-09-05 22:08:52,15554.87,CASH_OUT,881,False,814,True,58.361538968908306,RCV0480,False,0,,AG021,CASH_OUT_RISK,0,0,15554.87,0.0,0,0
TXN-SYN-81908A50,CUST0481,2026-09-05 22:37:35,48156.85,CASH_OUT,1438,False,1403,True,46.5815774997236,RCV0899,False,0,,AG003,CASH_OUT_RISK,0,0,48156.85,0.0,0,0
TXN-SYN-278E9246,CUST0043,2026-09-05 22:44:43,42301.68,CASH_OUT,1268,False,1232,True,43.8287518712169,RCV1107,False,0,,AG017,CASH_OUT_RISK,0,0,78.22,42223.46,0,0
TXN-SYN-3E61597A,CUST0786,2026-09-05 22:46:32,15989.97,CASH_OUT,977,False,936,True,49.75167996329408,RCV0961,False,0,,AG006,CASH_OUT_RISK,0,0,2511.35,13478.62,0,0
TXN-SYN-58AA6A8A,CUST0175,2026-09-05 23:18:25,20032.48,CASH_OUT,731,False,662,True,95.6286507565226,RCV0051,False,0,,AG021,CASH_OUT_RISK,0,1,15891.53,4140.95,0,0
TXN-SYN-26BC0F4E,CUST0606,2026-09-05 23:34:36,26034.43,CASH_OUT,1430,False,1375,True,53.9148522692722,RCV0666,False,0,M035,AG001,CASH_OUT_RISK,0,1,909.9,25124.53,0,1
TXN-SYN-F9B6330C,CUST0227,2026-09-05 23:34:57,36497.41,CASH_OUT,481,False,418,True,32.724074288235286,RCV0244,False,0,,AG005,CASH_OUT_RISK,0,0,7500.55,28996.86,0,0
TXN-SYN-F82AF1A4,CUST0771,2026-09-05 23:57:26,49680.71,CASH_OUT,1259,False,1253,True,68.29670962243466,RCV0729,False,0,,AG007,CASH_OUT_RISK,0,0,49680.71,0.0,0,0
TXN-SYN-960540B1,CUST0177,2026-09-06 00:13:01,1850.4939482133616,BILL_PAY,85,True,1,True,135.44689380164047,RCV0923,False,4,,,ACCOUNT_TAKEOVER_LIKE,0,0,720.71,1129.78,0,0
TXN-SYN-636034E5,CUST0410,2026-09-06 00:42:52,5359.210176061656,CASH_OUT,23,True,2,True,429.6046689875881,RCV0975,False,4,,AG014,ACCOUNT_TAKEOVER_LIKE,0,0,2284.34,3074.88,0,0
TXN-SYN-8C209A39,CUST0061,2026-09-06 01:24:14,1503.2530311959854,SEND_MONEY,41,True,2,True,320.76185467222325,RCV0086,False,2,,,ACCOUNT_TAKEOVER_LIKE,0,1,18986.37,-17483.12,0,0
TXN-SYN-0A4558CB,CUST0159,2026-09-06 01:40:11,40252.12,CASH_OUT,1321,False,1241,True,24.582098467823563,RCV0815,False,0,,AG010,CASH_OUT_RISK,0,0,485.8,39766.32,0,0
TXN-SYN-3A1EEFE8,CUST0703,2026-09-06 01:59:22,4942.293201019492,BILL_PAY,96,True,1,True,336.2220874387307,RCV0618,False,4,,,ACCOUNT_TAKEOVER_LIKE,0,0,4942.293201019492,0.0,0,0
TXN-SYN-038148D3,CUST0109,2026-09-06 02:17:34,5692.717308748373,CASH_IN,17,True,2,True,379.81501683375615,RCV0299,False,3,,AG025,ACCOUNT_TAKEOVER_LIKE,0,1,4002.4,1690.32,0,0
TXN-SYN-56520D8F,CUST0460,2026-09-06 02:28:14,1365.9907470061669,SEND_MONEY,94,True,0,True,341.350833514079,RCV0366,False,5,,,ACCOUNT_TAKEOVER_LIKE,0,0,1713.81,-347.82,0,0
TXN-SYN-DFB2AE10,CUST0102,2026-09-06 02:28:15,16184.55,CASH_OUT,1106,False,1097,True,45.045439145005346,RCV0969,False,0,,AG028,CASH_OUT_RISK,0,0,16184.55,0.0,0,0
TXN-SYN-1C026ED9,CUST0770,2026-09-06 03:00:00,48971.73,CASH_OUT,804,False,795,True,61.605006014769074,RCV0877,False,0,,AG000,CASH_OUT_RISK,0,0,48971.73,0.0,0,0
TXN-SYN-E8C15F86,CUST0301,2026-09-06 03:01:28,829.4052910361488,SEND_MONEY,71,True,1,True,317.0840533451645,RCV1130,False,5,,,ACCOUNT_TAKEOVER_LIKE,0,1,1121.62,-292.22,0,0
TXN-SYN-A760656A,CUST0082,2026-09-06 03:09:52,31510.46,CASH_OUT,1423,False,1422,True,25.71176836812267,RCV0268,False,0,,AG017,CASH_OUT_RISK,0,0,31510.46,0.0,0,0
TXN-SYN-9EB0B4B9,CUST0217,2026-09-06 04:13:36,34897.40089478939,SEND_MONEY,98,True,1,True,330.3218223208034,RCV0936,False,4,,,ACCOUNT_TAKEOVER_LIKE,0,1,955.14,33942.26,0,0
TXN-SYN-437037F4,CUST0100,2026-09-06 04:45:23,2274.6650249745508,MERCHANT_PAYMENT,19,True,1,True,411.7122007175638,RCV1109,False,5,M010,,ACCOUNT_TAKEOVER_LIKE,0,0,2274.6650249745508,0.0,0,0
TXN-SYN-3B11D87F,CUST0241,2026-09-06 05:19:06,8477.28036794846,BILL_PAY,91,True,1,True,330.08882035700515,RCV1074,False,4,,,ACCOUNT_TAKEOVER_LIKE,0,0,8477.28036794846,0.0,0,0
TXN-SYN-4FFA7F18,CUST0046,2026-09-06 05:27:08,1610.1005045649056,CASH_OUT,81,True,2,True,302.02910624934634,RCV1049,False,3,,AG027,ACCOUNT_TAKEOVER_LIKE,0,0,1610.1005045649056,0.0,0,0
TXN-SYN-BD3BD096,CUST0027,2026-09-06 05:51:28,884.1282229234897,SEND_MONEY,60,True,2,True,268.0646374389281,RCV0743,False,3,,,ACCOUNT_TAKEOVER_LIKE,0,0,8164.14,-7280.01,0,0
TXN-SYN-85831040,CUST0294,2026-09-06 08:13:52,1127.35,SEND_MONEY,764,False,748,False,8.995745732745684,RCV0615,False,0,,,NORMAL,0,1,5781.86,-4654.5,0,0
TXN-SYN-B7D4F7AB,CUST0459,2026-09-06 08:16:56,47100.14,SEND_MONEY,1068,False,1010,False,1.1835410132658752,RCV0060,True,0,,,MULE_LIKE,0,0,47100.14,0.0,0,0
TXN-SYN-6C9EDCCE,CUST0705,2026-09-06 08:17:05,3350.6,SEND_MONEY,101,False,63,False,0.5670639899768082,RCV1003,False,0,,,NORMAL,0,0,3350.6,0.0,0,0
TXN-SYN-61E2C374,CUST0516,2026-09-06 08:20:19,18644.57,BILL_PAY,1117,False,1107,False,6.518001033810671,RCV0984,False,0,,,NORMAL,0,0,4780.98,13863.6,0,0
TXN-SYN-D085FDEE,CUST0231,2026-09-06 08:25:49,49419.27,SEND_MONEY,205,False,124,False,6.3062437386533245,RCV0159,True,0,,AG004,MULE_LIKE,0,0,5064.34,44354.94,0,0
TXN-SYN-31B37FCD,CUST0701,2026-09-06 08:26:12,3120.03,CASH_IN,262,False,249,False,3.809912736683999,RCV0528,False,0,,AG021,NORMAL,0,0,152.44,2967.59,0,0
TXN-SYN-27A3ACE3,CUST0415,2026-09-06 08:28:20,4465.13,CASH_IN,999,False,989,False,6.957949669407455,RCV0254,False,0,,AG022,NORMAL,0,0,20191.12,-15725.98,0,0
TXN-SYN-A19F0B64,CUST0482,2026-09-06 08:28:23,57.33,SEND_MONEY,1044,False,1021,False,0.8980380157404289,RCV0829,False,0,,,NORMAL,0,0,22046.8,-21989.48,0,0
TXN-SYN-513A07DB,CUST0005,2026-09-06 08:32:50,349.19,SEND_MONEY,204,False,129,False,7.271028277136562,RCV0191,False,0,,,NORMAL,0,1,3238.31,-2889.12,0,0
TXN-SYN-8C1E2CA8,CUST0701,2026-09-06 08:50:39,3625.9,SEND_MONEY,355,False,317,False,1.2058930723159234,RCV0254,False,0,,,NORMAL,1,1,1636.24,1989.66,0,0
TXN-SYN-48CA4131,CUST0406,2026-09-06 08:51:42,396.36,MOBILE_RECHARGE,236,False,182,False,9.492508196347979,RCV0938,False,0,,,NORMAL,0,0,396.36,0.0,0,0
TXN-SYN-D267A752,CUST0168,2026-09-06 09:01:39,1177.76,CASH_OUT,620,False,598,False,8.618640162829053,RCV1116,False,0,,AG013,NORMAL,0,0,1177.76,0.0,0,0
TXN-SYN-089CEB39,CUST0254,2026-09-06 09:01:58,75830.09,MOBILE_RECHARGE,703,False,676,False,5.229544551851182,RCV1159,False,0,,,NORMAL,0,0,766.42,75063.67,0,0
TXN-SYN-98CE0C3B,CUST0454,2026-09-06 09:02:17,3974.79,BILL_PAY,548,False,472,False,4.837138323907132,RCV1176,False,0,,,NORMAL,0,0,372.31,3602.48,0,0
TXN-SYN-9A425045,CUST0609,2026-09-06 09:06:24,3236.34,SEND_MONEY,950,False,876,False,3.7567225188172646,RCV1125,False,0,,,NORMAL,0,0,3425.2,-188.86,0,0
TXN-SYN-56BA042A,CUST0576,2026-09-06 09:10:49,707.92,SEND_MONEY,707,False,692,False,6.82294424293312,RCV1075,False,0,,,NORMAL,0,0,707.92,0.0,0,0
TXN-SYN-5789B6E6,CUST0107,2026-09-06 09:15:40,211.74,SEND_MONEY,889,False,875,False,0.079254580074275,RCV0095,False,0,,,NORMAL,0,0,211.74,0.0,0,0
TXN-SYN-3ACB54D2,CUST0704,2026-09-06 09:17:59,36486.92,SEND_MONEY,857,False,815,False,2.486918094711351,RCV0847,True,0,M015,,MULE_LIKE,0,0,36486.92,0.0,0,0
TXN-SYN-25227349,CUST0261,2026-09-06 09:39:59,261.59,SEND_MONEY,373,False,330,False,0.9363289333362923,RCV0849,False,1,,,NORMAL,0,1,1269.67,-1008.08,0,1
TXN-SYN-8261C0E7,CUST0131,2026-09-06 09:42:01,385.74,SEND_MONEY,1322,False,1279,False,9.189367014936865,RCV0867,False,0,,,NORMAL,0,0,385.74,0.0,0,0
TXN-SYN-2EC553DE,CUST0206,2026-09-06 09:42:51,2428.98,CASH_IN,243,False,210,False,1.7114164974606416,RCV0203,False,0,,AG003,NORMAL,0,2,1954.44,474.54,0,0
TXN-SYN-9F8FCE61,CUST0783,2026-09-06 09:47:05,46073.53,SEND_MONEY,235,False,215,False,2.7154476866843913,RCV0543,True,0,,AG027,MULE_LIKE,0,0,493.87,45579.66,0,0
TXN-SYN-8911B2D9,CUST0543,2026-09-06 09:51:27,15413.94,SEND_MONEY,252,False,185,False,4.672944932697983,RCV0088,True,0,,,SCAM_LIKE,0,0,8396.08,7017.86,0,0
TXN-SYN-3D828982,CUST0729,2026-09-06 10:07:14,131.88,SEND_MONEY,1374,False,1334,False,6.51578927980252,RCV1020,False,0,,,NORMAL,0,0,769.08,-637.2,0,0
TXN-SYN-F4D709FE,CUST0220,2026-09-06 10:08:52,1654.96,SEND_MONEY,1496,False,1451,False,2.094397740878181,RCV0198,False,0,,,NORMAL,0,0,241.12,1413.84,0,0
TXN-SYN-CE730493,CUST0762,2026-09-06 10:14:10,4204.13,SEND_MONEY,292,False,226,False,3.2924203352463066,RCV0979,False,0,,,NORMAL,0,0,4204.13,0.0,0,0
TXN-SYN-8C7D83C3,CUST0645,2026-09-06 10:34:06,15311.05,SEND_MONEY,578,False,572,False,9.1477550404013,RCV0063,True,0,M036,,SCAM_LIKE,0,0,8385.1,6925.95,0,0
TXN-SYN-FF2E528D,CUST0366,2026-09-06 10:45:28,254.16,BILL_PAY,905,False,826,False,8.183730538698947,RCV0113,False,0,,,NORMAL,0,0,586.19,-332.03,0,0
TXN-SYN-CC9CBBA4,CUST0615,2026-09-06 10:46:28,13556.97,CASH_IN,490,False,440,False,3.3490561465708613,RCV0103,False,0,,AG014,NORMAL,0,0,4479.76,9077.21,0,0
TXN-SYN-4FC30F3B,CUST0747,2026-09-06 10:48:53,153.06,SEND_MONEY,309,False,280,False,5.837442560421592,RCV0204,False,0,,,NORMAL,0,0,153.06,0.0,0,0
TXN-SYN-0B8BE5C3,CUST0780,2026-09-06 10:51:11,172.04,BILL_PAY,596,False,578,False,1.0948236606899397,RCV0225,False,1,,,NORMAL,0,0,172.04,0.0,0,0
TXN-SYN-20173856,CUST0257,2026-09-06 11:16:49,6589.72,MERCHANT_PAYMENT,836,False,755,False,6.349140441376434,RCV0693,False,0,M044,,NORMAL,0,0,6589.72,0.0,0,0
TXN-SYN-60AFF450,CUST0218,2026-09-06 11:23:19,1836.59,BILL_PAY,687,False,671,False,4.694050923975636,RCV0693,False,0,,,NORMAL,0,1,1125.8,710.79,0,0
TXN-SYN-3B9BBCC7,CUST0027,2026-09-06 11:31:04,1326.96,SEND_MONEY,235,False,168,False,5.601806961668484,RCV0354,False,1,,,NORMAL,0,1,6344.13,-5017.17,0,0
TXN-SYN-49CC2474,CUST0383,2026-09-06 11:31:32,4138.29,SEND_MONEY,1171,False,1097,False,0.7847231225161566,RCV0150,False,0,,,NORMAL,0,0,4138.29,0.0,0,0
TXN-SYN-4CC87E03,CUST0013,2026-09-06 11:38:54,2004.65,SEND_MONEY,1306,False,1233,False,2.9363306292695324,RCV0164,False,0,,,NORMAL,0,2,6585.7,-4581.05,0,0
TXN-SYN-8023183F,CUST0308,2026-09-06 11:50:18,438.44,BILL_PAY,1061,False,1044,False,7.158714501742809,RCV0358,False,0,,,NORMAL,0,0,4154.97,-3716.53,0,0
TXN-SYN-A10232A0,CUST0635,2026-09-06 12:02:26,1021.67,SEND_MONEY,1450,False,1439,False,8.825194350803846,RCV0421,False,0,,,NORMAL,0,0,1021.67,0.0,0,0
TXN-SYN-33B1F38F,CUST0222,2026-09-06 12:05:04,42198.12,SEND_MONEY,1330,False,1301,False,2.2910938217988153,RCV0757,True,0,,,MULE_LIKE,0,0,42198.12,0.0,0,0
TXN-SYN-AEB7572C,CUST0277,2026-09-06 12:06:50,14972.49,SEND_MONEY,618,False,553,False,5.094018695309703,RCV0127,True,0,,,SCAM_LIKE,0,0,29875.08,-14902.59,0,0
TXN-SYN-3CF80D10,CUST0579,2026-09-06 12:16:28,7070.28,SEND_MONEY,1132,False,1091,False,4.3300493011248005,RCV0553,False,0,,,NORMAL,0,0,703.66,6366.62,0,0
TXN-SYN-D8ADBB86,CUST0224,2026-09-06 12:19:32,3717.33,BILL_PAY,752,False,692,False,8.409420244918254,RCV0953,False,0,,,NORMAL,0,0,1816.9,1900.44,0,0
TXN-SYN-2FBBE904,CUST0390,2026-09-06 12:23:12,465.3,SEND_MONEY,1471,False,1425,False,3.1892905281595207,RCV1115,False,0,,,NORMAL,0,0,465.3,0.0,0,0
TXN-SYN-068B5D84,CUST0273,2026-09-06 12:23:21,737.33,SEND_MONEY,990,False,909,False,2.6447181666719075,RCV0258,False,0,,,NORMAL,0,0,737.33,0.0,0,0
TXN-SYN-22133C9D,CUST0458,2026-09-06 12:24:31,128.05,CASH_IN,1382,False,1296,False,0.8051500979931048,RCV0103,False,0,,AG002,NORMAL,0,0,128.05,0.0,0,0
TXN-SYN-2C60060D,CUST0438,2026-09-06 12:32:35,45481.36,SEND_MONEY,1333,False,1303,False,6.764864921276649,RCV0779,True,1,,,MULE_LIKE,0,0,45481.36,0.0,0,0
TXN-SYN-129D7BF1,CUST0603,2026-09-06 12:40:48,1313.93,CASH_IN,1490,False,1418,False,4.623863184426856,RCV0578,False,0,,AG002,NORMAL,0,0,1313.93,0.0,0,0
TXN-SYN-EA1100FF,CUST0216,2026-09-06 12:45:30,3228.87,SEND_MONEY,952,False,889,False,7.207251120266789,RCV0455,False,0,,,NORMAL,0,0,3228.87,0.0,0,0
TXN-SYN-526626CF,CUST0210,2026-09-06 12:49:51,22124.17,SEND_MONEY,161,False,76,False,3.118522116012513,RCV0170,True,0,,,SCAM_LIKE,0,0,367.79,21756.38,0,0
TXN-SYN-8D9775A1,CUST0665,2026-09-06 12:50:55,4753.91,SEND_MONEY,757,False,699,False,0.04187443627957865,RCV0936,False,0,,,NORMAL,0,0,614.34,4139.57,0,0
TXN-SYN-473D222E,CUST0385,2026-09-06 12:59:59,11838.49,SEND_MONEY,1122,False,1045,False,1.0480398953958903,RCV0998,True,1,,AG011,MULE_LIKE,0,1,1660.15,10178.34,0,0
TXN-SYN-6DF73EC3,CUST0366,2026-09-06 13:03:49,302.1,SEND_MONEY,1239,False,1161,False,8.260646845482855,RCV0931,False,0,,,NORMAL,0,1,420.18,-118.07,0,0
TXN-SYN-C7A4184E,CUST0249,2026-09-06 13:10:50,33161.67,SEND_MONEY,170,False,85,False,2.4467400786895688,RCV0073,True,0,,,MULE_LIKE,0,0,33161.67,0.0,0,0
TXN-SYN-D63046AC,CUST0710,2026-09-06 13:15:49,345.66,SEND_MONEY,1224,False,1195,False,5.463772609802583,RCV0287,False,0,,,NORMAL,0,1,650.71,-305.05,0,1
TXN-SYN-4DFDE145,CUST0019,2026-09-06 13:18:37,72.75,BILL_PAY,734,False,708,False,0.05416298342469705,RCV0447,False,0,,,NORMAL,0,0,866.49,-793.74,0,0
TXN-SYN-AA89F6F7,CUST0565,2026-09-06 13:27:56,55.06,CASH_OUT,304,False,228,False,1.1580488934740774,RCV0113,False,0,,AG000,NORMAL,0,0,1531.11,-1476.05,0,0
TXN-SYN-F98FE579,CUST0358,2026-09-06 13:29:09,2003.34,MERCHANT_PAYMENT,578,False,542,False,1.2804948482368073,RCV0024,False,0,M019,,NORMAL,0,0,16762.03,-14758.69,0,0
TXN-SYN-A2A6D399,CUST0042,2026-09-06 13:29:20,14868.16,SEND_MONEY,344,False,264,False,9.01741676040642,RCV0628,False,0,,,NORMAL,0,0,11702.56,3165.59,0,0
TXN-SYN-5AB82E72,CUST0476,2026-09-06 13:33:18,116.01,SEND_MONEY,860,False,857,False,1.6840794901002998,RCV0397,False,0,,,NORMAL,0,0,329.3,-213.29,0,0
TXN-SYN-02FD82DF,CUST0320,2026-09-06 13:44:14,6131.81,SEND_MONEY,928,False,872,False,2.1721740072551055,RCV0090,False,0,,,NORMAL,0,0,13783.58,-7651.77,0,0
TXN-SYN-36528782,CUST0433,2026-09-06 13:51:14,557.18,CASH_OUT,810,False,749,False,4.893862613235748,RCV1167,False,0,,AG008,NORMAL,0,0,22631.91,-22074.73,0,0
TXN-SYN-B4E942BD,CUST0080,2026-09-06 14:00:45,1279.72,MERCHANT_PAYMENT,950,False,923,False,4.393488028462203,RCV0877,False,0,M011,,NORMAL,0,0,1927.33,-647.61,0,0
TXN-SYN-7C37B2ED,CUST0295,2026-09-06 14:07:08,8592.91,SEND_MONEY,686,True,606,False,9.336789061329352,RCV1045,True,0,,AG007,SCAM_LIKE,0,0,524.21,8068.7,0,0
TXN-SYN-0FC4B340,CUST0362,2026-09-06 14:17:13,451.13,MOBILE_RECHARGE,1197,False,1191,False,1.3257286726953044,RCV0930,False,0,,,NORMAL,0,0,92991.39,-92540.26,0,0
TXN-SYN-A3148268,CUST0567,2026-09-06 14:17:30,615.48,SEND_MONEY,434,False,388,False,1.867854222565356,RCV1122,False,0,,,NORMAL,0,0,7615.72,-7000.24,0,0
TXN-SYN-1CCF41B5,CUST0681,2026-09-06 14:26:51,12037.95,SEND_MONEY,1258,False,1221,False,2.443366503807077,RCV0594,True,0,M036,,MULE_LIKE,0,0,279.45,11758.5,0,0
TXN-SYN-BBBB48B7,CUST0433,2026-09-06 14:29:31,13945.05,SEND_MONEY,354,True,283,False,6.703058812907523,RCV0016,True,0,,,SCAM_LIKE,1,1,11594.54,2350.5,0,1
TXN-SYN-B9D9B6C4,CUST0227,2026-09-06 14:30:50,3595.58,SEND_MONEY,781,False,740,False,6.633258578816675,RCV0337,False,0,,,NORMAL,0,1,17166.17,-13570.59,0,1
TXN-SYN-C8592660,CUST0368,2026-09-06 14:33:37,5180.64,SEND_MONEY,913,False,891,False,3.8394882873420166,RCV0555,False,0,,,NORMAL,0,0,49637.51,-44456.87,0,0
TXN-SYN-B74C8CFD,CUST0305,2026-09-06 14:44:31,844.82,MERCHANT_PAYMENT,292,False,290,False,6.925933110655878,RCV0698,False,0,M020,,NORMAL,0,0,12537.84,-11693.02,0,0
TXN-SYN-81DC86F0,CUST0332,2026-09-06 14:47:45,13472.41,MERCHANT_PAYMENT,896,False,828,False,0.38363861355701134,RCV0997,False,0,M024,,NORMAL,0,0,1506.76,11965.65,0,0
TXN-SYN-9C958A8A,CUST0726,2026-09-06 14:54:50,17667.3,SEND_MONEY,559,False,492,False,1.373973810103708,RCV0953,True,0,,,SCAM_LIKE,0,0,380.88,17286.42,0,0
TXN-SYN-FEFF9241,CUST0099,2026-09-06 14:56:25,440.28,MOBILE_RECHARGE,1095,False,1075,False,9.374671878137445,RCV0328,False,0,,,NORMAL,0,1,952.03,-511.75,0,0
TXN-SYN-0AF3E462,CUST0263,2026-09-06 14:59:47,3568.47,CASH_IN,190,False,115,False,6.26589051672234,RCV1165,False,0,,AG002,NORMAL,0,0,17762.6,-14194.14,0,0
TXN-SYN-0655167B,CUST0637,2026-09-06 15:01:10,140.07,BILL_PAY,619,False,536,False,1.412579532039594,RCV0457,False,0,,,NORMAL,0,1,1041.18,-901.12,0,0
TXN-SYN-C1CE303D,CUST0516,2026-09-06 15:05:01,239.34,SEND_MONEY,166,False,123,False,3.243337531153756,RCV0427,False,0,,,NORMAL,0,1,9402.17,-9162.83,0,0
TXN-SYN-7F8041DC,CUST0683,2026-09-06 15:06:39,981.2,MERCHANT_PAYMENT,1312,False,1248,False,0.5650936534773732,RCV0658,False,0,M005,,NORMAL,0,0,981.2,0.0,0,0
TXN-SYN-275D55BA,CUST0604,2026-09-06 15:13:06,1194.06,SEND_MONEY,1113,False,1076,False,5.694513674875033,RCV1118,False,0,,,NORMAL,0,0,1194.06,0.0,0,0
TXN-SYN-F0127D7B,CUST0655,2026-09-06 15:17:27,6848.25,CASH_OUT,849,False,781,False,5.283446934365542,RCV0958,False,0,,AG015,NORMAL,0,0,1140.56,5707.69,0,0
TXN-SYN-99163FEB,CUST0174,2026-09-06 15:23:18,446.83,SEND_MONEY,1337,False,1306,False,6.151899306589598,RCV1009,False,0,,,NORMAL,0,0,446.83,0.0,0,0
TXN-SYN-B11DFD85,CUST0394,2026-09-06 15:27:04,770.33,SEND_MONEY,1013,False,944,False,9.621219725920497,RCV0954,False,0,,,NORMAL,0,0,20709.46,-19939.13,0,0
TXN-SYN-A25A5B80,CUST0611,2026-09-06 15:28:32,5933.57,MOBILE_RECHARGE,790,False,754,False,1.1602268134816929,RCV0910,False,0,,,NORMAL,0,0,741.94,5191.63,0,0
TXN-SYN-736AEB03,CUST0507,2026-09-06 15:37:11,1450.05,CASH_OUT,996,False,973,False,1.8358244370003496,RCV1112,False,0,,AG019,NORMAL,0,0,219.68,1230.37,0,0
TXN-SYN-C3027908,CUST0361,2026-09-06 15:42:55,855.45,SEND_MONEY,665,False,655,False,5.125226392306429,RCV0168,False,0,,,NORMAL,0,0,685.38,170.07,0,0
TXN-SYN-07BAAEE2,CUST0070,2026-09-06 15:44:00,28315.82,CASH_OUT,463,False,435,False,0.5899643853710246,RCV0611,False,0,,AG020,NORMAL,0,0,5825.86,22489.96,0,0
TXN-SYN-683F6752,CUST0006,2026-09-06 15:45:23,193.36,MERCHANT_PAYMENT,1013,False,927,False,8.533292165587877,RCV1178,False,0,M016,,NORMAL,0,0,1341.61,-1148.25,0,0
TXN-SYN-AC4B7F0F,CUST0349,2026-09-06 15:47:16,3253.12,SEND_MONEY,681,False,647,False,1.086265926254013,RCV0740,False,0,,,NORMAL,0,0,554.17,2698.95,0,0
TXN-SYN-2BDE8B2E,CUST0052,2026-09-06 15:53:55,842.73,SEND_MONEY,1050,False,999,False,9.838803609639978,RCV0640,False,0,,,NORMAL,0,1,139.88,702.85,0,0
TXN-SYN-524B0ABE,CUST0288,2026-09-06 16:09:32,29759.26,SEND_MONEY,1050,False,1018,False,0.3353243473577938,RCV0477,True,0,M009,,MULE_LIKE,0,0,3593.06,26166.2,0,0
TXN-SYN-2850E758,CUST0516,2026-09-06 16:10:32,2999.23,SEND_MONEY,203,False,127,False,8.254156641239481,RCV0827,False,0,,,NORMAL,0,2,7111.46,-4112.24,0,0
TXN-SYN-0739A58A,CUST0131,2026-09-06 16:14:37,1731.72,CASH_OUT,1423,False,1391,False,1.124377446139726,RCV0750,False,0,,AG006,NORMAL,0,1,385.74,1345.98,0,0
TXN-SYN-B249C7F6,CUST0172,2026-09-06 16:23:15,5893.22,SEND_MONEY,1286,True,1236,False,7.816870977663974,RCV0501,True,0,,AG011,SCAM_LIKE,0,0,365.33,5527.89,0,0
TXN-SYN-D057614F,CUST0136,2026-09-06 16:24:46,7212.11,MOBILE_RECHARGE,602,False,572,False,8.733413076045997,RCV1053,False,0,,,NORMAL,0,0,7212.11,0.0,0,0
TXN-SYN-B8CC5B96,CUST0335,2026-09-06 16:31:42,2009.04,SEND_MONEY,1285,False,1206,False,5.7217187728765655,RCV0210,False,0,,,NORMAL,0,0,437.74,1571.3,0,0
TXN-SYN-EF271CF5,CUST0564,2026-09-06 16:39:34,24086.15,SEND_MONEY,1353,False,1305,False,3.020527031679964,RCV0233,True,0,,,SCAM_LIKE,0,0,1750.44,22335.71,0,0
TXN-SYN-575BE54C,CUST0165,2026-09-06 16:53:21,7849.91,SEND_MONEY,1211,False,1171,False,2.4204501586252745,RCV0010,True,2,,,SCAM_LIKE,0,0,7849.91,0.0,0,0
TXN-SYN-861A0B09,CUST0351,2026-09-06 16:55:31,2397.38,SEND_MONEY,1369,False,1285,False,2.4517692429004567,RCV0439,False,0,,,NORMAL,0,0,2397.38,0.0,0,0
TXN-SYN-0CFCAFB1,CUST0440,2026-09-06 16:59:40,2090.44,SEND_MONEY,1175,False,1102,False,6.9580953126465515,RCV0974,False,0,,,NORMAL,0,0,2090.44,0.0,0,0
TXN-SYN-BB7F2CB0,CUST0441,2026-09-06 17:00:59,1109.77,CASH_OUT,934,False,924,False,1.3677925504509458,RCV0038,False,0,,AG008,NORMAL,0,0,1689.41,-579.64,0,0
TXN-SYN-4E9802DA,CUST0076,2026-09-06 17:04:25,653.59,BILL_PAY,814,False,773,False,4.77978146354054,RCV0321,False,1,,,NORMAL,0,0,1697.36,-1043.77,0,0
TXN-SYN-BD226ACE,CUST0152,2026-09-06 17:05:16,25007.06,SEND_MONEY,582,False,497,False,3.6214878348023682,RCV0853,True,0,,,MULE_LIKE,0,0,253.56,24753.5,0,0
TXN-SYN-17589005,CUST0463,2026-09-06 17:06:52,14162.41,SEND_MONEY,1344,False,1302,False,5.236920342952775,RCV0163,False,0,,,NORMAL,0,0,7610.23,6552.18,0,0
TXN-SYN-9F951A71,CUST0131,2026-09-06 17:12:50,373.56,SEND_MONEY,1216,False,1176,False,8.054645015753154,RCV0451,False,0,,,NORMAL,1,2,1058.73,-685.17,0,1
TXN-SYN-47C222FD,CUST0165,2026-09-06 17:29:21,1082.88,SEND_MONEY,1228,False,1193,False,5.410512228305803,RCV0003,False,0,,,NORMAL,1,1,7849.91,-6767.03,0,0
TXN-SYN-3C55B985,CUST0606,2026-09-06 17:29:34,503.62,SEND_MONEY,523,False,453,False,3.6524745187621086,RCV0720,False,0,,,NORMAL,0,2,13472.16,-12968.54,0,2
TXN-SYN-A2236F39,CUST0693,2026-09-06 17:38:49,16944.46,SEND_MONEY,756,True,741,False,2.682032535749804,RCV0490,True,0,,,SCAM_LIKE,0,0,451.73,16492.73,0,0
TXN-SYN-01484701,CUST0580,2026-09-06 17:41:43,114.8,SEND_MONEY,627,False,559,False,0.573075925284593,RCV0238,False,0,,,NORMAL,0,0,1011.7,-896.9,0,0
TXN-SYN-3FE49497,CUST0105,2026-09-06 17:44:46,31839.77,SEND_MONEY,389,False,383,False,9.452962449373846,RCV0170,True,0,,,MULE_LIKE,0,0,31839.77,0.0,0,0
TXN-SYN-B5528865,CUST0227,2026-09-06 17:46:40,463.37,BILL_PAY,772,False,733,False,5.592580130393432,RCV0565,False,0,,,NORMAL,0,2,13773.52,-13310.15,0,1
TXN-SYN-9A94A90F,CUST0587,2026-09-06 17:46:59,33470.19,SEND_MONEY,672,False,606,False,5.792200352275579,RCV0446,True,0,,,MULE_LIKE,0,0,33470.19,0.0,0,0
TXN-SYN-B04479CB,CUST0442,2026-09-06 17:47:24,574.76,SEND_MONEY,720,False,682,False,7.7886562658479574,RCV0377,False,0,,,NORMAL,0,0,2669.33,-2094.57,0,0
TXN-SYN-4A1BAEE8,CUST0523,2026-09-06 17:51:29,4473.91,SEND_MONEY,1412,False,1384,False,4.13054347953398,RCV1091,False,0,,,NORMAL,0,0,10455.16,-5981.25,0,0
TXN-SYN-CF54D4C4,CUST0125,2026-09-06 17:59:51,402.78,CASH_IN,615,False,568,False,5.497082203690948,RCV0840,False,0,,AG027,NORMAL,0,0,10159.66,-9756.88,0,0
TXN-SYN-0A15C3F8,CUST0327,2026-09-06 18:09:46,12565.11,MERCHANT_PAYMENT,293,False,221,False,5.563566806997877,RCV0931,False,0,M013,,NORMAL,0,0,7318.77,5246.34,0,0
TXN-SYN-4BEBB805,CUST0594,2026-09-06 18:27:22,3564.53,MOBILE_RECHARGE,964,False,942,False,6.838933547776769,RCV0992,False,0,,,NORMAL,0,0,13085.71,-9521.18,0,0
TXN-SYN-B0F2243E,CUST0671,2026-09-06 18:42:43,1835.66,SEND_MONEY,1370,False,1370,False,6.7560790810953115,RCV1016,False,0,,,NORMAL,0,0,1835.66,0.0,0,0
TXN-SYN-8CCDDE87,CUST0250,2026-09-06 18:48:41,193.37,MERCHANT_PAYMENT,947,False,924,False,4.780024793583103,RCV0162,False,0,M035,,NORMAL,0,0,23355.16,-23161.79,0,0
TXN-SYN-936853C2,CUST0765,2026-09-06 18:50:34,552.39,SEND_MONEY,610,False,602,False,8.670601823789474,RCV1185,False,0,,,NORMAL,0,0,552.39,0.0,0,0
TXN-SYN-66ED7F48,CUST0529,2026-09-06 18:53:55,3318.57,BILL_PAY,312,False,265,False,6.750050885823571,RCV0387,False,0,,,NORMAL,0,0,3318.57,0.0,0,0
TXN-SYN-3A29CEEE,CUST0652,2026-09-06 18:59:04,17961.03,SEND_MONEY,962,True,920,False,0.5233399595224564,RCV0888,True,0,,AG023,SCAM_LIKE,0,0,221.37,17739.66,0,0
TXN-SYN-09B139A2,CUST0366,2026-09-06 19:09:23,50.74,CASH_IN,1346,False,1277,False,9.372715463030843,RCV1103,False,0,,AG021,NORMAL,0,2,380.82,-330.08,0,0
TXN-SYN-8AD65A2A,CUST0409,2026-09-06 19:31:12,814.29,MOBILE_RECHARGE,427,False,384,False,0.4243972579174127,RCV1166,False,1,,,NORMAL,0,0,814.29,0.0,0,0
TXN-SYN-01893CB1,CUST0365,2026-09-06 19:36:02,1216.96,MOBILE_RECHARGE,269,False,198,False,8.209593861365303,RCV0365,False,1,,,NORMAL,0,0,44748.62,-43531.66,0,0
TXN-SYN-DAA2DCCB,CUST0200,2026-09-06 19:43:34,252.91,MOBILE_RECHARGE,1299,False,1252,False,7.10493316472639,RCV0294,False,0,,,NORMAL,0,0,1313.19,-1060.28,0,0
TXN-SYN-FC647284,CUST0237,2026-09-06 19:49:42,379.57,CASH_OUT,485,False,479,False,6.134731386391763,RCV1127,False,0,,AG026,NORMAL,0,0,379.57,0.0,0,0
TXN-SYN-E3CAF824,CUST0661,2026-09-06 20:20:16,108.06,SEND_MONEY,1018,False,987,False,2.5382925235944667,RCV1148,False,0,,,NORMAL,0,0,40450.92,-40342.86,0,0
TXN-SYN-310C56D0,CUST0750,2026-09-06 20:39:53,50.14,SEND_MONEY,1235,False,1201,False,7.0031744361561055,RCV0427,False,0,,,NORMAL,0,0,50.14,0.0,0,0
TXN-SYN-66BD1BF8,CUST0382,2026-09-06 20:41:41,651.78,MOBILE_RECHARGE,1170,False,1086,False,9.648231254722479,RCV0597,False,0,,,NORMAL,0,0,651.78,0.0,0,0
TXN-SYN-4FACC7FE,CUST0134,2026-09-06 20:44:15,2182.93,BILL_PAY,599,False,565,False,3.3040801386240606,RCV0819,False,0,,,NORMAL,0,0,23522.91,-21339.98,0,0
TXN-SYN-79B8C498,CUST0423,2026-09-06 20:47:35,9431.87,SEND_MONEY,1387,False,1333,False,5.155469940751422,RCV0470,True,0,,,SCAM_LIKE,0,0,7257.93,2173.94,0,0
TXN-SYN-25A275AD,CUST0586,2026-09-06 20:52:41,12976.08,SEND_MONEY,1046,False,1016,False,0.1982304339946228,RCV0223,True,0,,AG003,MULE_LIKE,0,0,807.48,12168.6,0,0
TXN-SYN-271E3189,CUST0093,2026-09-06 20:53:28,1086.93,SEND_MONEY,1375,False,1368,False,1.6419900302525492,RCV0609,False,0,,,NORMAL,0,0,1086.93,0.0,0,0
TXN-SYN-1878F0D8,CUST0264,2026-09-06 20:54:14,104.32,SEND_MONEY,1099,False,1079,False,9.477987391399228,RCV1016,False,0,,,NORMAL,0,0,15518.63,-15414.31,0,0
TXN-SYN-40F5552C,CUST0525,2026-09-06 20:55:38,3517.56,CASH_OUT,652,False,591,False,0.9739339255355217,RCV0333,False,0,,AG013,NORMAL,0,0,8353.53,-4835.97,0,0
TXN-SYN-11671980,CUST0752,2026-09-06 21:02:58,2227.25,MOBILE_RECHARGE,570,False,486,False,0.6635526100004918,RCV0162,False,0,,,NORMAL,0,0,434.55,1792.7,0,0
TXN-SYN-D6918B31,CUST0116,2026-09-06 21:04:55,104.56,MOBILE_RECHARGE,390,False,306,False,4.277614078495259,RCV0128,False,0,,,NORMAL,0,0,336.44,-231.88,0,0
TXN-SYN-A4BDAC33,CUST0468,2026-09-06 21:06:03,50.0,BILL_PAY,287,False,231,False,3.876735947503942,RCV0821,False,0,,,NORMAL,0,0,50.0,0.0,0,0
TXN-SYN-C8711EB6,CUST0406,2026-09-06 21:06:41,998.71,SEND_MONEY,1087,False,1016,False,7.416841289918231,RCV1116,False,0,,,NORMAL,0,1,396.36,602.35,0,0
TXN-SYN-4F8E2091,CUST0023,2026-09-06 21:13:12,477.13,CASH_OUT,188,False,174,False,8.669327045695223,RCV0405,False,0,,AG017,NORMAL,0,0,477.13,0.0,0,0
TXN-SYN-405E8814,CUST0351,2026-09-06 21:13:34,2274.44,SEND_MONEY,1432,False,1353,False,2.3221091024274054,RCV0884,False,0,,,NORMAL,0,1,2397.38,-122.94,0,0
TXN-SYN-349FD511,CUST0732,2026-09-06 21:18:27,243.75,SEND_MONEY,263,False,233,False,8.248968072087994,RCV0489,False,0,,,NORMAL,0,0,49599.22,-49355.47,0,0
TXN-SYN-9544BA3B,CUST0513,2026-09-06 21:22:20,590.68,CASH_OUT,389,False,389,False,8.083578224980739,RCV0083,False,0,,AG028,NORMAL,0,0,590.68,0.0,0,0
TXN-SYN-FED4E36E,CUST0069,2026-09-06 21:23:14,16089.24,SEND_MONEY,326,False,275,False,9.467393216744446,RCV0997,True,0,,,MULE_LIKE,0,0,8872.43,7216.81,0,0
TXN-SYN-B9A2C24C,CUST0712,2026-09-06 21:28:14,4236.22,CASH_IN,800,False,726,False,9.094281989890066,RCV0957,False,0,,AG009,NORMAL,0,0,4236.22,0.0,0,0
TXN-SYN-CBEFF2E9,CUST0623,2026-09-06 21:30:21,211.07,SEND_MONEY,1362,False,1321,False,0.35138860282232787,RCV0740,False,0,,,NORMAL,0,0,211.07,0.0,0,0
TXN-SYN-C7DEFD70,CUST0776,2026-09-06 21:33:03,2103.44,SEND_MONEY,908,False,867,False,0.6711932438375345,RCV1027,False,0,,,NORMAL,0,0,474.74,1628.7,0,0
TXN-SYN-DB331621,CUST0580,2026-09-06 21:41:03,1340.8,CASH_OUT,949,False,901,False,3.374147086864342,RCV0135,False,0,,AG009,NORMAL,0,1,563.25,777.55,0,0
TXN-SYN-82F1923A,CUST0310,2026-09-06 21:41:27,1858.73,MERCHANT_PAYMENT,1286,False,1244,False,5.170062832097086,RCV0663,False,0,M038,,NORMAL,0,0,20307.4,-18448.67,0,0
TXN-SYN-AFFB90C3,CUST0480,2026-09-06 21:48:40,2993.55,SEND_MONEY,1059,False,983,False,5.842247888317181,RCV0895,False,0,,,NORMAL,0,0,26833.97,-23840.42,0,0
TXN-SYN-D5054BE5,CUST0790,2026-09-06 21:54:28,2247.59,SEND_MONEY,600,False,587,False,6.500336842370485,RCV0697,False,0,,,NORMAL,0,0,161.72,2085.87,0,0
TXN-SYN-C01E8C43,CUST0744,2026-09-06 21:54:34,21686.28,MERCHANT_PAYMENT,608,False,553,False,7.014979005657835,RCV0939,False,2,M048,,NORMAL,0,0,21686.28,0.0,0,0
TXN-SYN-F69E9C08,CUST0259,2026-09-06 21:56:51,2824.87,MERCHANT_PAYMENT,223,False,149,False,7.399863866856117,RCV0659,False,1,M004,,NORMAL,0,0,9367.0,-6542.13,0,0
TXN-SYN-1574E3F4,CUST0735,2026-09-06 22:58:53,43460.08,CASH_OUT,161,False,145,True,89.17334724143049,RCV0356,False,0,,AG021,CASH_OUT_RISK,0,0,1996.92,41463.16,0,0
TXN-SYN-0F48C756,CUST0502,2026-09-06 23:17:06,15722.24,CASH_OUT,112,False,90,True,38.20658958886096,RCV1048,False,0,M023,AG022,CASH_OUT_RISK,0,0,11279.03,4443.21,0,0
TXN-SYN-538F0F32,CUST0568,2026-09-06 23:22:59,18951.88,CASH_OUT,1094,False,1065,True,77.43260530871072,RCV0425,False,0,,AG021,CASH_OUT_RISK,0,0,18951.88,0.0,0,0
TXN-SYN-87EA2A2C,CUST0085,2026-09-06 23:23:28,38217.01,CASH_OUT,1456,False,1437,True,67.80675441562383,RCV0633,False,0,,AG009,CASH_OUT_RISK,0,0,38217.01,0.0,0,0
TXN-SYN-01FEB627,CUST0752,2026-09-06 23:58:49,23742.03,CASH_OUT,1081,False,1024,True,44.94417095646149,RCV0414,False,0,,AG025,CASH_OUT_RISK,0,1,1032.12,22709.91,0,0
TXN-SYN-4B67332E,CUST0542,2026-09-07 01:15:27,48926.46,CASH_OUT,1199,False,1140,True,84.19452976091475,RCV0356,False,0,M049,AG020,CASH_OUT_RISK,0,0,5300.54,43625.92,0,0
TXN-SYN-2C8B16A9,CUST0638,2026-09-07 01:30:12,23946.92401843171,CASH_IN,97,True,1,True,386.0019341539866,RCV0134,False,2,,AG005,ACCOUNT_TAKEOVER_LIKE,0,0,9338.12,14608.81,0,0
TXN-SYN-05118DAA,CUST0372,2026-09-07 01:33:01,34396.27,CASH_OUT,857,False,848,True,89.95205754850255,RCV0856,False,0,,AG000,CASH_OUT_RISK,0,0,1286.44,33109.84,0,0
TXN-SYN-92FC80B1,CUST0618,2026-09-07 01:36:20,58905.47543449227,SEND_MONEY,16,True,2,True,183.15215039564924,RCV0740,False,3,,,ACCOUNT_TAKEOVER_LIKE,0,0,4857.04,54048.43,0,0
TXN-SYN-0C63F665,CUST0385,2026-09-07 01:56:37,5366.018892320734,MERCHANT_PAYMENT,99,True,0,True,107.48424359421008,RCV0991,False,4,M009,,ACCOUNT_TAKEOVER_LIKE,0,1,5052.93,313.09,0,0
TXN-SYN-6D115D16,CUST0542,2026-09-07 02:04:08,7630.0121662560705,MERCHANT_PAYMENT,73,True,1,True,161.40591496924083,RCV0936,False,2,M015,,ACCOUNT_TAKEOVER_LIKE,1,1,19842.51,-12212.5,0,1
TXN-SYN-237971E2,CUST0202,2026-09-07 02:21:58,60620.429194389304,MOBILE_RECHARGE,21,True,0,True,479.87820022421715,RCV0689,False,4,,,ACCOUNT_TAKEOVER_LIKE,0,0,24626.56,35993.87,0,0
TXN-SYN-4D4D59C7,CUST0328,2026-09-07 02:27:29,42306.72,CASH_OUT,1318,False,1275,True,99.77636062805433,RCV0752,False,0,,AG001,CASH_OUT_RISK,0,0,495.96,41810.76,0,0
TXN-SYN-D92A0CF5,CUST0774,2026-09-07 02:36:15,48857.47,CASH_OUT,435,False,362,True,92.7923899127176,RCV0732,False,0,,AG007,CASH_OUT_RISK,0,0,10311.4,38546.07,0,0
TXN-SYN-61B225A7,CUST0554,2026-09-07 02:37:31,1032.611393549672,SEND_MONEY,96,True,1,True,104.5414748172617,RCV0732,False,2,,,ACCOUNT_TAKEOVER_LIKE,0,0,1032.611393549672,0.0,0,0
TXN-SYN-E2D038FA,CUST0072,2026-09-07 02:50:21,20510.39,CASH_OUT,126,False,77,True,64.17817174281363,RCV1083,False,0,,AG029,CASH_OUT_RISK,0,0,23162.98,-2652.59,0,0
TXN-SYN-90A097AA,CUST0069,2026-09-07 03:21:36,19129.26,CASH_OUT,1366,False,1287,True,80.60078582548047,RCV1183,False,0,,AG004,CASH_OUT_RISK,0,1,12480.84,6648.42,0,0
TXN-SYN-36E45BA7,CUST0202,2026-09-07 03:24:37,15322.995439896897,MERCHANT_PAYMENT,79,True,1,True,397.30232258075654,RCV0416,False,3,M032,,ACCOUNT_TAKEOVER_LIKE,0,1,33625.02,-18302.03,0,0
TXN-SYN-AA67BDA5,CUST0531,2026-09-07 03:34:00,22657.046393702985,SEND_MONEY,59,True,2,True,219.2188059991204,RCV0491,False,5,,,ACCOUNT_TAKEOVER_LIKE,0,0,5661.67,16995.38,0,0
TXN-SYN-417452ED,CUST0266,2026-09-07 03:57:35,5261.147837578378,SEND_MONEY,79,True,1,True,491.4443201732083,RCV1163,False,5,,,ACCOUNT_TAKEOVER_LIKE,0,0,1006.31,4254.84,0,0
TXN-SYN-7F61B66D,CUST0324,2026-09-07 04:15:24,82355.59618631951,BILL_PAY,41,True,0,True,233.65357557166539,RCV0304,False,2,,,ACCOUNT_TAKEOVER_LIKE,0,0,82355.59618631951,0.0,0,0
TXN-SYN-6B9D6C8B,CUST0188,2026-09-07 05:18:24,5490.009725449901,SEND_MONEY,74,True,0,True,325.4828877103436,RCV0316,False,3,,,ACCOUNT_TAKEOVER_LIKE,0,0,2432.61,3057.4,1,0
TXN-SYN-C2900A4E,CUST0622,2026-09-07 05:28:54,972.6272074107299,SEND_MONEY,20,True,1,True,360.2241723031561,RCV0457,False,2,,,ACCOUNT_TAKEOVER_LIKE,0,0,972.6272074107299,0.0,0,0
TXN-SYN-756348FF,CUST0339,2026-09-07 08:00:14,2058.36,SEND_MONEY,1332,False,1304,False,9.843762114665498,RCV0650,False,0,,,NORMAL,0,0,914.33,1144.03,0,0
TXN-SYN-BE384356,CUST0042,2026-09-07 08:10:19,369.56,BILL_PAY,947,False,916,False,6.89674201102843,RCV0228,False,0,,,NORMAL,0,1,12757.76,-12388.2,0,0
TXN-SYN-15B2F34C,CUST0004,2026-09-07 08:13:53,133.64,SEND_MONEY,128,False,80,False,8.830779609176725,RCV0486,False,0,,,NORMAL,0,0,133.64,0.0,0,0
TXN-SYN-B0A79C85,CUST0033,2026-09-07 08:16:31,3692.92,MERCHANT_PAYMENT,1293,False,1276,False,0.3550903537172001,RCV0742,False,0,M009,,NORMAL,0,0,1750.96,1941.96,0,0
TXN-SYN-0FFA6E9D,CUST0295,2026-09-07 08:16:59,1181.25,SEND_MONEY,417,False,333,False,9.318192682561138,RCV0838,False,1,,,NORMAL,0,1,4558.56,-3377.31,0,0
TXN-SYN-9F07F5E5,CUST0218,2026-09-07 08:19:13,50.0,SEND_MONEY,1277,False,1244,False,7.566186181878059,RCV0164,False,0,,,NORMAL,0,1,1362.73,-1312.73,0,0
TXN-SYN-969679D7,CUST0359,2026-09-07 08:19:22,107.84,SEND_MONEY,911,False,833,False,4.589151880072285,RCV0924,False,0,,,NORMAL,0,0,5817.37,-5709.53,0,0
TXN-SYN-B33D0898,CUST0591,2026-09-07 08:31:03,130.29,MERCHANT_PAYMENT,1132,False,1062,False,9.745740523164761,RCV0073,False,0,M015,,NORMAL,0,0,130.29,0.0,0,0
TXN-SYN-48D06975,CUST0513,2026-09-07 08:54:11,58.89,SEND_MONEY,1476,False,1463,False,7.040830359006297,RCV0540,False,0,,,NORMAL,0,1,590.68,-531.79,0,1
TXN-SYN-7CDD0ADE,CUST0336,2026-09-07 09:01:19,613.24,BILL_PAY,1086,False,997,False,3.814410821056089,RCV0782,False,0,,,NORMAL,0,0,50.0,563.24,0,0
TXN-SYN-94DE348E,CUST0670,2026-09-07 09:06:59,647.22,SEND_MONEY,864,False,843,False,5.709357256381633,RCV0258,False,0,,,NORMAL,0,0,3881.9,-3234.68,0,0
TXN-SYN-CCBDA2D4,CUST0477,2026-09-07 09:07:57,470.38,MOBILE_RECHARGE,164,False,120,False,2.898780926985274,RCV0056,False,0,,,NORMAL,0,0,470.38,0.0,0,0
TXN-SYN-ECBF3F34,CUST0636,2026-09-07 09:11:50,917.24,CASH_IN,357,False,320,False,1.3674204547377045,RCV0027,False,0,,AG020,NORMAL,0,0,18645.41,-17728.17,0,0
TXN-SYN-30A2CAC0,CUST0373,2026-09-07 09:11:59,583.68,SEND_MONEY,643,False,642,False,1.0488154328178212,RCV1030,False,0,,,NORMAL,0,0,1653.86,-1070.18,0,0
TXN-SYN-F69231BC,CUST0334,2026-09-07 09:14:41,393.05,SEND_MONEY,197,False,173,False,7.429872548076232,RCV1079,False,0,,,NORMAL,0,0,393.05,0.0,0,0
TXN-SYN-2129D328,CUST0068,2026-09-07 09:31:20,1788.38,CASH_IN,1296,False,1265,False,7.321498911633944,RCV0862,False,0,,AG007,NORMAL,0,0,2610.95,-822.56,0,0
TXN-SYN-CB4709C8,CUST0174,2026-09-07 09:32:58,547.96,SEND_MONEY,732,False,709,False,3.235776040395119,RCV1138,False,0,,,NORMAL,0,1,446.83,101.13,0,0
TXN-SYN-7ACE2D16,CUST0089,2026-09-07 09:35:51,2739.07,MOBILE_RECHARGE,436,False,407,False,2.679682302063827,RCV1037,False,0,,,NORMAL,0,0,1250.84,1488.24,0,0
TXN-SYN-FF2FBD61,CUST0783,2026-09-07 09:47:21,2436.18,CASH_IN,439,False,399,False,9.344066466154992,RCV0941,False,0,,AG028,NORMAL,0,0,23283.7,-20847.52,0,0
TXN-SYN-E8BFD55B,CUST0452,2026-09-07 09:51:53,592.24,SEND_MONEY,1156,False,1148,False,2.9041326047095115,RCV0228,False,0,,,NORMAL,0,0,16848.86,-16256.62,0,0
TXN-SYN-B2075F86,CUST0128,2026-09-07 10:04:23,793.14,MERCHANT_PAYMENT,1266,False,1228,False,7.329774714964717,RCV0969,False,0,M047,,NORMAL,0,0,2675.19,-1882.05,0,0
TXN-SYN-1A527C1C,CUST0016,2026-09-07 10:18:36,2320.66,BILL_PAY,271,False,221,False,2.7214513722996267,RCV0060,False,0,,,NORMAL,0,0,2320.66,0.0,0,0
TXN-SYN-AD6383A4,CUST0731,2026-09-07 10:28:03,11039.72,SEND_MONEY,1378,False,1289,False,8.784103861254161,RCV0999,True,0,,,MULE_LIKE,0,0,12042.77,-1003.05,0,0
TXN-SYN-270BCA53,CUST0159,2026-09-07 10:39:17,185.82,MOBILE_RECHARGE,1343,False,1266,False,5.02196913813564,RCV0424,False,0,,,NORMAL,0,0,20368.96,-20183.14,0,0
TXN-SYN-61F3641D,CUST0097,2026-09-07 10:48:27,2880.16,SEND_MONEY,1460,False,1374,False,3.2834434465344478,RCV0109,False,0,,,NORMAL,0,0,19118.42,-16238.26,0,0
TXN-SYN-26C1E3BB,CUST0535,2026-09-07 10:55:29,327.84,BILL_PAY,1398,False,1323,False,7.3049814610091826,RCV0740,False,0,,,NORMAL,0,0,36262.46,-35934.62,0,0
TXN-SYN-ABF81789,CUST0425,2026-09-07 10:58:48,14633.59,CASH_IN,836,False,760,False,8.47506826505088,RCV0041,False,0,,AG014,NORMAL,0,0,6303.55,8330.04,0,0
TXN-SYN-B90E875C,CUST0212,2026-09-07 11:04:39,11947.73,SEND_MONEY,774,False,701,False,1.7025488272214617,RCV0989,False,0,,,NORMAL,0,0,11947.73,0.0,0,0
TXN-SYN-8CC22692,CUST0722,2026-09-07 11:11:12,30819.29,SEND_MONEY,797,False,771,False,2.525522826917385,RCV0853,False,0,,,NORMAL,0,0,22171.03,8648.26,0,0
TXN-SYN-24B8145E,CUST0227,2026-09-07 11:18:40,623.77,BILL_PAY,1278,False,1262,False,2.041990625927761,RCV0126,False,0,,,NORMAL,0,2,11111.49,-10487.72,0,0
TXN-SYN-FC68FB47,CUST0392,2026-09-07 11:18:59,297.66,BILL_PAY,956,False,937,False,3.683973702210215,RCV0152,False,0,,,NORMAL,0,0,6319.58,-6021.92,0,0
TXN-SYN-72414679,CUST0061,2026-09-07 11:20:01,1178.77,SEND_MONEY,827,False,755,False,2.5227137871449266,RCV1048,False,0,,,NORMAL,0,0,13158.66,-11979.89,0,0
TXN-SYN-A3305847,CUST0108,2026-09-07 11:20:19,39388.87,SEND_MONEY,294,False,276,False,1.7310028073263073,RCV0849,True,0,,AG026,MULE_LIKE,0,0,39388.87,0.0,0,0
TXN-SYN-2CD2E6A7,CUST0545,2026-09-07 11:25:59,12131.51,SEND_MONEY,214,True,182,False,6.920750919082098,RCV0413,True,0,,,SCAM_LIKE,0,0,1739.61,10391.9,0,0
TXN-SYN-64FD3CB8,CUST0328,2026-09-07 11:26:12,119.98,SEND_MONEY,747,False,698,False,5.159155219608352,RCV1115,False,0,,,NORMAL,0,1,21401.34,-21281.36,0,1
TXN-SYN-442941E8,CUST0098,2026-09-07 11:30:58,12355.49,SEND_MONEY,371,False,315,False,7.8236579515115965,RCV0705,True,0,,,SCAM_LIKE,0,0,12355.49,0.0,0,0
TXN-SYN-58DA4505,CUST0146,2026-09-07 11:32:37,434.74,MERCHANT_PAYMENT,993,False,991,False,7.890961116487567,RCV0348,False,0,M010,,NORMAL,0,0,434.74,0.0,0,0
TXN-SYN-4AE103B5,CUST0251,2026-09-07 11:35:25,253.5,MERCHANT_PAYMENT,169,False,97,False,5.550852504728198,RCV0002,False,0,M025,,NORMAL,0,0,253.5,0.0,0,0
TXN-SYN-5E20F02E,CUST0397,2026-09-07 11:37:14,14105.27,SEND_MONEY,401,False,320,False,7.6685789392985715,RCV0854,True,0,,AG010,MULE_LIKE,0,0,14105.27,0.0,0,0
TXN-SYN-190FA82D,CUST0593,2026-09-07 11:37:54,3234.53,CASH_OUT,293,False,216,False,6.8776920636573475,RCV0388,False,0,,AG019,NORMAL,0,0,3234.53,0.0,0,0
TXN-SYN-7BEC15D5,CUST0656,2026-09-07 11:43:01,223.15,CASH_OUT,1066,False,1052,False,8.628626053556875,RCV0950,False,0,,AG025,NORMAL,0,0,22041.26,-21818.11,0,0
TXN-SYN-84307262,CUST0636,2026-09-07 11:49:55,5292.36,SEND_MONEY,921,False,846,False,8.3600699972235,RCV0111,False,0,,,NORMAL,0,1,9781.33,-4488.97,0,0
TXN-SYN-BDB1D6F2,CUST0312,2026-09-07 12:08:35,328.86,BILL_PAY,605,False,571,False,9.789469533038663,RCV0370,False,0,,,NORMAL,0,0,720.68,-391.82,0,0
TXN-SYN-FF226007,CUST0317,2026-09-07 12:10:32,1851.6,BILL_PAY,687,False,662,False,0.4503549730651868,RCV0075,False,0,,,NORMAL,0,0,5819.87,-3968.27,0,0
TXN-SYN-9CE4B8BB,CUST0243,2026-09-07 12:19:27,13906.88,SEND_MONEY,700,False,641,False,5.632882178455393,RCV0831,True,0,,AG025,MULE_LIKE,0,0,1281.37,12625.51,0,0
TXN-SYN-02FF0526,CUST0649,2026-09-07 12:51:27,36385.17,SEND_MONEY,983,False,898,False,0.1794567856849183,RCV0997,True,0,,,MULE_LIKE,0,0,36385.17,0.0,0,0
TXN-SYN-849F9D4B,CUST0469,2026-09-07 12:56:55,790.28,CASH_IN,390,False,345,False,4.527284082027588,RCV0308,False,0,,AG005,NORMAL,0,0,6341.17,-5550.89,0,0
TXN-SYN-37D024C7,CUST0112,2026-09-07 13:09:34,22663.86,SEND_MONEY,1335,True,1302,False,9.818971400352456,RCV1013,True,0,,,SCAM_LIKE,0,0,2684.52,19979.34,0,0
TXN-SYN-BAC0070B,CUST0142,2026-09-07 13:09:38,1025.68,SEND_MONEY,123,False,77,False,2.8682257596021152,RCV0196,False,0,,,NORMAL,0,0,1025.68,0.0,0,0
TXN-SYN-1F1C65D0,CUST0065,2026-09-07 13:22:02,2773.86,BILL_PAY,300,False,281,False,2.271795570235149,RCV0482,False,0,,,NORMAL,0,0,1064.82,1709.04,0,0
TXN-SYN-8B56F26A,CUST0639,2026-09-07 13:23:50,8414.16,SEND_MONEY,1286,False,1224,False,2.583130006765927,RCV0935,False,2,,,NORMAL,0,0,1099.78,7314.38,0,0
TXN-SYN-74A06F12,CUST0509,2026-09-07 13:31:21,28128.35,SEND_MONEY,165,False,128,False,7.578414626493874,RCV1176,False,0,,,NORMAL,0,0,28128.35,0.0,0,0
TXN-SYN-91CAF705,CUST0206,2026-09-07 13:37:32,23930.22,SEND_MONEY,1429,False,1348,False,3.922440450997323,RCV0852,True,0,,AG001,MULE_LIKE,0,0,2112.62,21817.6,0,0
TXN-SYN-C0F0A095,CUST0524,2026-09-07 13:42:42,890.29,SEND_MONEY,688,False,645,False,5.578436727407863,RCV1075,False,0,,,NORMAL,0,0,1525.38,-635.08,0,0
TXN-SYN-206AC7BE,CUST0557,2026-09-07 13:47:29,19480.46,SEND_MONEY,951,False,891,False,3.3933616126335577,RCV0182,False,0,,,NORMAL,0,0,624.49,18855.97,0,0
TXN-SYN-485B340E,CUST0122,2026-09-07 14:02:53,975.85,MERCHANT_PAYMENT,891,False,852,False,8.9279335642066,RCV0873,False,2,M008,,NORMAL,0,0,975.85,0.0,0,0
TXN-SYN-FEC8DAF4,CUST0519,2026-09-07 14:37:42,14382.41,SEND_MONEY,1259,False,1199,False,3.3717197056924144,RCV0413,True,0,,AG006,SCAM_LIKE,0,0,448.26,13934.15,0,0
TXN-SYN-A4AF7C7E,CUST0706,2026-09-07 14:44:43,19084.79,SEND_MONEY,362,False,316,False,3.9872732471860353,RCV0560,False,0,,,NORMAL,0,0,545.98,18538.81,0,0
TXN-SYN-25BDFF80,CUST0159,2026-09-07 14:53:49,454.55,CASH_OUT,293,False,223,False,7.826550110555796,RCV0581,False,0,,AG009,NORMAL,0,1,13641.25,-13186.7,0,0
TXN-SYN-45ED037E,CUST0239,2026-09-07 15:03:24,68.48,SEND_MONEY,384,False,354,False,7.4145946884255345,RCV0282,False,0,,,NORMAL,0,0,14131.56,-14063.08,0,0
TXN-SYN-9A2A7A59,CUST0759,2026-09-07 15:05:41,4129.69,SEND_MONEY,868,False,822,False,8.317508647481759,RCV0396,False,0,,,NORMAL,0,0,4774.2,-644.52,0,0
TXN-SYN-01BFDCE0,CUST0489,2026-09-07 15:41:37,696.09,MOBILE_RECHARGE,141,False,91,False,6.282565938100043,RCV1165,False,0,,,NORMAL,0,0,986.09,-290.0,0,0
TXN-SYN-C9983819,CUST0437,2026-09-07 15:48:24,1768.3,MERCHANT_PAYMENT,132,False,96,False,7.416057622062988,RCV1015,False,2,M033,,NORMAL,0,0,1768.3,0.0,0,0
TXN-SYN-8AFD80CC,CUST0051,2026-09-07 15:50:21,3289.93,MERCHANT_PAYMENT,1187,False,1117,False,3.2379523839392146,RCV0296,False,0,M045,,NORMAL,0,0,19647.77,-16357.84,0,0
TXN-SYN-BEA0E335,CUST0314,2026-09-07 15:57:59,4236.25,MOBILE_RECHARGE,431,False,387,False,8.550933904508911,RCV0365,False,0,,,NORMAL,0,0,4236.25,0.0,0,0
TXN-SYN-E58E4CFD,CUST0647,2026-09-07 15:59:31,13496.88,MOBILE_RECHARGE,564,False,543,False,8.23917027827489,RCV0868,False,0,,,NORMAL,0,0,6231.81,7265.07,0,0
TXN-SYN-4C913CFA,CUST0305,2026-09-07 16:05:16,23410.72,SEND_MONEY,1369,False,1309,False,4.747690060436512,RCV0477,True,0,,,SCAM_LIKE,0,0,8640.17,14770.55,0,0
TXN-SYN-16E30F40,CUST0377,2026-09-07 16:10:38,3708.15,SEND_MONEY,667,False,601,False,3.1913874195921177,RCV0573,False,0,,,NORMAL,0,0,3708.15,0.0,0,0
TXN-SYN-29F60F9C,CUST0525,2026-09-07 16:24:12,17256.32,SEND_MONEY,641,False,572,False,4.490590739388821,RCV0605,True,0,,,MULE_LIKE,0,1,6741.54,10514.78,0,1
TXN-SYN-96AD3BFA,CUST0411,2026-09-07 16:26:18,93.58,CASH_OUT,111,False,29,False,1.808650552091986,RCV0629,False,0,,AG007,NORMAL,0,0,355.86,-262.28,0,0
TXN-SYN-0286DF15,CUST0530,2026-09-07 16:37:14,479.9,SEND_MONEY,995,False,913,False,9.133561975348902,RCV0105,False,0,,,NORMAL,0,0,479.9,0.0,0,0
TXN-SYN-A866B244,CUST0218,2026-09-07 16:42:30,2722.69,MOBILE_RECHARGE,1407,False,1363,False,1.742493078588132,RCV0366,False,0,,,NORMAL,0,1,1034.54,1688.14,0,0
TXN-SYN-DD04EC4C,CUST0732,2026-09-07 16:52:45,20049.46,SEND_MONEY,141,False,68,False,5.577647590980618,RCV1127,True,0,,AG000,SCAM_LIKE,0,1,24921.48,-4872.03,0,0
TXN-SYN-0D917844,CUST0528,2026-09-07 16:58:51,75.9,MOBILE_RECHARGE,149,False,87,False,6.813981334913026,RCV1120,False,0,,,NORMAL,0,0,30115.76,-30039.86,0,0
TXN-SYN-FC607F30,CUST0717,2026-09-07 17:08:26,152.12,BILL_PAY,1371,False,1363,False,4.134732641219685,RCV0769,False,0,,,NORMAL,0,0,16484.57,-16332.45,0,0
TXN-SYN-2393A1E5,CUST0037,2026-09-07 17:09:36,25225.78,SEND_MONEY,104,False,57,False,9.588758815252968,RCV0997,True,1,,AG006,MULE_LIKE,0,0,1018.58,24207.2,0,0
TXN-SYN-8BF26C9B,CUST0197,2026-09-07 17:12:53,68.17,SEND_MONEY,871,False,848,False,8.960566874979847,RCV1195,False,0,,,NORMAL,0,0,1110.56,-1042.39,0,0
TXN-SYN-E34A7F83,CUST0110,2026-09-07 17:14:46,34801.6,SEND_MONEY,768,False,703,False,5.665070641877756,RCV0603,True,0,,,MULE_LIKE,0,0,34801.6,0.0,0,0
TXN-SYN-1ADD02AD,CUST0657,2026-09-07 17:20:36,1734.68,SEND_MONEY,747,False,722,False,1.449493358125169,RCV0705,False,0,,,NORMAL,0,0,1734.68,0.0,0,0
TXN-SYN-877F49BA,CUST0464,2026-09-07 17:37:53,18720.43,BILL_PAY,885,False,857,False,0.9473859930251971,RCV0202,False,0,,,NORMAL,0,0,18720.43,0.0,0,0
TXN-SYN-D2FB6A9A,CUST0610,2026-09-07 17:56:01,1101.23,BILL_PAY,957,False,929,False,0.23136194754421413,RCV0096,False,0,,,NORMAL,0,0,3004.5,-1903.27,0,0
TXN-SYN-E94E6B84,CUST0473,2026-09-07 18:01:59,260.94,SEND_MONEY,486,False,477,False,5.167899391281582,RCV0424,False,0,,,NORMAL,0,0,11929.3,-11668.36,0,0
TXN-SYN-AB1CBED0,CUST0696,2026-09-07 18:03:04,171.88,SEND_MONEY,780,False,701,False,2.674280726092071,RCV1087,False,0,,,NORMAL,0,0,854.63,-682.75,0,0
TXN-SYN-A8EC4DF0,CUST0481,2026-09-07 18:32:36,3020.76,MOBILE_RECHARGE,1162,False,1160,False,2.5896160502497523,RCV1126,False,0,,,NORMAL,0,0,48156.85,-45136.09,0,0
TXN-SYN-9F162D02,CUST0574,2026-09-07 18:47:15,21583.31,SEND_MONEY,1026,True,966,False,8.197568413126987,RCV0129,True,0,,AG019,SCAM_LIKE,0,0,6928.88,14654.43,0,0
TXN-SYN-F64EA5F4,CUST0566,2026-09-07 18:54:31,2121.4,SEND_MONEY,345,False,333,False,4.483665523944761,RCV0820,False,0,,,NORMAL,0,0,3636.79,-1515.39,0,0
TXN-SYN-1ED41C5B,CUST0516,2026-09-07 19:05:30,378.82,BILL_PAY,109,False,81,False,7.630002484540389,RCV0978,False,0,,,NORMAL,0,0,6289.02,-5910.2,0,0
TXN-SYN-FA4B7348,CUST0096,2026-09-07 19:11:29,333.56,CASH_IN,156,False,87,False,3.535532768724403,RCV0870,False,0,,AG012,NORMAL,0,0,4474.02,-4140.46,0,0
TXN-SYN-807F163A,CUST0722,2026-09-07 19:13:34,1479.16,SEND_MONEY,1123,False,1083,False,4.759677310116559,RCV0809,False,0,,,NORMAL,0,1,25053.78,-23574.62,0,0
TXN-SYN-40BBDBB9,CUST0124,2026-09-07 19:18:17,117.63,SEND_MONEY,627,False,590,False,0.8446416485287445,RCV0174,False,0,,,NORMAL,0,0,10059.22,-9941.59,0,0
TXN-SYN-F7CBFCB8,CUST0059,2026-09-07 19:26:47,1175.49,CASH_OUT,162,False,159,False,0.02232553144108751,RCV0061,False,0,,AG004,NORMAL,0,0,23352.26,-22176.77,0,0
TXN-SYN-A415CC0E,CUST0145,2026-09-07 19:31:57,32026.54,SEND_MONEY,850,False,816,False,0.7680304831442153,RCV0784,True,0,,,MULE_LIKE,0,0,32026.54,0.0,0,0
TXN-SYN-FD991F73,CUST0438,2026-09-07 19:41:55,2347.72,MERCHANT_PAYMENT,127,False,114,False,7.934365441146279,RCV0909,False,0,M038,,NORMAL,0,0,45481.36,-43133.64,0,0
TXN-SYN-6CC0BC60,CUST0188,2026-09-07 19:50:27,2054.08,MERCHANT_PAYMENT,249,False,205,False,7.360209202786847,RCV0132,False,0,M041,,NORMAL,0,1,3196.96,-1142.88,0,0
TXN-SYN-CAFB9AE3,CUST0456,2026-09-07 19:55:37,41277.52,SEND_MONEY,703,False,689,False,1.9059199807557248,RCV0446,True,0,M037,,MULE_LIKE,0,0,18333.08,22944.44,0,0
TXN-SYN-8A9ADC1B,CUST0102,2026-09-07 20:04:03,79855.62,MERCHANT_PAYMENT,156,False,111,False,4.202405826757543,RCV0681,False,0,M019,,NORMAL,0,0,16184.55,63671.07,0,0
TXN-SYN-22884217,CUST0202,2026-09-07 20:05:42,1855.89,SEND_MONEY,718,False,639,False,1.6249841547444144,RCV1103,False,0,,,NORMAL,0,2,29964.62,-28108.73,0,0
TXN-SYN-09C210A2,CUST0379,2026-09-07 20:07:53,17844.52,SEND_MONEY,1131,False,1067,False,5.517225952593398,RCV0999,True,0,,,MULE_LIKE,0,0,16674.13,1170.39,0,0
TXN-SYN-10C45B17,CUST0073,2026-09-07 20:16:51,285.33,SEND_MONEY,1499,False,1434,False,1.2564349241231398,RCV0508,False,0,,,NORMAL,0,0,439.06,-153.73,0,0
TXN-SYN-D7D22145,CUST0398,2026-09-07 20:26:20,1456.58,SEND_MONEY,948,False,917,False,8.895193110437631,RCV0105,False,0,,,NORMAL,0,0,8359.63,-6903.05,0,0
TXN-SYN-F380F58B,CUST0716,2026-09-07 20:28:30,605.71,MOBILE_RECHARGE,354,False,321,False,6.3949267500548,RCV0366,False,0,,,NORMAL,0,0,22554.26,-21948.55,0,0
TXN-SYN-DB38EB52,CUST0049,2026-09-07 20:32:18,2666.47,CASH_OUT,1353,False,1329,False,4.537417590943016,RCV0279,False,0,,AG011,NORMAL,0,0,785.83,1880.64,0,0
TXN-SYN-50F44A4C,CUST0720,2026-09-07 20:36:22,4558.81,BILL_PAY,1114,False,1082,False,9.397264482391181,RCV0863,False,0,,,NORMAL,0,0,4558.81,0.0,0,0
TXN-SYN-628D3A9B,CUST0604,2026-09-07 20:39:16,13456.99,SEND_MONEY,1450,False,1379,False,5.138758347782336,RCV0729,True,0,,AG011,MULE_LIKE,0,0,1194.06,12262.93,0,0
TXN-SYN-5297E8F5,CUST0323,2026-09-07 20:50:48,345.15,SEND_MONEY,142,False,86,False,7.925477888532776,RCV0602,False,1,,,NORMAL,0,0,5141.38,-4796.23,0,0
TXN-SYN-069B2CCD,CUST0612,2026-09-07 20:51:48,1128.68,SEND_MONEY,970,False,909,False,8.619667561571081,RCV1142,False,0,,,NORMAL,0,0,1128.68,0.0,0,0
TXN-SYN-BF34FB29,CUST0216,2026-09-07 20:53:25,311.72,SEND_MONEY,1311,False,1278,False,0.3808630059931928,RCV1008,False,0,,,NORMAL,0,0,3228.87,-2917.15,0,0
TXN-SYN-88C2E1F8,CUST0148,2026-09-07 20:59:55,1814.09,SEND_MONEY,543,False,488,False,6.3632399582029855,RCV0004,False,0,,,NORMAL,0,0,25523.12,-23709.04,0,0
TXN-SYN-7B9F7210,CUST0765,2026-09-07 21:00:14,11519.29,SEND_MONEY,798,False,761,False,7.964696278956436,RCV0069,True,0,M026,,MULE_LIKE,0,0,552.39,10966.9,0,0
TXN-SYN-12CF1887,CUST0355,2026-09-07 21:02:50,52.99,SEND_MONEY,1290,False,1279,False,8.469665417076332,RCV0563,False,0,,,NORMAL,0,0,52.99,0.0,0,0
TXN-SYN-A454534F,CUST0204,2026-09-07 21:03:50,275.52,MERCHANT_PAYMENT,957,False,886,False,3.6468996575805446,RCV1189,False,0,M004,,NORMAL,0,0,275.52,0.0,0,0
TXN-SYN-597B0A10,CUST0568,2026-09-07 21:09:57,50.0,SEND_MONEY,1338,False,1264,False,1.1706701642760586,RCV1062,False,0,,,NORMAL,0,1,18951.88,-18901.88,0,1
TXN-SYN-EB5864BB,CUST0470,2026-09-07 21:22:30,2437.99,MOBILE_RECHARGE,681,False,631,False,6.076952722725482,RCV0988,False,0,,,NORMAL,0,0,153.85,2284.14,0,0
TXN-SYN-BEC7EC39,CUST0011,2026-09-07 21:27:26,132.12,SEND_MONEY,1417,False,1402,False,5.932074088248868,RCV0297,False,0,,,NORMAL,0,0,7144.92,-7012.8,0,0
TXN-SYN-87B72C8A,CUST0671,2026-09-07 21:27:57,174.78,BILL_PAY,628,False,551,False,2.476487714011475,RCV1062,False,0,,,NORMAL,0,0,1835.66,-1660.88,0,0
TXN-SYN-C0630EFF,CUST0363,2026-09-07 21:34:46,2590.08,CASH_IN,679,False,674,False,4.765435437772939,RCV0661,False,0,,AG023,NORMAL,0,0,8918.32,-6328.24,0,0
TXN-SYN-B6951C54,CUST0764,2026-09-07 21:39:31,1486.87,SEND_MONEY,341,False,291,False,6.942268160417044,RCV0374,False,0,,,NORMAL,0,0,3262.21,-1775.34,0,0
TXN-SYN-0B7E4791,CUST0480,2026-09-07 21:52:06,16235.56,SEND_MONEY,106,False,21,False,0.8670003864341602,RCV0998,True,0,,,MULE_LIKE,0,0,20873.87,-4638.31,0,0
TXN-SYN-1F51D055,CUST0646,2026-09-07 21:58:46,15597.47,SEND_MONEY,610,True,600,False,1.8717844867837696,RCV0958,True,0,,,SCAM_LIKE,0,0,16064.78,-467.32,0,0
TXN-SYN-2A55A2D0,CUST0263,2026-09-07 23:18:16,40010.83,CASH_OUT,1473,False,1427,True,97.56294936913272,RCV1076,False,0,,AG015,CASH_OUT_RISK,0,0,13031.23,26979.6,0,0
TXN-SYN-F8E0A822,CUST0439,2026-09-07 23:42:33,19211.86,CASH_OUT,871,False,813,True,86.45140142004996,RCV0010,False,0,,AG021,CASH_OUT_RISK,0,0,5149.92,14061.94,0,0
TXN-SYN-7145C21A,CUST0221,2026-09-07 23:55:39,39969.28,CASH_OUT,1086,False,1041,True,64.83380148926946,RCV0942,False,0,M047,AG022,CASH_OUT_RISK,0,0,1002.01,38967.27,0,0
TXN-SYN-E5F22B12,CUST0522,2026-09-07 23:56:43,46288.9,CASH_OUT,771,False,728,True,37.011218887412824,RCV0098,False,0,M004,AG018,CASH_OUT_RISK,0,0,1740.5,44548.4,0,0
TXN-SYN-0B55781A,CUST0067,2026-09-08 00:21:15,3662.382979752974,MERCHANT_PAYMENT,18,True,2,True,185.57721335212253,RCV0091,False,5,M021,,ACCOUNT_TAKEOVER_LIKE,0,0,13470.37,-9807.99,0,0
TXN-SYN-7C0E8E53,CUST0716,2026-09-08 01:08:14,44911.64,CASH_OUT,593,False,553,True,35.76546854860884,RCV0304,False,1,,AG011,CASH_OUT_RISK,0,1,11579.98,33331.66,0,0
TXN-SYN-53809209,CUST0369,2026-09-08 01:21:52,35875.6,CASH_OUT,1461,False,1432,True,26.131030012366303,RCV0976,False,0,,AG013,CASH_OUT_RISK,0,0,33657.21,2218.39,0,0
TXN-SYN-C99EC432,CUST0668,2026-09-08 01:41:29,39888.89,CASH_OUT,1200,False,1120,True,60.2949628555787,RCV0583,False,0,,AG003,CASH_OUT_RISK,0,0,39888.89,0.0,0,0
TXN-SYN-8F75BF02,CUST0581,2026-09-08 01:54:49,40303.67,CASH_OUT,745,False,658,True,45.18738173744257,RCV0970,False,0,,AG015,CASH_OUT_RISK,0,0,3050.63,37253.04,0,0
TXN-SYN-E91FF374,CUST0719,2026-09-08 03:37:20,20600.25,CASH_OUT,1236,False,1154,True,70.80615229017539,RCV0701,False,0,M005,AG028,CASH_OUT_RISK,0,0,1463.16,19137.09,0,0
TXN-SYN-800DDDB2,CUST0651,2026-09-08 03:38:51,461.3749187432557,CASH_OUT,31,True,1,True,227.62811222221467,RCV0738,False,2,,AG008,ACCOUNT_TAKEOVER_LIKE,0,0,6674.52,-6213.14,0,0
TXN-SYN-6FCED602,CUST0705,2026-09-08 03:52:42,36669.25,CASH_OUT,152,False,109,True,49.331016007716514,RCV1129,False,0,,AG017,CASH_OUT_RISK,0,0,3350.6,33318.65,0,0
TXN-SYN-963D7E41,CUST0211,2026-09-08 05:30:52,1650.102173286166,CASH_OUT,87,True,1,True,159.02652205308152,RCV1058,False,2,,AG001,ACCOUNT_TAKEOVER_LIKE,0,0,91.41,1558.69,0,0
TXN-SYN-089D2763,CUST0699,2026-09-08 08:25:28,444.47,CASH_OUT,1369,False,1342,False,0.6775898319035445,RCV0700,False,0,,AG028,NORMAL,0,0,444.47,0.0,0,0
TXN-SYN-A00CC6A9,CUST0638,2026-09-08 08:25:34,1259.81,SEND_MONEY,345,False,298,False,5.528199769079078,RCV0154,False,0,,,NORMAL,0,0,14207.72,-12947.91,0,0
TXN-SYN-AF285D8A,CUST0100,2026-09-08 08:27:40,42694.81,SEND_MONEY,554,False,483,False,4.711725593781418,RCV0550,False,0,,,NORMAL,0,0,2274.67,40420.14,0,0
TXN-SYN-8A8D6EF9,CUST0001,2026-09-08 08:29:21,9230.71,SEND_MONEY,672,False,590,False,7.437307886607847,RCV0749,False,0,,,NORMAL,0,0,9230.71,0.0,0,0
TXN-SYN-BEF2C258,CUST0399,2026-09-08 08:36:51,365.36,CASH_IN,1344,False,1293,False,6.557236725616563,RCV0763,False,0,,AG017,NORMAL,0,0,681.88,-316.52,0,0
TXN-SYN-81CC0241,CUST0009,2026-09-08 08:49:24,2181.1,SEND_MONEY,1267,False,1263,False,6.038779896240879,RCV0215,False,0,,,NORMAL,0,0,13171.02,-10989.92,0,0
TXN-SYN-BD254B22,CUST0608,2026-09-08 08:50:50,14610.33,SEND_MONEY,952,False,948,False,2.1370279379170354,RCV0006,True,0,,,MULE_LIKE,0,0,932.91,13677.42,0,0
TXN-SYN-825E8EB0,CUST0284,2026-09-08 08:58:30,147.98,SEND_MONEY,743,False,704,False,3.24857506725605,RCV0648,False,0,,,NORMAL,0,0,147.98,0.0,0,0
TXN-SYN-D7D4FDA2,CUST0739,2026-09-08 08:58:33,181.74,MERCHANT_PAYMENT,371,False,313,False,4.144697155393433,RCV0503,False,0,M031,,NORMAL,0,0,181.74,0.0,0,0
TXN-SYN-1D132309,CUST0066,2026-09-08 08:59:55,222.21,SEND_MONEY,567,False,554,False,7.281833571884823,RCV0640,False,0,,,NORMAL,0,0,222.21,0.0,0,0
TXN-SYN-6378FF7E,CUST0200,2026-09-08 09:09:28,757.0,BILL_PAY,581,False,540,False,4.043696801094569,RCV0302,False,0,,,NORMAL,0,0,783.05,-26.05,0,0
TXN-SYN-51707D94,CUST0760,2026-09-08 09:17:06,7148.86,MERCHANT_PAYMENT,551,False,515,False,1.4108184877771357,RCV0578,False,0,M047,,NORMAL,0,0,1166.52,5982.34,0,0
TXN-SYN-66B076C1,CUST0245,2026-09-08 09:19:15,5334.4,SEND_MONEY,1354,False,1333,False,3.835812525432579,RCV0960,False,0,,,NORMAL,0,0,5334.4,0.0,0,0
TXN-SYN-C113F029,CUST0184,2026-09-08 09:25:11,2507.64,SEND_MONEY,865,False,865,False,7.747149780111911,RCV1088,False,0,,,NORMAL,0,0,6085.55,-3577.91,0,0
TXN-SYN-7E9DC11F,CUST0697,2026-09-08 09:26:46,15188.82,SEND_MONEY,1098,False,1084,False,6.210555545150412,RCV0682,True,0,,,SCAM_LIKE,0,0,15188.82,0.0,0,0
TXN-SYN-37E236EA,CUST0116,2026-09-08 09:27:05,402.36,MERCHANT_PAYMENT,1383,False,1372,False,7.447506930519049,RCV0198,False,0,M027,,NORMAL,0,0,220.5,181.86,0,0
TXN-SYN-0F479EF0,CUST0030,2026-09-08 09:28:07,2106.06,SEND_MONEY,404,False,318,False,9.353822607327862,RCV0533,False,0,,,NORMAL,0,0,16237.44,-14131.38,0,0
TXN-SYN-3DC41F53,CUST0311,2026-09-08 09:28:11,370.06,MERCHANT_PAYMENT,221,False,199,False,4.281790381143606,RCV0381,False,0,M038,,NORMAL,0,0,370.06,0.0,0,0
TXN-SYN-6DFCA5EE,CUST0231,2026-09-08 09:34:40,2552.95,MOBILE_RECHARGE,1049,False,1005,False,5.802189636905405,RCV0834,False,0,,,NORMAL,0,0,19849.31,-17296.36,0,0
TXN-SYN-B050A9E5,CUST0610,2026-09-08 09:39:48,12531.86,SEND_MONEY,621,False,535,False,3.2697672154188364,RCV0729,False,0,,,NORMAL,0,1,2052.86,10479.0,0,0
TXN-SYN-6E21CFAE,CUST0060,2026-09-08 09:40:49,23749.08,CASH_OUT,793,False,755,False,0.21080660428536957,RCV0818,False,0,,AG029,NORMAL,0,0,23749.08,0.0,0,0
TXN-SYN-51F52837,CUST0504,2026-09-08 09:48:05,903.47,MERCHANT_PAYMENT,464,False,412,False,1.909820305402029,RCV0314,False,0,M011,,NORMAL,0,0,16663.39,-15759.92,0,0
TXN-SYN-A34CAD73,CUST0226,2026-09-08 09:51:12,1279.9,SEND_MONEY,1164,False,1164,False,2.0274511267187467,RCV0375,False,0,,,NORMAL,0,0,2209.26,-929.36,0,0
TXN-SYN-6389A7E9,CUST0148,2026-09-08 09:54:19,7501.33,BILL_PAY,169,False,101,False,8.841892277997825,RCV0150,False,0,,,NORMAL,0,1,17620.11,-10118.78,0,0
TXN-SYN-59D8BA23,CUST0315,2026-09-08 09:56:34,266.01,BILL_PAY,1000,False,978,False,6.338453578669174,RCV0198,False,0,,,NORMAL,0,0,266.01,0.0,0,0
TXN-SYN-EE3BDBC0,CUST0341,2026-09-08 09:57:45,13375.41,SEND_MONEY,367,False,315,False,1.753712786234496,RCV0026,True,0,,,SCAM_LIKE,0,0,11464.08,1911.33,0,0
TXN-SYN-A24D2FDC,CUST0394,2026-09-08 09:59:32,2706.46,MOBILE_RECHARGE,471,False,392,False,9.976962186612134,RCV0273,False,0,,,NORMAL,0,0,10739.9,-8033.44,0,0
TXN-SYN-D7485956,CUST0516,2026-09-08 10:03:03,13486.67,MOBILE_RECHARGE,386,False,385,False,6.5607943896902565,RCV0908,False,0,,,NORMAL,0,1,5303.98,8182.68,0,0
TXN-SYN-E9FA5A00,CUST0176,2026-09-08 10:06:14,604.96,BILL_PAY,1098,False,1009,False,0.2820863163396081,RCV0026,False,1,,,NORMAL,0,0,604.96,0.0,0,0
TXN-SYN-65232978,CUST0370,2026-09-08 10:11:44,314.59,CASH_IN,1218,False,1213,False,5.270076245815337,RCV0100,False,0,,AG003,NORMAL,0,0,314.59,0.0,0,0
TXN-SYN-14E43ABC,CUST0190,2026-09-08 10:12:35,50.0,SEND_MONEY,1377,False,1340,False,0.054982875027554945,RCV0669,False,0,,,NORMAL,0,0,16302.49,-16252.49,0,0
TXN-SYN-CB41BB0B,CUST0275,2026-09-08 10:18:49,4003.12,BILL_PAY,826,False,800,False,0.19972932578028124,RCV0280,False,0,,,NORMAL,0,0,102.91,3900.21,0,0
TXN-SYN-18EC7851,CUST0272,2026-09-08 10:24:29,774.17,SEND_MONEY,1351,False,1341,False,4.546262990702409,RCV0513,False,0,,,NORMAL,0,0,85.52,688.65,0,0
TXN-SYN-EED2DA9A,CUST0358,2026-09-08 10:38:07,605.22,SEND_MONEY,648,False,559,False,3.440822019234581,RCV0851,False,0,,,NORMAL,0,0,13072.36,-12467.14,0,0
TXN-SYN-2BA655AC,CUST0209,2026-09-08 10:43:54,8953.57,CASH_OUT,723,False,645,False,4.706899918017787,RCV0777,False,0,,AG020,NORMAL,0,0,1673.71,7279.86,0,0
TXN-SYN-2B731895,CUST0507,2026-09-08 10:46:49,15358.99,SEND_MONEY,1151,False,1123,False,3.5023661432707676,RCV0557,True,0,,,MULE_LIKE,0,0,834.86,14524.12,0,0
TXN-SYN-62F1553B,CUST0461,2026-09-08 10:48:37,16260.12,SEND_MONEY,482,False,425,False,7.405954868872032,RCV0342,False,0,,,NORMAL,0,0,6918.83,9341.29,0,0
TXN-SYN-653DF109,CUST0715,2026-09-08 11:08:40,614.5,SEND_MONEY,1020,False,965,False,5.059104777856957,RCV0399,False,0,,,NORMAL,0,0,1137.94,-523.44,0,0
TXN-SYN-ED283066,CUST0005,2026-09-08 11:14:18,31958.79,SEND_MONEY,1098,False,1088,False,7.416232725002157,RCV0297,True,1,,AG008,MULE_LIKE,0,0,2275.27,29683.52,0,0
TXN-SYN-405B2754,CUST0495,2026-09-08 11:17:16,13239.09,SEND_MONEY,1330,False,1296,False,7.173037377050443,RCV0660,True,1,,AG023,SCAM_LIKE,0,0,22658.26,-9419.17,0,0
TXN-SYN-732B363C,CUST0430,2026-09-08 11:21:03,35633.94,SEND_MONEY,1234,False,1168,False,5.183915915661251,RCV0389,True,0,,,MULE_LIKE,0,0,7973.58,27660.36,0,0
TXN-SYN-952FFEF1,CUST0070,2026-09-08 11:26:09,10487.95,BILL_PAY,381,False,372,False,7.8429470478872645,RCV0083,False,0,,,NORMAL,0,0,17070.84,-6582.89,0,0
TXN-SYN-43A2A021,CUST0097,2026-09-08 11:26:52,19469.7,BILL_PAY,1345,False,1317,False,8.444898901272937,RCV0813,False,0,,,NORMAL,0,0,13705.66,5764.04,0,0
TXN-SYN-7BB154BB,CUST0263,2026-09-08 11:29:03,120.77,CASH_IN,1021,False,944,False,0.7334935972139922,RCV0379,False,0,,AG003,NORMAL,0,1,19776.13,-19655.36,0,1
TXN-SYN-033DC36A,CUST0451,2026-09-08 11:29:43,307.46,CASH_IN,989,False,976,False,7.265765707689301,RCV0693,False,0,,AG027,NORMAL,0,0,3592.29,-3284.83,0,0
TXN-SYN-FE88999A,CUST0718,2026-09-08 11:30:45,9245.94,SEND_MONEY,1158,False,1100,False,1.0209601170999727,RCV1155,False,0,,,NORMAL,0,0,3240.22,6005.72,0,0
TXN-SYN-F4C87F01,CUST0698,2026-09-08 11:41:38,1115.8,CASH_OUT,1182,False,1158,False,1.0406450858874738,RCV0900,False,0,,AG001,NORMAL,0,0,5760.12,-4644.32,0,0
TXN-SYN-E2CC50EA,CUST0450,2026-09-08 11:56:09,10955.78,MERCHANT_PAYMENT,742,False,728,False,3.6757438713798187,RCV0759,False,0,M042,,NORMAL,0,0,888.1,10067.68,0,0
TXN-SYN-2D2E1E70,CUST0241,2026-09-08 12:07:18,23765.71,SEND_MONEY,171,True,138,False,4.99816937408414,RCV0244,True,0,,AG010,SCAM_LIKE,0,0,8477.28,15288.43,0,0
TXN-SYN-85BFED88,CUST0039,2026-09-08 12:18:31,3542.89,SEND_MONEY,712,False,709,False,7.985932723827513,RCV0485,False,1,,,NORMAL,0,0,1214.23,2328.66,0,0
TXN-SYN-E6BC8676,CUST0596,2026-09-08 12:22:32,122.55,SEND_MONEY,792,False,720,False,9.46118877771917,RCV0932,False,0,,,NORMAL,0,0,34967.85,-34845.3,0,0
TXN-SYN-614B999C,CUST0053,2026-09-08 12:22:48,26729.95,SEND_MONEY,644,False,592,False,3.2473364020281625,RCV0108,False,0,,,NORMAL,0,0,26729.95,0.0,0,0
TXN-SYN-9CCEF30D,CUST0196,2026-09-08 12:25:28,40913.9,SEND_MONEY,466,False,410,False,1.6984987569196308,RCV0916,True,0,,,MULE_LIKE,0,0,40913.9,0.0,0,0
TXN-SYN-4215A9F7,CUST0733,2026-09-08 12:29:00,2991.61,SEND_MONEY,488,False,484,False,3.5240329820094694,RCV1168,False,0,,,NORMAL,0,0,4586.52,-1594.91,0,0
TXN-SYN-90E4CECB,CUST0155,2026-09-08 12:43:57,623.47,BILL_PAY,472,False,405,False,0.2550433613150038,RCV0788,False,0,,,NORMAL,0,0,21831.9,-21208.43,0,0
TXN-SYN-815F2E6A,CUST0541,2026-09-08 12:47:45,30981.76,SEND_MONEY,1354,False,1344,False,8.74762523781461,RCV0999,True,0,,,MULE_LIKE,0,0,30981.76,0.0,0,0
TXN-SYN-AFA5969F,CUST0621,2026-09-08 12:49:19,276.03,SEND_MONEY,581,False,504,False,4.514730789323083,RCV0496,False,0,,,NORMAL,0,0,33262.01,-32985.98,0,0
TXN-SYN-2137FA5A,CUST0222,2026-09-08 12:53:21,258.26,CASH_OUT,520,False,516,False,7.861429818692648,RCV0860,False,0,,AG027,NORMAL,0,0,42198.12,-41939.86,0,0
TXN-SYN-5B0E839D,CUST0358,2026-09-08 12:55:56,5335.55,SEND_MONEY,865,True,837,False,5.078028847985135,RCV0759,True,0,,AG027,SCAM_LIKE,0,1,10578.93,-5243.38,0,0
TXN-SYN-127A2834,CUST0308,2026-09-08 13:04:41,723.17,CASH_OUT,1055,False,1012,False,5.072728444232403,RCV1075,False,0,,AG007,NORMAL,0,0,2296.7,-1573.54,0,0
TXN-SYN-C3AF8DD1,CUST0540,2026-09-08 13:11:48,616.03,MERCHANT_PAYMENT,977,False,898,False,3.365033120182636,RCV0469,False,0,M000,,NORMAL,0,0,45962.72,-45346.69,0,0
TXN-SYN-C1180782,CUST0214,2026-09-08 13:12:40,200.92,SEND_MONEY,1421,False,1358,False,7.9245666913926325,RCV0328,False,0,,,NORMAL,0,0,8954.19,-8753.27,0,0
TXN-SYN-577B1B1E,CUST0499,2026-09-08 13:18:11,45894.44,SEND_MONEY,259,False,174,False,4.998602011960784,RCV0997,True,0,,AG028,MULE_LIKE,0,0,167.16,45727.28,0,0
TXN-SYN-8C406A03,CUST0293,2026-09-08 13:21:20,3080.28,BILL_PAY,1157,False,1151,False,4.818606523862941,RCV0133,False,0,,,NORMAL,0,0,712.33,2367.95,0,0
TXN-SYN-930DB8EF,CUST0057,2026-09-08 13:28:42,73.2,SEND_MONEY,1429,False,1397,False,1.1193457813478924,RCV0696,False,0,,,NORMAL,0,0,143.15,-69.95,0,0
TXN-SYN-C3681A34,CUST0573,2026-09-08 13:35:46,878.85,MERCHANT_PAYMENT,1392,False,1381,False,6.942244891827255,RCV0582,False,0,M042,,NORMAL,0,0,30941.3,-30062.45,0,0
TXN-SYN-861F36D0,CUST0251,2026-09-08 13:40:51,146.01,SEND_MONEY,768,False,723,False,6.48373294040954,RCV1032,False,0,,,NORMAL,0,0,253.5,-107.49,0,0
TXN-SYN-F7AA0EDE,CUST0173,2026-09-08 13:46:06,5778.95,SEND_MONEY,1446,False,1363,False,4.266332784533118,RCV0340,False,0,,,NORMAL,0,0,245.34,5533.61,0,0
TXN-SYN-8119FDF7,CUST0732,2026-09-08 14:13:15,160.35,SEND_MONEY,468,False,421,False,5.7405469549081705,RCV0752,False,0,,,NORMAL,0,1,23297.48,-23137.13,0,0
TXN-SYN-70F25088,CUST0056,2026-09-08 14:15:11,8166.92,SEND_MONEY,113,False,112,False,0.9503810019996184,RCV0192,True,0,,,SCAM_LIKE,0,0,8166.92,0.0,0,0
TXN-SYN-B5791377,CUST0074,2026-09-08 14:31:13,4706.1,SEND_MONEY,267,False,204,False,7.162005298520636,RCV0111,False,2,,,NORMAL,0,0,4706.1,0.0,0,0
TXN-SYN-6A7F4B92,CUST0232,2026-09-08 14:40:18,1809.49,SEND_MONEY,1273,False,1250,False,3.024195561127978,RCV0391,False,0,,,NORMAL,0,0,13634.15,-11824.66,0,0
TXN-SYN-E15865A2,CUST0393,2026-09-08 14:48:26,18444.68,SEND_MONEY,460,True,448,False,8.927959395898858,RCV0986,True,0,,,SCAM_LIKE,0,0,18350.58,94.1,0,0
TXN-SYN-664E2EAC,CUST0210,2026-09-08 14:50:33,50.0,CASH_OUT,1079,False,1077,False,5.833120140679902,RCV0683,False,0,,AG002,NORMAL,0,0,11245.98,-11195.98,0,0
TXN-SYN-241EF62B,CUST0737,2026-09-08 14:58:11,20954.65,SEND_MONEY,171,True,110,False,1.430011226657264,RCV0719,True,0,,,SCAM_LIKE,0,0,20954.65,0.0,0,0
TXN-SYN-C1F7403E,CUST0708,2026-09-08 15:14:47,7375.7,SEND_MONEY,584,False,500,False,3.1234910188551357,RCV0306,False,0,,,NORMAL,0,0,92.91,7282.79,0,0
TXN-SYN-1929197D,CUST0140,2026-09-08 15:30:47,6273.17,SEND_MONEY,394,True,370,False,9.068578336847782,RCV0536,True,0,M048,,SCAM_LIKE,0,0,8801.88,-2528.71,0,0
TXN-SYN-24752CE5,CUST0175,2026-09-08 15:31:43,21832.55,SEND_MONEY,1477,False,1401,False,5.014958162540157,RCV0271,True,0,M029,,SCAM_LIKE,0,0,17271.85,4560.7,0,0
TXN-SYN-59A7F4FF,CUST0427,2026-09-08 15:38:12,1359.4,SEND_MONEY,314,False,238,False,7.851171559931979,RCV0487,False,0,,,NORMAL,0,0,24402.69,-23043.29,0,0
TXN-SYN-E200E275,CUST0126,2026-09-08 15:41:38,7442.68,CASH_IN,549,False,464,False,7.575287750271029,RCV0334,False,0,,AG011,NORMAL,0,0,7442.68,0.0,0,0
TXN-SYN-1E23E6E1,CUST0342,2026-09-08 15:54:37,2368.11,CASH_IN,219,False,203,False,7.775295649772314,RCV0844,False,0,,AG025,NORMAL,0,0,2687.27,-319.16,0,0
TXN-SYN-9A851443,CUST0764,2026-09-08 15:57:13,7813.43,MOBILE_RECHARGE,852,False,766,False,7.308677435506759,RCV0880,False,0,,,NORMAL,0,1,2374.54,5438.89,0,0
TXN-SYN-AA7EF200,CUST0622,2026-09-08 15:57:54,6385.09,SEND_MONEY,1045,True,979,False,1.2138641815940643,RCV0991,True,0,,AG013,SCAM_LIKE,0,0,972.63,5412.46,0,0
TXN-SYN-BA484D7E,CUST0257,2026-09-08 16:00:59,8435.19,CASH_IN,1101,False,1059,False,9.01120078358541,RCV0228,False,0,,AG002,NORMAL,0,0,6589.72,1845.47,0,0
TXN-SYN-015634D4,CUST0585,2026-09-08 16:05:12,27634.89,SEND_MONEY,1069,False,1024,False,1.7516652389973786,RCV0997,True,0,,,MULE_LIKE,0,0,27634.89,0.0,0,0
TXN-SYN-4FB46067,CUST0751,2026-09-08 16:05:20,4371.38,SEND_MONEY,127,False,95,False,4.5745465488803525,RCV0269,False,0,,,NORMAL,0,0,4371.38,0.0,0,0
TXN-SYN-4689F22A,CUST0190,2026-09-08 16:20:38,222.17,SEND_MONEY,1117,False,1085,False,0.5420080884203327,RCV0574,False,0,,,NORMAL,0,1,12239.37,-12017.2,0,0
TXN-SYN-15690750,CUST0350,2026-09-08 16:23:35,1235.8,CASH_IN,274,False,255,False,9.503434765139051,RCV0022,False,0,,AG003,NORMAL,0,0,944.16,291.64,0,0
TXN-SYN-C3B35160,CUST0124,2026-09-08 16:24:57,86.14,SEND_MONEY,134,False,91,False,1.1542121669674532,RCV1198,False,0,,,NORMAL,0,1,8070.9,-7984.76,0,0
TXN-SYN-1319C57A,CUST0681,2026-09-08 16:32:34,4328.98,CASH_IN,418,False,360,False,5.178023783769542,RCV0367,False,0,,AG024,NORMAL,0,0,4198.95,130.03,0,0
TXN-SYN-CD413F2D,CUST0100,2026-09-08 16:35:28,16555.64,SEND_MONEY,587,True,565,False,2.508779791039484,RCV0506,True,0,,,SCAM_LIKE,0,1,22484.74,-5929.1,0,0
TXN-SYN-326D07BF,CUST0537,2026-09-08 16:40:25,5757.67,CASH_IN,1270,False,1240,False,6.5888547023265716,RCV0302,False,0,,AG004,NORMAL,0,0,1866.26,3891.41,0,0
TXN-SYN-D4C4C8A3,CUST0034,2026-09-08 16:45:39,32474.84,SEND_MONEY,1343,False,1321,False,9.825045235234477,RCV0474,True,0,,,MULE_LIKE,0,0,32474.84,0.0,0,0
TXN-SYN-03F20620,CUST0791,2026-09-08 16:49:59,1551.77,SEND_MONEY,500,False,445,False,6.257437487451048,RCV0656,False,0,,,NORMAL,0,0,22771.76,-21219.99,0,0
TXN-SYN-1942816F,CUST0632,2026-09-08 16:52:03,287.26,CASH_OUT,1478,False,1410,False,9.752114629741515,RCV0104,False,0,,AG021,NORMAL,0,0,12888.44,-12601.18,0,0
TXN-SYN-B40F11E3,CUST0406,2026-09-08 17:02:21,604.52,CASH_OUT,1073,False,992,False,4.708888007277889,RCV0540,False,0,,AG023,NORMAL,0,0,697.54,-93.02,0,0
TXN-SYN-47062E60,CUST0663,2026-09-08 17:27:01,5314.32,SEND_MONEY,547,False,528,False,3.8585944683610904,RCV1017,False,2,,,NORMAL,0,0,5314.32,0.0,0,0
TXN-SYN-3F949AFF,CUST0787,2026-09-08 17:31:11,219.61,MERCHANT_PAYMENT,1253,False,1247,False,6.624978455910614,RCV0488,False,0,M049,,NORMAL,0,0,25571.71,-25352.1,0,0
TXN-SYN-87C99164,CUST0668,2026-09-08 17:34:17,12985.24,SEND_MONEY,626,False,584,False,2.6131339157828903,RCV0997,True,0,,,MULE_LIKE,0,1,39888.89,-26903.65,0,1
TXN-SYN-033A1750,CUST0246,2026-09-08 17:41:57,890.67,MERCHANT_PAYMENT,508,False,443,False,5.1623144639079745,RCV0385,False,0,M014,,NORMAL,0,0,1880.93,-990.26,0,0
TXN-SYN-31CEDD11,CUST0617,2026-09-08 17:46:51,43735.83,SEND_MONEY,232,False,188,False,8.580242814460233,RCV0999,True,0,,,MULE_LIKE,0,0,43735.83,0.0,0,0
TXN-SYN-BF6369E6,CUST0308,2026-09-08 17:48:39,48954.23,SEND_MONEY,988,False,937,False,0.33361831061546665,RCV0999,True,0,M003,,MULE_LIKE,0,1,1772.19,47182.04,0,1
TXN-SYN-E3AD472D,CUST0076,2026-09-08 17:50:24,183.19,SEND_MONEY,1284,False,1233,False,2.906503293653684,RCV0919,False,0,,,NORMAL,0,0,1175.47,-992.28,0,0
TXN-SYN-B67BD900,CUST0504,2026-09-08 17:57:17,1982.74,CASH_OUT,473,False,471,False,9.453821372024562,RCV0575,False,0,,AG018,NORMAL,0,1,11410.08,-9427.34,0,0
TXN-SYN-967A47E5,CUST0133,2026-09-08 17:58:20,210.19,MERCHANT_PAYMENT,474,False,464,False,4.847413573996921,RCV0113,False,0,M049,,NORMAL,0,0,570.53,-360.34,0,0
TXN-SYN-265F3000,CUST0515,2026-09-08 18:00:53,26025.48,SEND_MONEY,1423,False,1379,False,4.785587150803527,RCV0998,True,0,,,MULE_LIKE,0,0,26025.48,0.0,0,0
TXN-SYN-590D8B46,CUST0697,2026-09-08 18:09:40,183.08,BILL_PAY,1494,False,1446,False,1.2223419285452608,RCV0122,False,0,,,NORMAL,0,1,15188.82,-15005.74,0,0
TXN-SYN-98E811EE,CUST0518,2026-09-08 18:23:50,1764.02,SEND_MONEY,1065,False,982,False,0.45727010369589927,RCV1138,False,0,,,NORMAL,0,0,1764.02,0.0,0,0
TXN-SYN-C1F069B0,CUST0615,2026-09-08 18:25:52,1669.76,SEND_MONEY,829,False,829,False,3.0875298631287675,RCV1147,False,0,,,NORMAL,0,0,9018.36,-7348.6,0,0
TXN-SYN-E8146B28,CUST0211,2026-09-08 18:28:13,77.06,SEND_MONEY,268,False,185,False,8.732573090743555,RCV0671,False,0,,,NORMAL,0,1,870.76,-793.7,0,1
TXN-SYN-6D94ED28,CUST0062,2026-09-08 18:30:52,1324.47,SEND_MONEY,455,False,447,False,8.769789841038495,RCV0479,False,0,,,NORMAL,0,0,1347.04,-22.57,0,0
TXN-SYN-724436DB,CUST0744,2026-09-08 18:34:11,1505.81,SEND_MONEY,908,False,871,False,3.78248292859848,RCV0786,False,0,,,NORMAL,0,0,21686.28,-20180.47,0,0
TXN-SYN-FF14A95A,CUST0658,2026-09-08 18:36:27,3114.51,BILL_PAY,1398,False,1324,False,1.3824681812189776,RCV0309,False,0,,,NORMAL,0,0,1388.82,1725.69,0,0
TXN-SYN-44AC320A,CUST0554,2026-09-08 18:48:54,23070.0,SEND_MONEY,1229,True,1155,False,0.1125052234795254,RCV0690,True,0,M002,,SCAM_LIKE,0,0,1032.61,22037.39,0,0
TXN-SYN-4845BB79,CUST0782,2026-09-08 18:51:17,2019.57,SEND_MONEY,960,False,876,False,6.452071377070636,RCV0992,False,0,,,NORMAL,0,0,2019.57,0.0,0,0
TXN-SYN-60E97429,CUST0107,2026-09-08 18:55:31,4842.01,SEND_MONEY,880,False,812,False,0.37635359084933984,RCV0267,False,0,,,NORMAL,0,0,211.74,4630.27,0,0
TXN-SYN-98289C15,CUST0473,2026-09-08 18:59:08,1029.98,MERCHANT_PAYMENT,1395,False,1324,False,9.797850499599134,RCV1099,False,0,M014,,NORMAL,0,0,9012.21,-7982.23,0,0
TXN-SYN-FC2658BC,CUST0591,2026-09-08 18:59:48,418.33,MOBILE_RECHARGE,751,False,687,False,5.6766788436465285,RCV0686,False,0,,,NORMAL,0,0,130.29,288.04,0,0
TXN-SYN-AEEA18D6,CUST0244,2026-09-08 19:01:59,50.0,BILL_PAY,374,False,310,False,5.272674776476029,RCV0933,False,0,,,NORMAL,0,0,3964.42,-3914.42,0,0
TXN-SYN-96E5B990,CUST0350,2026-09-08 19:14:44,54.01,CASH_IN,684,False,669,False,9.88486220320251,RCV0707,False,0,,AG006,NORMAL,0,1,1089.98,-1035.97,0,0
TXN-SYN-8B013370,CUST0210,2026-09-08 19:26:01,464.83,SEND_MONEY,217,False,130,False,6.104633389684761,RCV0098,False,0,,,NORMAL,0,1,7513.99,-7049.16,0,1
TXN-SYN-ADC16AF3,CUST0297,2026-09-08 19:35:38,18101.9,SEND_MONEY,1119,False,1068,False,4.984579116002848,RCV0034,True,0,,AG002,MULE_LIKE,0,0,18101.9,0.0,0,0
TXN-SYN-26E1DD69,CUST0591,2026-09-08 19:42:27,61.94,CASH_IN,1159,False,1104,False,2.228005374084802,RCV1147,False,0,,AG026,NORMAL,1,1,274.31,-212.37,0,0
TXN-SYN-90AAF17E,CUST0366,2026-09-08 19:50:21,1005.02,SEND_MONEY,673,False,649,False,9.64248841036229,RCV0335,False,0,,,NORMAL,0,0,298.3,706.72,0,0
TXN-SYN-0E016D2F,CUST0200,2026-09-08 19:51:21,24138.69,SEND_MONEY,1019,False,1011,False,3.797052226438887,RCV0997,True,0,,,MULE_LIKE,0,1,774.37,23364.32,0,0
TXN-SYN-13323256,CUST0564,2026-09-08 19:55:29,3906.51,MERCHANT_PAYMENT,613,False,606,False,2.967478331065194,RCV1029,False,0,M031,,NORMAL,0,0,12918.3,-9011.78,0,0
TXN-SYN-146AFDE2,CUST0447,2026-09-08 19:57:27,4295.31,SEND_MONEY,1409,False,1375,False,7.1727168918733595,RCV0542,False,0,,,NORMAL,0,0,4295.31,0.0,0,0
TXN-SYN-EEDF8A77,CUST0515,2026-09-08 19:58:02,334.32,CASH_OUT,519,False,486,False,4.6630973738167185,RCV0674,False,0,,AG010,NORMAL,0,1,26025.48,-25691.16,0,0
TXN-SYN-2DCB196D,CUST0326,2026-09-08 19:58:14,303.15,MERCHANT_PAYMENT,1481,False,1438,False,2.2244616775986503,RCV1073,False,0,M023,,NORMAL,0,0,24924.7,-24621.55,0,0
TXN-SYN-8DF16A53,CUST0133,2026-09-08 20:10:06,476.19,MERCHANT_PAYMENT,238,False,199,False,9.854962713920855,RCV0463,False,0,M031,,NORMAL,0,1,390.36,85.83,0,0
TXN-SYN-472E23CD,CUST0151,2026-09-08 20:13:58,2978.79,SEND_MONEY,1032,False,1029,False,6.24408788690112,RCV0177,False,1,,,NORMAL,0,0,50.0,2928.79,0,0
TXN-SYN-1C6423D3,CUST0053,2026-09-08 20:16:25,629.07,SEND_MONEY,815,False,806,False,5.070596467387183,RCV0527,False,0,,,NORMAL,0,1,26729.95,-26100.88,0,0
TXN-SYN-A8EC8A0A,CUST0484,2026-09-08 20:18:35,7619.61,SEND_MONEY,727,False,723,False,1.9446248773228147,RCV0984,False,0,,,NORMAL,0,0,1605.38,6014.23,0,0
TXN-SYN-551AE5A1,CUST0289,2026-09-08 20:28:51,40470.09,SEND_MONEY,515,False,467,False,2.517732340554316,RCV0999,True,0,,,MULE_LIKE,0,0,1383.33,39086.76,0,0
TXN-SYN-77B7E045,CUST0275,2026-09-08 20:29:29,33563.79,SEND_MONEY,689,False,619,False,0.6964826992629758,RCV0999,True,0,,AG009,MULE_LIKE,0,1,2053.02,31510.77,0,0
TXN-SYN-77931745,CUST0235,2026-09-08 20:31:35,528.05,SEND_MONEY,138,False,111,False,3.553197484738877,RCV0055,False,0,,,NORMAL,0,0,427.87,100.18,0,0
TXN-SYN-9DBB4112,CUST0475,2026-09-08 20:33:30,6276.83,SEND_MONEY,1255,True,1204,False,1.5406079373053427,RCV1039,True,0,,,SCAM_LIKE,0,0,6276.83,0.0,0,0
TXN-SYN-94044B2E,CUST0741,2026-09-08 20:42:06,326.64,SEND_MONEY,739,False,656,False,8.809730056396575,RCV0875,False,0,,,NORMAL,0,0,280.7,45.94,0,0
TXN-SYN-C2DD106E,CUST0370,2026-09-08 20:49:18,731.26,MERCHANT_PAYMENT,1052,False,1041,False,2.208066385756704,RCV0227,False,0,M047,,NORMAL,0,1,314.59,416.67,0,0
TXN-SYN-E58979DA,CUST0341,2026-09-08 20:50:52,1701.08,CASH_IN,559,False,535,False,7.556817770495199,RCV1082,False,0,,AG008,NORMAL,0,1,12101.19,-10400.11,0,0
TXN-SYN-4EBED91A,CUST0474,2026-09-08 20:54:55,71.76,CASH_IN,452,False,443,False,6.615192818109894,RCV0144,False,0,,AG002,NORMAL,0,0,9767.72,-9695.96,0,0
TXN-SYN-C9C3C356,CUST0680,2026-09-08 20:56:01,819.24,SEND_MONEY,1097,False,1079,False,2.6831614276466054,RCV1115,False,0,,,NORMAL,0,0,819.24,0.0,0,0
TXN-SYN-0F69C20D,CUST0653,2026-09-08 21:09:53,968.3,CASH_IN,711,False,701,False,4.75423853743688,RCV0761,False,0,,AG009,NORMAL,0,0,968.3,0.0,0,0
TXN-SYN-99AADBC3,CUST0361,2026-09-08 21:12:37,793.74,SEND_MONEY,1414,False,1367,False,2.806832155159743,RCV0440,False,0,,,NORMAL,0,0,770.42,23.33,0,0
TXN-SYN-5E9FB453,CUST0517,2026-09-08 21:14:26,224.2,CASH_IN,439,False,362,False,7.538390116302358,RCV0314,False,0,,AG002,NORMAL,0,0,16610.11,-16385.91,0,0
TXN-SYN-44BF0510,CUST0319,2026-09-08 21:15:53,3954.55,MOBILE_RECHARGE,1305,False,1240,False,4.718329416475755,RCV0468,False,0,,,NORMAL,0,0,3954.55,0.0,0,0
TXN-SYN-3A7599DD,CUST0673,2026-09-08 21:16:20,2500.13,SEND_MONEY,709,False,625,False,2.260710776786783,RCV0765,False,0,,,NORMAL,0,0,2500.13,0.0,0,0
TXN-SYN-639DBC46,CUST0685,2026-09-08 21:32:12,55598.42,SEND_MONEY,1425,False,1374,False,5.132935824594983,RCV0680,False,0,,,NORMAL,0,0,21264.27,34334.15,0,0
TXN-SYN-AEBF6447,CUST0462,2026-09-08 21:32:14,7122.1,SEND_MONEY,355,True,306,False,7.099551052298295,RCV1146,True,0,,,SCAM_LIKE,0,0,26837.97,-19715.87,0,0
TXN-SYN-23C815DD,CUST0696,2026-09-08 21:38:54,106.35,MERCHANT_PAYMENT,424,False,401,False,2.491054755921968,RCV0972,False,0,M021,,NORMAL,0,0,513.26,-406.9,0,0
TXN-SYN-1CF16DA5,CUST0483,2026-09-08 21:41:11,33804.69,SEND_MONEY,1098,False,1081,False,4.060057732820759,RCV0997,True,0,,,MULE_LIKE,0,0,46624.68,-12819.99,0,0
TXN-SYN-A81C805B,CUST0345,2026-09-08 21:47:03,23642.37,SEND_MONEY,1333,False,1245,False,2.560155318536622,RCV0301,True,0,,AG010,SCAM_LIKE,0,0,23642.37,0.0,0,0
TXN-SYN-BA80440C,CUST0235,2026-09-08 21:52:34,1067.4,SEND_MONEY,1083,False,1044,False,3.679827823670471,RCV1074,False,0,,,NORMAL,0,1,477.96,589.44,0,0
TXN-SYN-97D1F38D,CUST0375,2026-09-08 22:12:56,34297.17,CASH_OUT,156,False,92,True,46.7740817306563,RCV0893,False,0,,AG012,CASH_OUT_RISK,0,0,34297.17,0.0,0,0
TXN-SYN-DD18AC6B,CUST0041,2026-09-08 22:16:18,45821.66,CASH_OUT,607,False,552,True,27.16610698355432,RCV0990,False,0,,AG013,CASH_OUT_RISK,0,0,497.91,45323.75,0,0
TXN-SYN-FC40C9DD,CUST0470,2026-09-08 22:26:53,49103.82,CASH_OUT,1131,False,1096,True,26.218770957198785,RCV0970,False,0,,AG017,CASH_OUT_RISK,0,0,1295.92,47807.9,0,0
TXN-SYN-68EF4345,CUST0288,2026-09-08 22:33:54,37843.76,CASH_OUT,1134,False,1090,True,63.59137148209448,RCV0200,False,0,,AG027,CASH_OUT_RISK,0,0,12315.13,25528.63,0,0
TXN-SYN-D34186AB,CUST0209,2026-09-08 22:44:24,26949.88,CASH_OUT,469,False,466,True,41.83599957851903,RCV0815,False,0,M046,AG015,CASH_OUT_RISK,0,1,5313.64,21636.24,0,1
TXN-SYN-27AD1E78,CUST0415,2026-09-08 23:12:23,34721.47,CASH_OUT,1207,False,1193,True,80.6126093282378,RCV0334,False,0,,AG007,CASH_OUT_RISK,0,0,14949.12,19772.35,0,0
TXN-SYN-9ABB4D5A,CUST0119,2026-09-08 23:48:05,46667.12,CASH_OUT,375,False,354,True,40.25861881744639,RCV1071,False,0,,AG014,CASH_OUT_RISK,0,0,15222.1,31445.02,0,0
TXN-SYN-436F71FE,CUST0357,2026-09-09 01:05:58,31168.93,CASH_OUT,895,False,811,True,51.85538821337084,RCV0384,False,0,,AG018,CASH_OUT_RISK,0,0,1620.13,29548.8,0,0
TXN-SYN-5AF1F4AC,CUST0052,2026-09-09 01:16:08,5995.734325296947,SEND_MONEY,39,True,1,True,404.5866203337187,RCV0174,False,3,,,ACCOUNT_TAKEOVER_LIKE,0,0,491.3,5504.43,0,0
TXN-SYN-91B97DD8,CUST0200,2026-09-09 01:21:47,100000.0,MERCHANT_PAYMENT,14,True,0,True,230.2818169568779,RCV0284,False,5,M041,,ACCOUNT_TAKEOVER_LIKE,0,2,6615.45,93384.55,0,0
TXN-SYN-5A45B07C,CUST0593,2026-09-09 01:25:30,4780.988037622095,MOBILE_RECHARGE,19,True,1,True,364.02315282108543,RCV1033,False,2,,,ACCOUNT_TAKEOVER_LIKE,0,0,3234.53,1546.46,0,0
TXN-SYN-29EAEA17,CUST0470,2026-09-09 01:26:04,22243.36,CASH_OUT,707,False,686,True,25.608771141827347,RCV0462,False,0,M025,AG019,CASH_OUT_RISK,0,1,17231.89,5011.47,0,1
TXN-SYN-88887B89,CUST0301,2026-09-09 01:26:16,44583.81,CASH_OUT,793,False,763,True,74.59249295642542,RCV0124,False,0,M033,AG006,CASH_OUT_RISK,0,0,1048.57,43535.24,0,0
TXN-SYN-1CEC4E42,CUST0623,2026-09-09 02:12:20,33976.47,CASH_OUT,333,False,321,True,93.28956667469865,RCV0680,False,0,,AG016,CASH_OUT_RISK,0,0,211.07,33765.4,0,0
TXN-SYN-0C5AD2CD,CUST0779,2026-09-09 02:18:05,358.8218363173019,CASH_IN,91,True,1,True,301.46037545929835,RCV0050,False,3,,AG018,ACCOUNT_TAKEOVER_LIKE,0,0,358.8218363173019,0.0,0,0
TXN-SYN-00942602,CUST0621,2026-09-09 02:31:29,2959.581834081001,SEND_MONEY,77,True,2,True,333.00731521562676,RCV0277,False,4,,,ACCOUNT_TAKEOVER_LIKE,0,1,25015.51,-22055.93,0,0
TXN-SYN-C63F45F6,CUST0068,2026-09-09 02:42:03,30878.06,CASH_OUT,1113,False,1074,True,46.06428938987415,RCV1095,False,0,,AG011,CASH_OUT_RISK,0,0,2336.76,28541.3,0,0
TXN-SYN-68DE7C64,CUST0022,2026-09-09 02:44:25,34011.77,CASH_OUT,1413,False,1350,True,21.37802618943408,RCV0502,False,0,,AG005,CASH_OUT_RISK,0,0,34011.77,0.0,0,0
TXN-SYN-20244519,CUST0436,2026-09-09 03:14:50,37295.83623941602,MOBILE_RECHARGE,42,True,1,True,65.7418430822691,RCV0126,False,5,,,ACCOUNT_TAKEOVER_LIKE,0,0,495.9,36799.94,0,0
TXN-SYN-0A8256F7,CUST0289,2026-09-09 03:18:31,44985.22,CASH_OUT,135,False,128,True,78.9413675254076,RCV0195,False,2,,AG024,CASH_OUT_RISK,0,1,14412.25,30572.97,0,0
TXN-SYN-9EE4A64C,CUST0636,2026-09-09 03:18:50,318.25343328546353,MERCHANT_PAYMENT,46,True,2,True,274.0535161622921,RCV1195,False,2,M028,,ACCOUNT_TAKEOVER_LIKE,0,0,8285.0,-7966.75,0,0
TXN-SYN-993987B8,CUST0389,2026-09-09 03:23:19,52356.186042564594,SEND_MONEY,31,True,0,True,193.5096138349713,RCV0849,False,4,,,ACCOUNT_TAKEOVER_LIKE,0,0,11472.22,40883.96,0,0
TXN-SYN-8AF1F762,CUST0046,2026-09-09 03:46:10,15259.05,CASH_OUT,856,False,817,True,33.83558734966986,RCV1100,False,0,,AG002,CASH_OUT_RISK,0,0,1610.1,13648.95,0,0
TXN-SYN-4D287630,CUST0304,2026-09-09 03:56:13,522.6180533134843,SEND_MONEY,92,True,1,True,258.818151953515,RCV0255,False,5,,,ACCOUNT_TAKEOVER_LIKE,0,0,522.6180533134843,0.0,0,0
TXN-SYN-AF03A953,CUST0412,2026-09-09 04:11:26,14012.1375497452,MERCHANT_PAYMENT,52,True,2,True,337.12169051615496,RCV0208,False,3,M039,,ACCOUNT_TAKEOVER_LIKE,0,0,14012.1375497452,0.0,0,0
TXN-SYN-B4B11676,CUST0238,2026-09-09 04:35:15,95136.95899389457,BILL_PAY,64,True,2,True,88.22017479718096,RCV0126,False,5,,,ACCOUNT_TAKEOVER_LIKE,0,0,95136.95899389457,0.0,0,0
TXN-SYN-81C6C2D1,CUST0238,2026-09-09 05:37:05,3265.4669309951983,SEND_MONEY,54,True,0,True,136.03566060765155,RCV0567,False,3,,,ACCOUNT_TAKEOVER_LIKE,0,1,95136.96,-91871.49,0,0
TXN-SYN-AFA6EB25,CUST0093,2026-09-09 05:43:30,906.9926021733022,SEND_MONEY,91,True,1,True,256.7322473837166,RCV0516,False,4,,,ACCOUNT_TAKEOVER_LIKE,0,0,1086.93,-179.94,0,0
TXN-SYN-A7F3BFB1,CUST0053,2026-09-09 08:04:47,175.07,SEND_MONEY,691,False,661,False,9.568255599244042,RCV0441,False,0,,,NORMAL,0,2,13679.51,-13504.44,0,0
TXN-SYN-0ACFB8C9,CUST0118,2026-09-09 08:10:54,657.13,SEND_MONEY,248,False,194,False,5.164164479401871,RCV0020,False,0,,,NORMAL,0,0,657.13,0.0,0,0
TXN-SYN-17BC2E3D,CUST0733,2026-09-09 08:13:50,2146.22,MERCHANT_PAYMENT,1282,False,1272,False,5.652858662444665,RCV0069,False,0,M026,,NORMAL,0,1,4054.88,-1908.66,0,0
TXN-SYN-DA9BC3FB,CUST0576,2026-09-09 08:24:45,1365.54,MERCHANT_PAYMENT,846,False,817,False,4.106859162424089,RCV1026,False,0,M026,,NORMAL,0,0,707.92,657.62,0,0
TXN-SYN-76970150,CUST0312,2026-09-09 08:28:38,37088.41,SEND_MONEY,429,False,354,False,7.175669408695834,RCV0493,True,0,,,MULE_LIKE,0,0,524.77,36563.64,0,0
TXN-SYN-85161B96,CUST0738,2026-09-09 08:36:06,42393.55,SEND_MONEY,879,False,846,False,6.101090342930682,RCV0997,True,0,,,MULE_LIKE,0,0,22093.79,20299.76,0,0
TXN-SYN-EE51B425,CUST0246,2026-09-09 08:36:26,3758.6,BILL_PAY,895,False,858,False,2.2911466775667657,RCV0480,False,1,,,NORMAL,0,1,1385.8,2372.8,0,0
TXN-SYN-5D3CEF5F,CUST0368,2026-09-09 08:37:48,2575.7,SEND_MONEY,862,False,806,False,8.875071901181288,RCV0938,False,0,,,NORMAL,0,0,27409.08,-24833.38,0,0
TXN-SYN-3D3B5FCA,CUST0421,2026-09-09 08:39:20,5768.53,SEND_MONEY,1253,False,1194,False,0.7641685943805143,RCV0553,True,0,M049,,SCAM_LIKE,0,0,447.95,5320.58,0,0
TXN-SYN-8017ED54,CUST0172,2026-09-09 08:56:33,46270.52,SEND_MONEY,365,False,304,False,9.183500185908994,RCV0235,True,0,,,MULE_LIKE,0,0,3129.28,43141.24,0,0
TXN-SYN-8C8E1377,CUST0565,2026-09-09 09:13:34,1260.26,SEND_MONEY,498,False,445,False,8.265426560723766,RCV0396,False,0,,,NORMAL,0,0,1039.09,221.17,0,0
TXN-SYN-CAFBF48D,CUST0702,2026-09-09 09:15:25,389.76,SEND_MONEY,1209,False,1158,False,6.253898137372343,RCV0733,False,0,,,NORMAL,0,0,24968.92,-24579.16,0,0
TXN-SYN-D7BA934D,CUST0085,2026-09-09 09:30:41,344.71,SEND_MONEY,254,False,173,False,1.7773615462153736,RCV0621,False,0,,,NORMAL,0,0,38217.01,-37872.3,0,0
TXN-SYN-82B40CC5,CUST0088,2026-09-09 09:31:54,57.22,BILL_PAY,231,False,198,False,6.394590861399947,RCV0039,False,0,,,NORMAL,0,0,13295.94,-13238.72,0,0
TXN-SYN-A2DD5834,CUST0776,2026-09-09 09:37:10,1396.77,SEND_MONEY,307,False,304,False,9.053509023270369,RCV0003,False,0,,,NORMAL,0,0,1289.09,107.68,0,0
TXN-SYN-1B73B72E,CUST0508,2026-09-09 09:51:21,50.0,CASH_IN,868,False,795,False,6.0802709201471705,RCV0540,False,0,,AG023,NORMAL,0,0,25132.64,-25082.64,0,0
TXN-SYN-0BD7FC2A,CUST0504,2026-09-09 09:51:53,32349.8,SEND_MONEY,902,False,881,False,5.564823060900633,RCV0006,True,0,M020,,MULE_LIKE,0,1,9053.25,23296.55,0,1
TXN-SYN-62E501E4,CUST0619,2026-09-09 09:53:03,106.48,CASH_IN,1295,False,1207,False,5.461072586951875,RCV1103,False,0,,AG018,NORMAL,0,0,1099.6,-993.12,0,0
TXN-SYN-50BBEF9A,CUST0388,2026-09-09 10:00:20,21027.61,SEND_MONEY,448,False,419,False,8.306794770127285,RCV0447,True,0,,AG019,MULE_LIKE,0,0,21027.61,0.0,0,0
TXN-SYN-E15FBB73,CUST0544,2026-09-09 10:03:58,1028.6,CASH_OUT,1472,False,1418,False,7.059066693266582,RCV0840,False,0,,AG022,NORMAL,0,0,14726.18,-13697.58,0,0
TXN-SYN-EC53C0DD,CUST0252,2026-09-09 10:06:15,7220.32,SEND_MONEY,248,False,176,False,7.826960407441492,RCV1079,False,0,,,NORMAL,0,0,1041.52,6178.8,0,0
TXN-SYN-58AF6896,CUST0714,2026-09-09 10:22:26,27961.17,SEND_MONEY,1227,False,1167,False,5.430242292969959,RCV0753,True,0,,AG014,MULE_LIKE,0,0,5759.23,22201.94,0,0
TXN-SYN-E55DB8EB,CUST0609,2026-09-09 10:24:04,465.86,SEND_MONEY,1020,False,945,False,0.3542236841854507,RCV0951,False,0,,,NORMAL,0,0,3330.77,-2864.91,0,0
TXN-SYN-5B0A133C,CUST0049,2026-09-09 10:31:04,2340.06,MERCHANT_PAYMENT,313,False,275,False,1.8163779929545654,RCV0070,False,0,M044,,NORMAL,0,0,1255.99,1084.07,0,0
TXN-SYN-9D112F52,CUST0059,2026-09-09 10:39:38,7453.57,SEND_MONEY,353,False,315,False,7.079052491734066,RCV0734,True,0,,,SCAM_LIKE,0,0,15960.0,-8506.43,0,0
TXN-SYN-B4E98E77,CUST0382,2026-09-09 10:42:09,11902.21,SEND_MONEY,578,False,540,False,4.773517155244989,RCV1137,True,0,,AG005,SCAM_LIKE,0,0,651.78,11250.43,0,0
TXN-SYN-77CF39A2,CUST0419,2026-09-09 10:42:17,1107.15,CASH_OUT,342,False,264,False,8.255802019124392,RCV0933,False,0,,AG017,NORMAL,0,0,50.0,1057.15,0,0
TXN-SYN-BCD11308,CUST0794,2026-09-09 10:42:25,14928.38,SEND_MONEY,385,False,366,False,4.622197704923549,RCV0435,True,0,M024,,SCAM_LIKE,0,0,718.14,14210.24,0,0
TXN-SYN-3888267E,CUST0540,2026-09-09 10:55:29,2998.5,SEND_MONEY,1047,False,1017,False,6.001440384325139,RCV0321,False,0,,,NORMAL,0,1,23289.38,-20290.88,0,0
TXN-SYN-BCE842CE,CUST0514,2026-09-09 11:00:41,7257.95,MOBILE_RECHARGE,349,False,266,False,5.441463322690662,RCV0003,False,0,,,NORMAL,0,0,35434.13,-28176.18,0,0
TXN-SYN-3A623367,CUST0604,2026-09-09 11:24:12,378.61,CASH_IN,584,False,567,False,3.800944455355788,RCV0745,False,0,,AG001,NORMAL,0,0,7325.52,-6946.92,0,0
TXN-SYN-9828FF63,CUST0047,2026-09-09 11:36:30,64.65,SEND_MONEY,159,False,82,False,4.6277106511028,RCV1026,False,0,,,NORMAL,0,0,5202.83,-5138.18,0,0
TXN-SYN-05805957,CUST0202,2026-09-09 11:37:01,161.45,SEND_MONEY,1075,False,1010,False,6.835184547408398,RCV1180,False,0,,,NORMAL,0,0,25279.83,-25118.38,0,0
TXN-SYN-9BE8EF6E,CUST0322,2026-09-09 11:53:31,50.0,CASH_OUT,1474,False,1461,False,2.24731644171698,RCV1163,False,0,,AG014,NORMAL,0,0,7841.12,-7791.12,0,0
TXN-SYN-05A973A7,CUST0282,2026-09-09 12:02:23,393.7,BILL_PAY,1348,False,1291,False,0.28518493911292575,RCV0273,False,0,,,NORMAL,0,0,4289.86,-3896.16,0,0
TXN-SYN-CC6F82B0,CUST0617,2026-09-09 12:02:41,16765.74,SEND_MONEY,1325,False,1242,False,2.1520447973319277,RCV1169,False,0,,,NORMAL,0,1,43735.83,-26970.09,0,0
TXN-SYN-B6D14EB5,CUST0395,2026-09-09 12:08:34,1304.24,MERCHANT_PAYMENT,772,False,684,False,7.926330427168871,RCV0937,False,0,M045,,NORMAL,0,0,546.8,757.44,0,0
TXN-SYN-1111637D,CUST0282,2026-09-09 12:11:22,3254.52,MERCHANT_PAYMENT,1405,False,1359,False,4.0240625929931175,RCV0463,False,0,M019,,NORMAL,1,1,2341.78,912.74,0,0
TXN-SYN-54E70526,CUST0221,2026-09-09 12:21:47,3217.76,CASH_OUT,1497,False,1446,False,1.6329168199755906,RCV0078,False,0,,AG024,NORMAL,0,0,13991.1,-10773.34,0,0
TXN-SYN-B5599ADE,CUST0508,2026-09-09 12:22:25,391.71,SEND_MONEY,869,False,797,False,5.097242467516981,RCV0480,False,0,,,NORMAL,0,1,16771.76,-16380.05,0,0
TXN-SYN-B5A110FA,CUST0598,2026-09-09 12:34:31,621.67,SEND_MONEY,1254,False,1210,False,6.45693868383918,RCV0318,False,2,,,NORMAL,0,0,621.67,0.0,0,0
TXN-SYN-152BFDC5,CUST0524,2026-09-09 12:36:21,9666.84,MERCHANT_PAYMENT,842,False,810,False,7.078920306979332,RCV0784,False,0,M015,,NORMAL,0,0,1313.68,8353.16,0,0
TXN-SYN-015691AD,CUST0247,2026-09-09 12:38:29,48597.14,SEND_MONEY,366,False,298,False,0.4986014639916425,RCV0301,True,0,M023,,MULE_LIKE,0,0,48597.14,0.0,0,0
TXN-SYN-E866C453,CUST0439,2026-09-09 12:40:21,583.16,MERCHANT_PAYMENT,1126,False,1081,False,6.243355265512055,RCV0688,False,0,M000,,NORMAL,0,0,12180.89,-11597.73,0,0
TXN-SYN-197AFCEC,CUST0248,2026-09-09 12:51:44,667.84,MOBILE_RECHARGE,893,False,820,False,7.469691686229307,RCV0094,False,0,,,NORMAL,0,0,667.84,0.0,0,0
TXN-SYN-09592BC4,CUST0679,2026-09-09 12:52:23,393.33,SEND_MONEY,198,False,145,False,0.8189252820000481,RCV0996,False,0,,,NORMAL,0,0,7961.51,-7568.18,0,0
TXN-SYN-8FDC258D,CUST0258,2026-09-09 12:54:59,1069.12,SEND_MONEY,1072,False,1072,False,3.3574499400490043,RCV1027,False,0,,,NORMAL,0,0,1069.12,0.0,0,0
TXN-SYN-7A39A90E,CUST0651,2026-09-09 12:57:20,3757.31,MERCHANT_PAYMENT,1064,False,1059,False,4.31651762593961,RCV0887,False,0,M042,,NORMAL,0,0,4603.47,-846.16,0,0
TXN-SYN-D01BB188,CUST0614,2026-09-09 13:00:52,644.3,BILL_PAY,787,False,753,False,4.223253244796035,RCV0106,False,0,,,NORMAL,0,0,3956.15,-3311.85,0,0
TXN-SYN-F2C7B944,CUST0753,2026-09-09 13:03:51,113.45,SEND_MONEY,1175,False,1174,False,8.207143500914505,RCV1094,False,0,,,NORMAL,0,0,113.45,0.0,0,0
TXN-SYN-46448B6F,CUST0052,2026-09-09 13:14:13,670.69,CASH_OUT,784,False,734,False,5.435402377305709,RCV0007,False,0,,AG014,NORMAL,0,1,2326.11,-1655.42,0,0
TXN-SYN-A33DBD00,CUST0526,2026-09-09 13:18:23,140.1,SEND_MONEY,302,False,295,False,7.84094700579848,RCV0796,False,0,,,NORMAL,0,0,140.1,0.0,0,0
TXN-SYN-2DDC40D3,CUST0313,2026-09-09 13:22:26,19291.29,BILL_PAY,438,False,384,False,4.353893961280134,RCV0770,False,0,,,NORMAL,0,0,19291.29,0.0,0,0
TXN-SYN-3F527C3E,CUST0486,2026-09-09 13:22:37,2245.57,MOBILE_RECHARGE,562,False,559,False,5.793792003478408,RCV0796,False,0,,,NORMAL,0,0,19219.12,-16973.55,0,0
TXN-SYN-54BC1DFD,CUST0162,2026-09-09 13:27:54,3340.73,SEND_MONEY,1050,False,1007,False,5.077539846326035,RCV0822,False,0,,,NORMAL,0,0,878.01,2462.72,0,0
TXN-SYN-75DDAAB2,CUST0174,2026-09-09 13:39:30,27632.45,SEND_MONEY,313,False,301,False,0.5324328706398596,RCV1003,False,0,,,NORMAL,0,0,497.4,27135.06,0,0
TXN-SYN-6D2DCCFA,CUST0272,2026-09-09 13:58:25,145.14,CASH_IN,729,False,646,False,6.837139686758529,RCV0181,False,0,,AG000,NORMAL,0,0,429.84,-284.7,0,0
TXN-SYN-6FF564E8,CUST0179,2026-09-09 14:04:10,265.99,CASH_OUT,471,False,393,False,9.835527488777746,RCV1003,False,0,,AG013,NORMAL,0,0,2004.23,-1738.24,0,0
TXN-SYN-7C03EED8,CUST0468,2026-09-09 14:14:24,2834.48,SEND_MONEY,477,False,443,False,7.847113786995289,RCV0747,False,0,,,NORMAL,0,0,50.0,2784.48,0,0
TXN-SYN-DCB659DC,CUST0255,2026-09-09 14:24:12,698.43,SEND_MONEY,592,False,510,False,2.2317170312352594,RCV1194,False,0,,,NORMAL,0,0,18010.7,-17312.27,0,0
TXN-SYN-48FC63AB,CUST0210,2026-09-09 14:24:38,380.45,CASH_OUT,460,False,433,False,6.230254231970392,RCV0934,False,0,,AG016,NORMAL,0,2,5751.7,-5371.25,0,1
TXN-SYN-F683F875,CUST0419,2026-09-09 14:25:06,201.83,MOBILE_RECHARGE,1426,False,1382,False,5.692294547562082,RCV0849,False,0,,,NORMAL,0,1,578.58,-376.74,0,1
TXN-SYN-8684B8A4,CUST0473,2026-09-09 14:31:42,2091.78,SEND_MONEY,324,False,243,False,4.064965684387696,RCV0709,False,0,,,NORMAL,0,1,7415.77,-5323.99,0,0
TXN-SYN-214E1B7C,CUST0414,2026-09-09 14:46:24,699.94,MOBILE_RECHARGE,812,False,779,False,4.3723744309967625,RCV1068,False,0,,,NORMAL,0,0,2367.12,-1667.18,0,0
TXN-SYN-3F9AFA68,CUST0582,2026-09-09 14:46:32,10287.71,SEND_MONEY,979,False,964,False,5.169632172253634,RCV0519,False,0,,,NORMAL,0,0,10287.71,0.0,0,0
TXN-SYN-2A7A6D69,CUST0636,2026-09-09 14:52:30,537.69,CASH_IN,1148,False,1080,False,3.045753662885684,RCV1146,False,0,,AG017,NORMAL,0,1,6293.32,-5755.63,0,0
TXN-SYN-0201033C,CUST0211,2026-09-09 14:58:53,198.44,SEND_MONEY,1068,False,1059,False,5.1600611644846905,RCV0283,False,0,,,NORMAL,0,1,606.19,-407.75,0,0
TXN-SYN-127CA210,CUST0774,2026-09-09 15:01:27,17286.59,SEND_MONEY,1180,True,1134,False,4.466450693099127,RCV0545,True,0,M018,,SCAM_LIKE,0,0,19947.92,-2661.33,0,0
TXN-SYN-F5A061FD,CUST0680,2026-09-09 15:13:34,14509.42,SEND_MONEY,492,False,465,False,4.48291244204864,RCV0999,True,0,M025,,MULE_LIKE,0,1,819.24,13690.18,0,0
TXN-SYN-B635DCD3,CUST0025,2026-09-09 15:16:22,168.49,CASH_OUT,1135,False,1108,False,6.755550115253239,RCV1029,False,0,,AG013,NORMAL,0,0,2596.81,-2428.32,0,0
TXN-SYN-C763F390,CUST0587,2026-09-09 15:22:32,87.02,MOBILE_RECHARGE,877,False,820,False,3.5706613875330606,RCV0820,False,0,,,NORMAL,0,0,33470.19,-33383.17,0,0
TXN-SYN-47721E9F,CUST0682,2026-09-09 15:24:58,1603.76,BILL_PAY,1427,False,1420,False,1.4840093256080777,RCV1101,False,0,,,NORMAL,0,0,27595.68,-25991.92,0,0
TXN-SYN-31BD84C4,CUST0260,2026-09-09 15:31:01,737.73,MERCHANT_PAYMENT,716,False,690,False,6.432879371598733,RCV0880,False,0,M042,,NORMAL,0,0,14984.86,-14247.13,0,0
TXN-SYN-18C14AF2,CUST0583,2026-09-09 15:52:09,2162.93,BILL_PAY,1115,False,1114,False,6.51239434425481,RCV0215,False,0,,,NORMAL,0,0,19962.24,-17799.31,0,0
TXN-SYN-07290704,CUST0166,2026-09-09 16:06:40,1503.73,CASH_IN,795,False,771,False,6.626284948497968,RCV0268,False,0,,AG004,NORMAL,0,0,18136.71,-16632.98,0,0
TXN-SYN-429D0DED,CUST0058,2026-09-09 16:07:15,420.78,BILL_PAY,556,False,530,False,5.345545447560392,RCV0096,False,0,,,NORMAL,0,0,2550.51,-2129.73,0,0
TXN-SYN-065D2746,CUST0695,2026-09-09 16:16:54,88562.86,SEND_MONEY,315,False,241,False,4.579594903317334,RCV0075,False,2,,,NORMAL,0,0,88562.86,0.0,0,0
TXN-SYN-6C661F94,CUST0785,2026-09-09 16:18:25,783.05,SEND_MONEY,538,False,481,False,4.772084919532585,RCV0937,False,0,,,NORMAL,0,0,783.05,0.0,0,0
TXN-SYN-403CA5A1,CUST0322,2026-09-09 16:29:46,4313.62,SEND_MONEY,519,False,437,False,4.502066161151195,RCV0331,False,0,,,NORMAL,0,1,5244.08,-930.46,0,1
TXN-SYN-412A3303,CUST0537,2026-09-09 16:42:07,80.24,SEND_MONEY,1148,False,1101,False,8.126915133777429,RCV0517,False,0,,,NORMAL,0,0,3163.4,-3083.16,0,0
TXN-SYN-88CECB25,CUST0579,2026-09-09 16:45:30,461.95,SEND_MONEY,486,False,410,False,9.633245550195472,RCV0086,False,0,,,NORMAL,0,0,2825.87,-2363.92,0,0
TXN-SYN-CD6A3F6F,CUST0299,2026-09-09 17:10:11,1833.07,SEND_MONEY,1479,False,1460,False,6.361336677280657,RCV0195,False,0,,,NORMAL,0,0,2346.37,-513.3,0,0
TXN-SYN-648B51B1,CUST0183,2026-09-09 17:10:14,11756.9,MOBILE_RECHARGE,910,False,880,False,6.97447828164306,RCV0712,False,0,,,NORMAL,0,0,1369.33,10387.57,0,0
TXN-SYN-2D46235B,CUST0068,2026-09-09 17:11:46,972.35,SEND_MONEY,1134,False,1100,False,2.9621043980003705,RCV0300,False,0,,,NORMAL,0,1,9472.08,-8499.73,0,1
TXN-SYN-7D80CE9D,CUST0628,2026-09-09 17:22:15,66.47,SEND_MONEY,199,False,122,False,3.895772797791982,RCV0477,False,0,,,NORMAL,0,0,66.47,0.0,0,0
TXN-SYN-ABACD8A0,CUST0765,2026-09-09 17:25:56,373.87,SEND_MONEY,1471,False,1442,False,5.06456377036514,RCV0480,False,0,,,NORMAL,0,0,6035.84,-5661.97,0,0
TXN-SYN-0F0EFB77,CUST0469,2026-09-09 17:38:04,148.06,MOBILE_RECHARGE,639,False,556,False,3.849167044353056,RCV1011,False,0,,,NORMAL,0,0,3565.72,-3417.66,0,0
TXN-SYN-3B87A3FB,CUST0533,2026-09-09 17:45:55,875.26,MOBILE_RECHARGE,372,False,335,False,3.2040128614021492,RCV0458,False,0,,,NORMAL,0,0,875.26,0.0,0,0
TXN-SYN-D0106092,CUST0581,2026-09-09 17:54:50,129.06,SEND_MONEY,1006,False,955,False,2.5481781796476177,RCV0377,False,0,,,NORMAL,0,0,21677.15,-21548.09,0,0
TXN-SYN-5393362A,CUST0075,2026-09-09 17:55:38,9205.96,SEND_MONEY,1193,False,1104,False,0.23335931460407466,RCV0624,True,0,,,SCAM_LIKE,0,0,9205.96,0.0,0,0
TXN-SYN-6B47D4EC,CUST0133,2026-09-09 18:00:18,370.69,BILL_PAY,199,False,141,False,5.976682827027031,RCV0072,False,0,,,NORMAL,0,1,418.97,-48.28,0,0
TXN-SYN-36F1372A,CUST0395,2026-09-09 18:29:37,15171.15,SEND_MONEY,1387,False,1370,False,6.0057752799134665,RCV0144,True,0,,,SCAM_LIKE,0,1,925.52,14245.63,0,0
TXN-SYN-4277E68C,CUST0629,2026-09-09 18:37:40,1645.78,SEND_MONEY,150,False,113,False,3.2009976683177435,RCV0112,False,0,,,NORMAL,0,0,13501.82,-11856.04,0,0
TXN-SYN-2BAA74CA,CUST0743,2026-09-09 18:39:18,1356.5,MOBILE_RECHARGE,1484,False,1420,False,8.727178412956928,RCV0568,False,0,,,NORMAL,0,0,41596.08,-40239.58,0,0
TXN-SYN-16F82FDF,CUST0770,2026-09-09 18:43:50,28199.55,SEND_MONEY,354,False,313,False,1.1803807530595356,RCV0916,True,0,,,MULE_LIKE,0,0,48971.73,-20772.18,0,0
TXN-SYN-BF248AF4,CUST0779,2026-09-09 18:43:51,28730.88,SEND_MONEY,965,False,946,False,8.569311828837737,RCV1108,True,0,,,MULE_LIKE,0,1,358.82,28372.06,0,0
TXN-SYN-0CA4A527,CUST0703,2026-09-09 18:48:10,832.7,SEND_MONEY,882,False,796,False,8.102158362023667,RCV0924,False,0,,,NORMAL,0,0,4942.29,-4109.59,0,0
TXN-SYN-CC4F9E2D,CUST0547,2026-09-09 18:49:58,89.29,SEND_MONEY,698,False,624,False,3.3949391505994275,RCV0415,False,0,,,NORMAL,0,0,89.29,0.0,0,0
TXN-SYN-E18AC976,CUST0175,2026-09-09 19:13:12,3088.1,SEND_MONEY,287,False,229,False,6.907018716627425,RCV0577,False,0,,,NORMAL,0,0,18412.02,-15323.92,0,0
TXN-SYN-E9D46220,CUST0307,2026-09-09 19:14:36,1755.2,MERCHANT_PAYMENT,841,False,770,False,2.0690272344452154,RCV0301,False,0,M047,,NORMAL,0,0,9132.37,-7377.17,0,0
TXN-SYN-1729DC9C,CUST0167,2026-09-09 19:20:36,2113.85,MOBILE_RECHARGE,283,False,194,False,9.389267016062286,RCV0531,False,0,,,NORMAL,0,0,2083.45,30.4,0,0
TXN-SYN-F8CE0FFA,CUST0248,2026-09-09 19:24:51,784.08,SEND_MONEY,854,False,852,False,4.985862873912121,RCV0568,False,0,,,NORMAL,0,1,667.84,116.24,0,0
TXN-SYN-7CA365AE,CUST0635,2026-09-09 19:34:09,20537.21,SEND_MONEY,625,True,560,False,5.130694228634381,RCV0916,True,0,,,SCAM_LIKE,0,0,1021.67,19515.54,0,0
TXN-SYN-1C1952F1,CUST0374,2026-09-09 19:38:27,4031.08,MOBILE_RECHARGE,1030,False,946,False,1.8728424501148322,RCV0015,False,0,,,NORMAL,0,0,4031.08,0.0,0,0
TXN-SYN-7C0F278A,CUST0389,2026-09-09 19:50:57,630.0,CASH_OUT,1113,False,1102,False,2.4710323401014644,RCV0021,False,0,,AG012,NORMAL,0,1,25100.21,-24470.21,0,0
TXN-SYN-5326D884,CUST0106,2026-09-09 19:56:20,6127.87,MERCHANT_PAYMENT,371,False,337,False,0.5278335051569116,RCV0443,False,0,M018,,NORMAL,0,0,24707.7,-18579.83,0,0
TXN-SYN-E723297B,CUST0681,2026-09-09 19:56:46,477.96,SEND_MONEY,1201,False,1112,False,6.903948286293653,RCV0533,False,0,,,NORMAL,0,0,4231.46,-3753.5,0,0
TXN-SYN-18F45D4A,CUST0046,2026-09-09 19:58:40,523.28,SEND_MONEY,898,False,814,False,3.3630809441374976,RCV0524,False,0,,,NORMAL,0,1,8434.58,-7911.3,0,1
TXN-SYN-3768BC9A,CUST0178,2026-09-09 20:02:53,34999.19,SEND_MONEY,768,False,706,False,0.8196573464366219,RCV1135,True,0,,,MULE_LIKE,0,0,2252.75,32746.44,0,0
TXN-SYN-2BD18138,CUST0125,2026-09-09 20:13:37,1104.69,BILL_PAY,1306,False,1279,False,3.150207532146908,RCV0809,False,0,,,NORMAL,0,0,6907.37,-5802.68,0,0
TXN-SYN-A7DFC3D7,CUST0017,2026-09-09 20:20:38,1836.04,MERCHANT_PAYMENT,1302,False,1291,False,3.4681841503719335,RCV0389,False,0,M044,,NORMAL,0,0,10008.4,-8172.36,0,0
TXN-SYN-3DFF4FC6,CUST0724,2026-09-09 20:28:42,2456.78,MERCHANT_PAYMENT,957,False,881,False,2.6055112353703858,RCV0603,False,0,M007,,NORMAL,0,0,2456.78,0.0,0,0
TXN-SYN-5E042CFE,CUST0002,2026-09-09 20:28:49,12268.15,SEND_MONEY,1236,False,1190,False,8.130683025269882,RCV0042,True,0,,,MULE_LIKE,0,0,12268.15,0.0,0,0
TXN-SYN-F9DE90D8,CUST0203,2026-09-09 20:32:58,2930.42,MERCHANT_PAYMENT,206,False,193,False,3.253278267641415,RCV0350,False,0,M022,,NORMAL,0,0,45900.73,-42970.31,0,0
TXN-SYN-B2AAB3B9,CUST0524,2026-09-09 20:40:06,2791.35,BILL_PAY,633,False,594,False,5.5860088594376,RCV0821,False,0,,,NORMAL,0,1,3401.97,-610.62,0,0
TXN-SYN-6CD9B1B3,CUST0214,2026-09-09 20:44:49,2172.28,SEND_MONEY,1186,False,1109,False,3.9375514156540667,RCV0971,False,0,,,NORMAL,0,0,6036.43,-3864.15,0,0
TXN-SYN-0BD68F97,CUST0743,2026-09-09 20:55:37,788.13,CASH_IN,731,False,652,False,3.13161142862179,RCV0383,False,0,,AG024,NORMAL,0,1,21476.29,-20688.16,0,0
TXN-SYN-9A60B083,CUST0538,2026-09-09 21:00:46,3469.99,BILL_PAY,548,False,531,False,1.0359714999747949,RCV0944,False,0,,,NORMAL,0,0,3469.99,0.0,0,0
TXN-SYN-B9ADCE01,CUST0766,2026-09-09 21:00:55,75.66,SEND_MONEY,1438,False,1381,False,2.617665177292132,RCV0651,False,0,,,NORMAL,0,0,33670.9,-33595.24,0,0
TXN-SYN-1ECD0658,CUST0768,2026-09-09 21:10:47,319.38,CASH_OUT,427,False,373,False,6.711615394502296,RCV0012,False,0,,AG010,NORMAL,0,0,1577.43,-1258.05,0,0
TXN-SYN-C4A10EA1,CUST0224,2026-09-09 21:14:07,582.47,SEND_MONEY,1472,False,1415,False,9.750871697076812,RCV0699,False,0,,,NORMAL,0,0,2450.37,-1867.9,0,0
TXN-SYN-C5CAC58E,CUST0758,2026-09-09 21:17:17,739.3,SEND_MONEY,705,False,681,False,0.5968204768228957,RCV0874,False,0,,,NORMAL,0,0,739.3,0.0,0,0
TXN-SYN-92A2626F,CUST0278,2026-09-09 21:21:56,331.16,BILL_PAY,146,False,90,False,3.015651894095841,RCV0815,False,0,,,NORMAL,0,0,13390.29,-13059.13,0,0
TXN-SYN-4A77B528,CUST0377,2026-09-09 21:30:34,22194.77,SEND_MONEY,1465,False,1433,False,9.594564697250004,RCV1177,True,0,,AG011,MULE_LIKE,0,0,3708.15,18486.62,0,0
TXN-SYN-8689B8A4,CUST0118,2026-09-09 21:40:56,1009.44,SEND_MONEY,1302,False,1213,False,7.332353564786639,RCV0330,False,0,,,NORMAL,0,1,657.13,352.31,0,0
TXN-SYN-94C098AA,CUST0077,2026-09-09 21:43:58,853.74,CASH_OUT,1311,False,1291,False,0.013395372873139522,RCV0603,False,0,,AG024,NORMAL,0,0,853.74,0.0,0,0
TXN-SYN-2CBE714D,CUST0001,2026-09-09 21:51:12,433.1,CASH_IN,108,False,108,False,0.5218989637500959,RCV0206,False,0,,AG012,NORMAL,0,0,9230.71,-8797.61,0,0
TXN-SYN-CB5FFC58,CUST0267,2026-09-09 21:55:07,1807.74,SEND_MONEY,904,False,872,False,4.692019873527556,RCV0434,False,0,,,NORMAL,0,0,1807.74,0.0,0,0
TXN-SYN-0B25BD02,CUST0703,2026-09-09 22:18:46,38059.94,CASH_OUT,331,False,318,True,44.708871938917056,RCV1029,False,0,,AG019,CASH_OUT_RISK,0,1,2887.5,35172.44,0,0
TXN-SYN-CA90E345,CUST0083,2026-09-09 22:56:08,29320.03,CASH_OUT,1037,False,994,True,70.0677332840488,RCV0542,False,0,,AG014,CASH_OUT_RISK,0,0,3546.41,25773.62,0,0
TXN-SYN-CB8C95B2,CUST0250,2026-09-09 23:48:50,26065.46,CASH_OUT,1143,False,1118,True,94.7100014022324,RCV0956,False,0,,AG005,CASH_OUT_RISK,0,0,15634.56,10430.9,0,0
TXN-SYN-5F3A7288,CUST0757,2026-09-09 23:53:00,20674.62,CASH_OUT,176,False,145,True,60.466554971125674,RCV0620,False,0,M000,AG000,CASH_OUT_RISK,0,0,21625.64,-951.02,0,0
TXN-SYN-504545A8,CUST0748,2026-09-10 01:09:47,22291.508363966557,MERCHANT_PAYMENT,35,True,0,True,63.50910157280134,RCV0245,False,2,M047,,ACCOUNT_TAKEOVER_LIKE,0,0,22291.508363966557,0.0,0,0
TXN-SYN-227EB449,CUST0273,2026-09-10 01:13:47,1758.7441872927925,SEND_MONEY,24,True,1,True,440.96049311801914,RCV0207,False,2,,,ACCOUNT_TAKEOVER_LIKE,0,0,737.33,1021.41,0,0
TXN-SYN-7A6F9DF2,CUST0213,2026-09-10 01:21:49,10696.097546318175,BILL_PAY,83,True,2,True,484.3555596336503,RCV0092,False,2,,,ACCOUNT_TAKEOVER_LIKE,0,0,7625.74,3070.36,0,0
TXN-SYN-680A4B89,CUST0766,2026-09-10 01:23:01,49034.7,CASH_OUT,535,False,511,True,33.76713834362075,RCV0253,False,0,,AG000,CASH_OUT_RISK,0,1,16873.28,32161.42,0,0
TXN-SYN-3F6EBBD8,CUST0366,2026-09-10 01:40:00,9681.722741946991,MOBILE_RECHARGE,98,True,2,True,251.0249558783021,RCV0840,False,4,,,ACCOUNT_TAKEOVER_LIKE,0,0,439.64,9242.08,0,0
TXN-SYN-04D43ED0,CUST0006,2026-09-10 01:49:34,40998.87,CASH_OUT,1196,False,1151,True,59.84323144454952,RCV0816,False,0,,AG005,CASH_OUT_RISK,0,0,1150.23,39848.64,0,0
TXN-SYN-7F2F1444,CUST0730,2026-09-10 01:56:31,15377.6,CASH_OUT,563,False,553,True,41.251093310425375,RCV0896,False,0,,AG020,CASH_OUT_RISK,0,0,15377.6,0.0,0,0
TXN-SYN-AB8E52E9,CUST0770,2026-09-10 02:25:57,18974.52,CASH_OUT,100,False,50,True,48.65301744262724,RCV1046,False,0,M000,AG016,CASH_OUT_RISK,0,1,38585.64,-19611.12,0,0
TXN-SYN-D8BDC6B3,CUST0248,2026-09-10 02:59:53,38216.76,CASH_OUT,643,False,630,True,25.615171246204838,RCV1114,False,1,,AG005,CASH_OUT_RISK,0,2,725.96,37490.8,0,0
TXN-SYN-8A1A9E44,CUST0356,2026-09-10 03:03:43,24427.07,CASH_OUT,1211,False,1183,True,80.1201908300788,RCV0422,False,0,,AG001,CASH_OUT_RISK,0,0,24427.07,0.0,0,0
TXN-SYN-13CF414C,CUST0164,2026-09-10 03:06:09,5234.032538060811,SEND_MONEY,86,True,0,True,391.40324810905145,RCV0961,False,3,,,ACCOUNT_TAKEOVER_LIKE,0,0,5234.032538060811,0.0,0,0
TXN-SYN-4DEA53C3,CUST0539,2026-09-10 03:08:59,43586.46471722873,MERCHANT_PAYMENT,15,True,2,True,88.90587820406854,RCV1016,False,2,M040,,ACCOUNT_TAKEOVER_LIKE,0,0,43586.46471722873,0.0,0,0
TXN-SYN-0FC383DD,CUST0767,2026-09-10 03:26:16,44315.912456131104,SEND_MONEY,92,True,0,True,234.36180768812693,RCV0917,False,5,,,ACCOUNT_TAKEOVER_LIKE,0,0,8368.62,35947.29,0,0
TXN-SYN-B4C595A0,CUST0059,2026-09-10 03:30:13,22513.89,CASH_OUT,367,False,341,True,64.56614735795442,RCV0484,False,0,,AG018,CASH_OUT_RISK,0,1,13833.4,8680.49,0,0
TXN-SYN-0B766A4E,CUST0043,2026-09-10 03:43:59,16577.215714565842,SEND_MONEY,78,True,2,True,441.08411678046605,RCV0954,False,2,,,ACCOUNT_TAKEOVER_LIKE,0,0,21189.95,-4612.73,0,0
TXN-SYN-FBF66EAF,CUST0125,2026-09-10 04:31:48,10553.784123952668,BILL_PAY,80,True,1,True,282.85745422293104,RCV0309,False,5,,,ACCOUNT_TAKEOVER_LIKE,0,1,5456.7,5097.09,0,0
TXN-SYN-C4E7CEDD,CUST0145,2026-09-10 04:47:43,1458.180351564869,CASH_OUT,82,True,2,True,255.83491808467022,RCV0925,False,3,,AG013,ACCOUNT_TAKEOVER_LIKE,0,0,32026.54,-30568.36,0,0
TXN-SYN-FC7C6757,CUST0728,2026-09-10 04:47:46,508.271825911419,SEND_MONEY,73,True,1,True,61.12173085920837,RCV0588,False,4,,,ACCOUNT_TAKEOVER_LIKE,0,0,12903.59,-12395.32,0,0
TXN-SYN-1E7DA67D,CUST0684,2026-09-10 04:52:07,76027.16313526887,MOBILE_RECHARGE,77,True,0,True,55.42248870331192,RCV1145,False,5,,,ACCOUNT_TAKEOVER_LIKE,0,0,1639.49,74387.68,0,0
TXN-SYN-3B04033C,CUST0232,2026-09-10 04:54:58,4319.4564446535405,SEND_MONEY,37,True,0,True,328.697328720757,RCV0406,False,2,,,ACCOUNT_TAKEOVER_LIKE,0,0,7721.82,-3402.36,0,0
TXN-SYN-4F6E18BA,CUST0206,2026-09-10 05:29:22,2340.9156482252233,CASH_IN,43,True,0,True,411.86346008659064,RCV0577,False,2,,AG005,ACCOUNT_TAKEOVER_LIKE,0,0,7567.02,-5226.1,0,0
TXN-SYN-79C9A752,CUST0444,2026-09-10 05:45:05,5687.265086979888,SEND_MONEY,26,True,1,True,294.14561152794033,RCV0424,False,2,,,ACCOUNT_TAKEOVER_LIKE,0,0,5687.265086979888,0.0,0,0
TXN-SYN-E8D691C0,CUST0597,2026-09-10 08:00:50,24341.38,SEND_MONEY,720,True,684,False,8.970828922039559,RCV1068,True,0,,,SCAM_LIKE,0,0,1276.57,23064.81,0,0
TXN-SYN-BF9084C6,CUST0373,2026-09-10 08:03:39,1517.6,SEND_MONEY,757,False,752,False,3.6253716900196578,RCV0258,False,0,,,NORMAL,0,0,1118.77,398.83,0,0
TXN-SYN-4E2CB7DA,CUST0661,2026-09-10 08:21:45,1829.16,CASH_OUT,1359,False,1347,False,1.9186897211497478,RCV0329,False,0,,AG025,NORMAL,0,0,20279.49,-18450.33,0,0
TXN-SYN-CE49850E,CUST0462,2026-09-10 08:24:26,15320.21,SEND_MONEY,788,False,705,False,2.80640520060651,RCV0005,True,0,,,SCAM_LIKE,0,0,20266.01,-4945.8,0,0
TXN-SYN-15B6C1FA,CUST0533,2026-09-10 09:07:09,16906.3,SEND_MONEY,938,False,932,False,6.3403039260503355,RCV0726,True,0,,AG012,MULE_LIKE,0,1,875.26,16031.04,0,0
TXN-SYN-35EACA67,CUST0237,2026-09-10 09:13:29,12149.63,SEND_MONEY,147,False,106,False,3.1581937965130558,RCV0489,False,0,,,NORMAL,0,0,379.57,11770.06,0,0
TXN-SYN-44FE2583,CUST0188,2026-09-10 09:18:06,24798.46,SEND_MONEY,657,False,603,False,5.04578002897229,RCV0159,True,0,,AG028,SCAM_LIKE,0,0,2968.38,21830.08,0,0
TXN-SYN-53E2179D,CUST0327,2026-09-10 09:20:29,555.46,SEND_MONEY,135,False,79,False,7.88579216919303,RCV0832,False,0,,,NORMAL,0,0,8368.04,-7812.58,0,0
TXN-SYN-36B5F833,CUST0216,2026-09-10 09:26:36,2937.7,CASH_IN,1430,False,1406,False,6.376487000217169,RCV0848,False,0,,AG009,NORMAL,0,0,1770.3,1167.4,0,0
TXN-SYN-540B1666,CUST0378,2026-09-10 09:32:46,141.65,BILL_PAY,335,False,281,False,7.750818003391192,RCV0712,False,0,,,NORMAL,0,0,1492.61,-1350.96,0,0
TXN-SYN-DD06F934,CUST0297,2026-09-10 09:35:05,1849.24,MERCHANT_PAYMENT,522,False,492,False,5.210109118565866,RCV1184,False,0,M008,,NORMAL,0,0,18101.9,-16252.66,0,0
TXN-SYN-CD70A592,CUST0618,2026-09-10 09:35:10,289.36,MOBILE_RECHARGE,1204,False,1156,False,5.678502842670207,RCV0537,False,0,,,NORMAL,0,0,22873.19,-22583.83,0,0
TXN-SYN-078BD69D,CUST0722,2026-09-10 09:43:37,4820.36,MOBILE_RECHARGE,359,False,348,False,2.4404053384224333,RCV0292,False,0,,,NORMAL,0,0,19160.13,-14339.77,0,0
TXN-SYN-7838CD85,CUST0596,2026-09-10 09:52:01,731.95,BILL_PAY,1274,False,1244,False,3.9455277839364533,RCV0692,False,0,,,NORMAL,0,0,17545.2,-16813.25,0,0
TXN-SYN-F692CA0C,CUST0016,2026-09-10 10:04:32,24224.89,SEND_MONEY,541,True,512,False,8.461913765848035,RCV0606,True,0,M035,,SCAM_LIKE,0,0,2320.66,21904.23,0,0
TXN-SYN-DFA45D90,CUST0725,2026-09-10 10:13:00,531.02,SEND_MONEY,1084,False,1078,False,0.09585640144394558,RCV0366,False,0,,,NORMAL,0,0,3718.07,-3187.05,0,0
TXN-SYN-D9A8129D,CUST0744,2026-09-10 10:25:54,431.93,CASH_OUT,511,False,502,False,3.637615549817358,RCV0912,False,0,,AG004,NORMAL,0,0,11596.04,-11164.12,0,0
TXN-SYN-FD151949,CUST0292,2026-09-10 10:40:22,204.02,SEND_MONEY,713,False,666,False,0.46356266332647555,RCV0240,False,0,,,NORMAL,0,0,17141.74,-16937.72,0,0
TXN-SYN-1F9184DB,CUST0230,2026-09-10 10:48:33,30022.53,CASH_OUT,251,False,214,False,2.7871371514114895,RCV1172,False,0,,AG026,NORMAL,0,0,792.95,29229.58,0,0
TXN-SYN-4AF0AE70,CUST0028,2026-09-10 10:49:50,186.17,MERCHANT_PAYMENT,1083,False,1075,False,0.2513972575631418,RCV0713,False,0,M005,,NORMAL,0,0,186.17,0.0,0,0
TXN-SYN-182B73B2,CUST0156,2026-09-10 10:50:19,14135.52,SEND_MONEY,356,False,275,False,6.829839668089334,RCV0383,False,0,,,NORMAL,0,0,14135.52,0.0,0,0
TXN-SYN-49BD6EEA,CUST0774,2026-09-10 10:51:13,4015.3,MOBILE_RECHARGE,309,False,269,False,1.6678733518367417,RCV0918,False,0,,,NORMAL,0,1,19415.65,-15400.35,0,0
TXN-SYN-6811D8D4,CUST0473,2026-09-10 10:51:48,1322.22,CASH_OUT,541,False,537,False,4.967701131271635,RCV0395,False,0,,AG026,NORMAL,0,1,6528.44,-5206.22,0,0
TXN-SYN-579AE1E4,CUST0724,2026-09-10 10:52:27,20228.83,SEND_MONEY,903,True,836,False,4.814976371546779,RCV0384,True,0,,,SCAM_LIKE,0,1,2456.78,17772.05,0,0
TXN-SYN-75AAA8DD,CUST0418,2026-09-10 10:52:54,421.29,SEND_MONEY,610,False,580,False,3.722586418947522,RCV0122,False,0,,,NORMAL,0,0,429.89,-8.6,0,0
TXN-SYN-D467DB38,CUST0347,2026-09-10 10:52:54,2066.99,SEND_MONEY,1242,False,1202,False,1.4114180147574362,RCV1199,False,0,,,NORMAL,0,0,2066.99,0.0,0,0
TXN-SYN-1AB58AF6,CUST0000,2026-09-10 11:05:05,1419.86,MOBILE_RECHARGE,985,False,913,False,4.603808754259775,RCV0109,False,0,,,NORMAL,0,0,13766.66,-12346.8,0,0
TXN-SYN-F5C4F467,CUST0569,2026-09-10 11:07:39,300.13,CASH_OUT,882,False,799,False,9.730767979122984,RCV0762,False,0,,AG007,NORMAL,0,0,4105.96,-3805.84,0,0
TXN-SYN-50A6482F,CUST0486,2026-09-10 11:08:39,1408.82,MERCHANT_PAYMENT,832,False,785,False,1.1485606933517656,RCV0764,False,0,M026,,NORMAL,0,1,10732.34,-9323.52,0,0
TXN-SYN-0BB881CA,CUST0284,2026-09-10 11:08:49,13220.99,SEND_MONEY,649,False,647,False,7.434841760633187,RCV0718,True,0,,AG014,SCAM_LIKE,0,0,147.98,13073.01,0,0
TXN-SYN-EFE787B1,CUST0013,2026-09-10 11:20:18,198.36,MERCHANT_PAYMENT,818,False,809,False,4.692679244872524,RCV0214,False,0,M009,,NORMAL,0,0,5058.68,-4860.32,0,0
TXN-SYN-2BB28A9C,CUST0733,2026-09-10 11:22:07,1846.82,BILL_PAY,1093,False,1056,False,4.299231929119781,RCV0358,False,0,,,NORMAL,0,0,3577.72,-1730.9,0,0
TXN-SYN-8E17339A,CUST0255,2026-09-10 11:32:29,12203.21,SEND_MONEY,1152,False,1098,False,6.668710652065414,RCV0666,True,0,,,SCAM_LIKE,0,1,9354.56,2848.64,0,0
TXN-SYN-3748DF1F,CUST0693,2026-09-10 11:33:15,5653.16,BILL_PAY,468,False,407,False,2.921768033820449,RCV0111,False,0,,,NORMAL,0,0,5949.31,-296.15,0,0
TXN-SYN-89CE8102,CUST0191,2026-09-10 12:04:50,235.73,SEND_MONEY,768,False,732,False,8.126140995632639,RCV0429,False,0,,,NORMAL,0,0,3049.09,-2813.36,0,0
TXN-SYN-07216835,CUST0634,2026-09-10 12:05:30,555.47,BILL_PAY,542,False,465,False,1.6291610476529073,RCV0239,False,0,,,NORMAL,0,0,535.21,20.26,0,0
TXN-SYN-B2A94E70,CUST0349,2026-09-10 12:11:06,8270.46,CASH_IN,623,False,560,False,5.164477607464409,RCV0798,False,0,,AG019,NORMAL,0,0,1903.64,6366.81,0,0
TXN-SYN-1F23AC6E,CUST0413,2026-09-10 12:14:41,1440.39,CASH_OUT,1155,False,1148,False,8.883077474377053,RCV0701,False,0,,AG013,NORMAL,0,0,251.23,1189.16,0,0
TXN-SYN-590BA06C,CUST0309,2026-09-10 12:20:19,212.56,SEND_MONEY,762,False,678,False,1.4506539464042356,RCV0874,False,0,,,NORMAL,0,0,212.56,0.0,0,0
TXN-SYN-763F279E,CUST0155,2026-09-10 12:22:56,946.72,BILL_PAY,285,False,240,False,7.420925925582445,RCV1073,False,0,,,NORMAL,0,0,11227.69,-10280.97,0,0
TXN-SYN-29FD1770,CUST0770,2026-09-10 12:24:50,885.08,SEND_MONEY,473,False,386,False,2.565227797241849,RCV1053,False,0,,,NORMAL,0,2,32048.6,-31163.52,0,1
TXN-SYN-55FA6A14,CUST0129,2026-09-10 12:39:05,120.04,CASH_OUT,218,False,169,False,1.733575390543659,RCV1048,False,0,,AG016,NORMAL,0,0,1571.82,-1451.78,0,0
TXN-SYN-49FF62C9,CUST0235,2026-09-10 12:43:15,13503.18,SEND_MONEY,1377,False,1299,False,7.240674813977018,RCV0032,True,0,,AG008,MULE_LIKE,0,0,674.44,12828.74,0,0
TXN-SYN-1A1E6B47,CUST0798,2026-09-10 12:49:31,11427.4,SEND_MONEY,1340,False,1309,False,0.2500411285059212,RCV0797,True,0,,,SCAM_LIKE,0,0,689.94,10737.46,0,0
TXN-SYN-AB9728F4,CUST0771,2026-09-10 12:50:17,3153.27,SEND_MONEY,993,False,978,False,9.944500885455845,RCV0873,False,1,,,NORMAL,0,0,49680.71,-46527.44,0,0
TXN-SYN-E9B4A844,CUST0188,2026-09-10 12:54:33,748.95,BILL_PAY,1015,False,935,False,4.771130316774288,RCV1125,False,0,,,NORMAL,0,1,6606.73,-5857.78,0,0
TXN-SYN-74AC8692,CUST0023,2026-09-10 13:12:41,4209.84,SEND_MONEY,204,False,163,False,2.416698745057956,RCV0133,False,0,,,NORMAL,0,0,477.13,3732.71,0,0
TXN-SYN-53A18A53,CUST0612,2026-09-10 13:15:07,301.7,CASH_IN,504,False,426,False,8.206961607667793,RCV0110,False,0,,AG012,NORMAL,0,0,1128.68,-826.98,0,0
TXN-SYN-F53F0A1D,CUST0573,2026-09-10 13:16:06,144.15,MOBILE_RECHARGE,1449,False,1385,False,1.8807990506923977,RCV0723,False,0,,,NORMAL,0,0,15910.08,-15765.92,0,0
TXN-SYN-D2172F6E,CUST0167,2026-09-10 13:35:20,4630.79,MERCHANT_PAYMENT,500,False,440,False,4.985429524475759,RCV0036,False,0,M045,,NORMAL,0,1,2093.59,2537.2,0,0
TXN-SYN-6186E314,CUST0741,2026-09-10 13:50:17,471.9,MERCHANT_PAYMENT,1139,False,1101,False,7.907501660653935,RCV0131,False,0,M046,,NORMAL,0,0,303.67,168.23,0,0
TXN-SYN-A2CD475E,CUST0138,2026-09-10 13:52:26,191.24,SEND_MONEY,331,False,305,False,1.8705972056280495,RCV0952,False,0,,,NORMAL,0,0,191.24,0.0,0,0
TXN-SYN-3D679718,CUST0094,2026-09-10 13:59:16,15164.36,BILL_PAY,471,False,391,False,7.2610606836941844,RCV0016,False,0,,,NORMAL,0,0,15164.36,0.0,0,0
TXN-SYN-F11ECB94,CUST0719,2026-09-10 14:10:41,2946.73,MERCHANT_PAYMENT,343,False,272,False,4.431743274853509,RCV0562,False,0,M007,,NORMAL,0,0,11031.7,-8084.98,0,0
TXN-SYN-590855E0,CUST0431,2026-09-10 14:11:47,429.32,CASH_OUT,816,False,733,False,2.9143705860190963,RCV1110,False,0,,AG012,NORMAL,0,0,429.32,0.0,0,0
TXN-SYN-45BDAB20,CUST0505,2026-09-10 14:12:32,437.09,SEND_MONEY,396,False,322,False,9.841210770252678,RCV0420,False,0,,,NORMAL,0,0,20689.64,-20252.55,0,0
TXN-SYN-977C00D8,CUST0540,2026-09-10 14:18:45,2432.55,BILL_PAY,607,False,546,False,0.47779136195093663,RCV0364,False,0,,,NORMAL,0,0,16525.75,-14093.2,0,0
TXN-SYN-D5FDA48F,CUST0217,2026-09-10 14:26:42,1857.51,CASH_OUT,1440,False,1394,False,0.23824914450871315,RCV0619,False,0,,AG000,NORMAL,0,0,12269.23,-10411.72,0,0
TXN-SYN-2A0C00CA,CUST0134,2026-09-10 14:29:12,2824.73,MERCHANT_PAYMENT,161,False,108,False,4.3455179217921245,RCV0784,False,0,M047,,NORMAL,0,0,12852.92,-10028.19,0,0
TXN-SYN-80D18775,CUST0053,2026-09-10 14:30:42,3398.27,MOBILE_RECHARGE,507,False,495,False,0.5695286729568116,RCV0256,False,0,,,NORMAL,0,0,9178.03,-5779.76,0,0
TXN-SYN-2E98CEEF,CUST0664,2026-09-10 14:36:20,1678.41,SEND_MONEY,1217,False,1158,False,7.983389952728493,RCV0043,False,0,,,NORMAL,0,0,10677.44,-8999.02,0,0
TXN-SYN-716E30BD,CUST0640,2026-09-10 14:55:01,18440.53,SEND_MONEY,146,False,122,False,6.214309590607883,RCV0708,True,0,,,MULE_LIKE,0,0,11348.46,7092.07,0,0
TXN-SYN-44E4CB04,CUST0695,2026-09-10 15:04:00,456.31,SEND_MONEY,1407,False,1394,False,7.613896949214114,RCV0907,False,0,,,NORMAL,0,1,88562.86,-88106.55,0,0
TXN-SYN-5F39BA64,CUST0117,2026-09-10 15:05:42,2075.97,BILL_PAY,1253,False,1226,False,5.90385373250624,RCV0389,False,0,,,NORMAL,0,0,7820.09,-5744.12,0,0
TXN-SYN-84109DDB,CUST0002,2026-09-10 15:12:21,971.13,MOBILE_RECHARGE,1006,False,980,False,6.899643571263624,RCV0083,False,0,,,NORMAL,0,1,12268.15,-11297.02,0,0
TXN-SYN-14F98ED5,CUST0608,2026-09-10 15:18:10,168.37,CASH_IN,372,False,317,False,9.693828444028597,RCV0048,False,1,,AG028,NORMAL,0,0,4352.27,-4183.9,0,0
TXN-SYN-1DC42BDC,CUST0006,2026-09-10 15:24:40,452.67,SEND_MONEY,345,False,314,False,5.479365161617328,RCV0387,False,0,,,NORMAL,0,1,6842.89,-6390.22,0,1
TXN-SYN-89092678,CUST0105,2026-09-10 15:26:08,3730.63,CASH_OUT,1233,False,1152,False,0.5671995355173787,RCV0095,False,0,,AG018,NORMAL,0,0,31839.77,-28109.14,0,0
TXN-SYN-7208B83C,CUST0688,2026-09-10 15:26:43,498.8,MOBILE_RECHARGE,191,False,142,False,7.251394025958332,RCV0122,False,0,,,NORMAL,0,0,498.8,0.0,0,0
TXN-SYN-423C1057,CUST0549,2026-09-10 15:31:25,2899.72,MERCHANT_PAYMENT,461,False,442,False,9.427452535006328,RCV1158,False,0,M041,,NORMAL,0,0,2899.72,0.0,0,0
TXN-SYN-0B63E6A9,CUST0152,2026-09-10 15:48:43,1227.98,SEND_MONEY,384,False,347,False,5.83918378542315,RCV1058,False,0,,,NORMAL,0,0,12630.31,-11402.33,0,0
TXN-SYN-7EF38067,CUST0797,2026-09-10 15:49:11,81.85,MOBILE_RECHARGE,329,False,310,False,3.0063218460446697,RCV1102,False,0,,,NORMAL,0,0,81.85,0.0,0,0
TXN-SYN-030FD8A5,CUST0478,2026-09-10 15:51:09,99.19,CASH_OUT,598,False,536,False,7.736174164533571,RCV0808,False,0,,AG022,NORMAL,0,0,1517.6,-1418.41,0,0
TXN-SYN-BBD6C00E,CUST0630,2026-09-10 15:53:36,4996.24,MERCHANT_PAYMENT,670,False,639,False,0.03281789235718091,RCV0820,False,0,M001,,NORMAL,0,0,4996.24,0.0,0,0
TXN-SYN-28DB2CA6,CUST0792,2026-09-10 15:57:59,904.7,SEND_MONEY,1391,False,1359,False,5.235415938570816,RCV0248,False,0,,,NORMAL,0,0,2443.56,-1538.86,0,0
TXN-SYN-92D20B03,CUST0479,2026-09-10 16:05:29,2578.69,SEND_MONEY,531,False,493,False,9.961602962166742,RCV0569,False,0,,,NORMAL,0,0,2578.69,0.0,0,0
TXN-SYN-5FAEA813,CUST0751,2026-09-10 16:10:44,144.14,BILL_PAY,519,False,496,False,9.431516492110077,RCV0875,False,0,,,NORMAL,0,0,4371.38,-4227.24,0,0
TXN-SYN-B375E40F,CUST0538,2026-09-10 16:11:53,340.11,SEND_MONEY,683,False,626,False,9.162977471565792,RCV0208,False,0,,,NORMAL,0,1,3469.99,-3129.88,0,0
TXN-SYN-2D1038B5,CUST0710,2026-09-10 16:14:33,34347.55,SEND_MONEY,430,False,411,False,6.331068227177317,RCV0542,True,0,,,MULE_LIKE,0,0,498.19,33849.37,0,0
TXN-SYN-B6161A67,CUST0083,2026-09-10 16:21:27,10758.91,SEND_MONEY,316,True,240,False,3.5453995975194728,RCV0026,True,0,,AG021,SCAM_LIKE,0,1,16433.22,-5674.31,0,1
TXN-SYN-2089CCD9,CUST0761,2026-09-10 16:23:28,8957.71,SEND_MONEY,910,False,862,False,3.1855213750310285,RCV0318,False,0,,,NORMAL,0,0,494.94,8462.77,0,0
TXN-SYN-9A0077DC,CUST0682,2026-09-10 16:39:47,1088.85,CASH_OUT,276,False,247,False,4.551665861403284,RCV0725,False,0,,AG006,NORMAL,0,0,14599.72,-13510.87,0,0
TXN-SYN-DA5B579E,CUST0664,2026-09-10 16:42:40,268.82,SEND_MONEY,1301,False,1301,False,4.407776525463927,RCV0576,False,0,,,NORMAL,0,1,7677.76,-7408.94,0,0
TXN-SYN-79E328F3,CUST0303,2026-09-10 16:54:30,198.36,CASH_IN,464,False,420,False,8.288083388436224,RCV0968,False,0,,AG002,NORMAL,0,0,198.36,0.0,0,0
TXN-SYN-766D0807,CUST0399,2026-09-10 16:57:50,221.48,SEND_MONEY,653,False,642,False,4.575991308038691,RCV0387,False,0,,,NORMAL,0,0,523.62,-302.14,0,0
TXN-SYN-F1DCCB14,CUST0758,2026-09-10 16:59:35,6790.37,MERCHANT_PAYMENT,1163,False,1124,False,6.919082311607575,RCV0881,False,0,M014,,NORMAL,0,1,739.3,6051.07,0,0
TXN-SYN-99BDD054,CUST0241,2026-09-10 17:07:02,16083.98,SEND_MONEY,1444,False,1405,False,9.085175949059344,RCV1185,True,0,,AG014,SCAM_LIKE,0,0,16121.5,-37.52,0,0
TXN-SYN-2FA476BC,CUST0586,2026-09-10 17:12:47,365.1,MERCHANT_PAYMENT,723,False,648,False,6.979445366550107,RCV1064,False,0,M044,,NORMAL,0,0,6891.78,-6526.68,0,0
TXN-SYN-F37B6040,CUST0551,2026-09-10 17:14:04,1638.3,CASH_IN,693,False,641,False,7.298151651055278,RCV0541,False,0,,AG009,NORMAL,0,0,1638.3,0.0,0,0
TXN-SYN-1B684759,CUST0228,2026-09-10 17:15:03,290.43,BILL_PAY,312,False,273,False,7.020144195069385,RCV0409,False,0,,,NORMAL,0,0,19098.75,-18808.32,0,0
TXN-SYN-F11AAFDB,CUST0029,2026-09-10 17:32:10,168.26,CASH_OUT,284,False,195,False,7.348801466974445,RCV0439,False,0,,AG014,NORMAL,0,0,25399.91,-25231.65,0,0
TXN-SYN-B3850047,CUST0465,2026-09-10 17:38:49,2538.21,MERCHANT_PAYMENT,939,False,939,False,3.163091883165179,RCV1080,False,0,M005,,NORMAL,0,0,2538.21,0.0,0,0
TXN-SYN-2AE4CEA4,CUST0164,2026-09-10 17:57:23,11750.16,SEND_MONEY,200,False,200,False,9.629579361817271,RCV0207,True,0,,,MULE_LIKE,0,1,5234.03,6516.13,0,0
TXN-SYN-154D3E73,CUST0709,2026-09-10 18:00:14,20497.66,SEND_MONEY,380,False,297,False,6.280585590286066,RCV0081,True,0,,,SCAM_LIKE,0,0,420.12,20077.54,0,0
TXN-SYN-3C273853,CUST0084,2026-09-10 18:03:37,762.56,SEND_MONEY,748,False,729,False,2.2611463023561953,RCV0321,False,0,,,NORMAL,0,0,38512.05,-37749.49,0,0
TXN-SYN-53BE2EC9,CUST0210,2026-09-10 18:16:04,678.11,SEND_MONEY,1042,False,1041,False,4.499436742688596,RCV0503,False,0,,,NORMAL,0,0,4677.45,-3999.34,0,0
TXN-SYN-AEB0F7C4,CUST0569,2026-09-10 18:24:07,848.31,CASH_OUT,1149,False,1117,False,1.2490390532420292,RCV1135,False,0,,AG006,NORMAL,0,1,2837.35,-1989.04,0,1
TXN-SYN-EB55AC76,CUST0435,2026-09-10 18:27:00,1752.33,SEND_MONEY,915,False,867,False,2.5842796595136397,RCV0199,False,0,,,NORMAL,0,0,1752.33,0.0,0,0
TXN-SYN-18BFBACE,CUST0223,2026-09-10 18:29:25,92.38,SEND_MONEY,1140,False,1111,False,3.0023234937794574,RCV1016,False,0,,,NORMAL,0,0,54957.67,-54865.29,0,0
TXN-SYN-223BD8D6,CUST0020,2026-09-10 18:32:50,1676.67,SEND_MONEY,970,False,939,False,3.480100518442455,RCV1059,False,0,,,NORMAL,0,0,343.3,1333.37,0,0
TXN-SYN-FD3F7F3B,CUST0422,2026-09-10 18:37:21,310.78,BILL_PAY,189,False,170,False,5.859322281052156,RCV0299,False,0,,,NORMAL,0,0,667.36,-356.58,0,0
TXN-SYN-070404BA,CUST0345,2026-09-10 18:39:11,1155.0,CASH_OUT,1408,False,1322,False,2.836166085127636,RCV0239,False,0,,AG002,NORMAL,0,0,23642.37,-22487.37,0,0
TXN-SYN-3AF279CD,CUST0489,2026-09-10 18:42:19,4243.47,SEND_MONEY,1210,False,1144,False,6.758918887082935,RCV0638,False,2,,,NORMAL,0,0,841.09,3402.38,0,0
TXN-SYN-697E4D43,CUST0116,2026-09-10 19:08:55,105.4,SEND_MONEY,1303,False,1289,False,2.081338974188094,RCV0885,False,0,,,NORMAL,0,0,281.12,-175.72,0,0
TXN-SYN-C4F5EC34,CUST0524,2026-09-10 19:17:48,140.26,MERCHANT_PAYMENT,754,False,708,False,4.255948647753948,RCV0188,False,0,M015,,NORMAL,0,1,3279.85,-3139.59,0,0
TXN-SYN-170FB47A,CUST0643,2026-09-10 19:22:45,5595.96,SEND_MONEY,827,False,766,False,4.482884916996453,RCV0530,False,0,,,NORMAL,0,0,5595.96,0.0,0,0
TXN-SYN-98CF2622,CUST0496,2026-09-10 19:25:15,26577.19,SEND_MONEY,391,False,349,False,9.359941790017777,RCV0998,True,0,,,MULE_LIKE,0,0,535.21,26041.98,0,0
TXN-SYN-B4D73BD5,CUST0232,2026-09-10 19:35:02,15371.06,CASH_OUT,238,False,218,False,8.89230466035449,RCV0509,False,0,,AG011,NORMAL,0,1,6587.7,8783.36,0,0
TXN-SYN-53207B9A,CUST0782,2026-09-10 19:37:12,2081.2,SEND_MONEY,128,False,50,False,5.980091173287496,RCV0924,False,0,,,NORMAL,0,0,2019.57,61.63,0,0
TXN-SYN-7F6B5BEA,CUST0152,2026-09-10 19:39:06,1020.71,MOBILE_RECHARGE,1174,False,1102,False,0.6742386620368168,RCV0095,False,0,,,NORMAL,0,1,8829.53,-7808.82,0,0
TXN-SYN-C8B1227D,CUST0654,2026-09-10 19:47:57,177.39,CASH_OUT,1393,False,1369,False,0.39417585120362975,RCV0222,False,0,,AG004,NORMAL,0,0,2885.44,-2708.05,0,0
TXN-SYN-2A2340C1,CUST0773,2026-09-10 19:51:49,3698.92,CASH_OUT,1382,False,1306,False,3.2365809280532574,RCV0180,False,0,,AG002,NORMAL,0,0,3053.45,645.47,0,0
TXN-SYN-358171D9,CUST0233,2026-09-10 20:05:10,12838.72,SEND_MONEY,261,False,178,False,2.2763253581939233,RCV0713,False,0,,,NORMAL,0,0,493.54,12345.18,0,0
TXN-SYN-B7999CC1,CUST0448,2026-09-10 20:16:26,1254.6,SEND_MONEY,754,False,726,False,1.1941224240661463,RCV0698,False,0,,,NORMAL,0,0,1254.6,0.0,0,0
TXN-SYN-63735F86,CUST0735,2026-09-10 20:21:34,3811.8,BILL_PAY,1223,False,1152,False,5.605166426124532,RCV1077,False,0,,,NORMAL,0,0,10289.55,-6477.75,0,0
TXN-SYN-2353E105,CUST0286,2026-09-10 20:25:02,4178.72,SEND_MONEY,864,False,843,False,6.34128810866803,RCV0510,False,0,,,NORMAL,0,0,506.34,3672.38,0,0
TXN-SYN-503E3E1B,CUST0795,2026-09-10 20:26:18,1152.91,SEND_MONEY,592,False,563,False,0.6181569384445396,RCV1171,False,0,,,NORMAL,0,0,4360.01,-3207.1,0,0
TXN-SYN-1A4AB4CF,CUST0028,2026-09-10 20:27:01,2742.01,CASH_OUT,190,False,138,False,3.633732084980977,RCV0993,False,0,,AG011,NORMAL,0,1,186.17,2555.84,0,0
TXN-SYN-132BB939,CUST0166,2026-09-10 20:42:16,1218.22,CASH_OUT,929,False,897,False,9.464397337431734,RCV0248,False,0,,AG021,NORMAL,0,0,13978.47,-12760.25,0,0
TXN-SYN-90D4179F,CUST0202,2026-09-10 20:42:28,2416.02,MERCHANT_PAYMENT,595,False,575,False,6.824504201904001,RCV0716,False,0,M005,,NORMAL,0,0,21691.49,-19275.47,0,0
TXN-SYN-0918400E,CUST0634,2026-09-10 20:43:06,1637.03,SEND_MONEY,1052,False,1018,False,2.639880219357973,RCV0565,False,0,,,NORMAL,0,1,545.34,1091.69,0,0
TXN-SYN-FC081161,CUST0271,2026-09-10 21:04:23,515.49,MOBILE_RECHARGE,392,False,388,False,3.4889047206639012,RCV0505,False,0,,,NORMAL,0,0,481.62,33.87,0,0
TXN-SYN-68BBB692,CUST0565,2026-09-10 21:14:03,1807.24,CASH_IN,1215,False,1129,False,3.854838000504246,RCV0103,False,0,,AG004,NORMAL,0,0,1094.38,712.86,0,0
TXN-SYN-FF2396A1,CUST0599,2026-09-10 21:17:20,1855.93,CASH_OUT,875,False,859,False,8.700848768997611,RCV1139,False,0,,AG012,NORMAL,0,0,16374.35,-14518.42,0,0
TXN-SYN-512FC440,CUST0284,2026-09-10 21:25:50,29291.65,SEND_MONEY,815,False,769,False,2.8354801090964763,RCV0938,True,0,,,MULE_LIKE,0,1,6684.48,22607.16,0,0
TXN-SYN-3D5908AF,CUST0158,2026-09-10 21:37:54,229.89,SEND_MONEY,562,False,478,False,0.5610795503018728,RCV0151,False,0,,,NORMAL,0,0,77.64,152.25,0,0
TXN-SYN-B615B728,CUST0150,2026-09-10 21:46:04,4028.17,SEND_MONEY,686,False,654,False,5.255834628056628,RCV1134,False,0,,,NORMAL,0,0,23866.37,-19838.2,0,0
TXN-SYN-521994B0,CUST0048,2026-09-10 21:51:33,1373.35,CASH_OUT,1151,False,1101,False,6.050632495855791,RCV0951,False,0,,AG001,NORMAL,0,0,687.92,685.43,0,0
TXN-SYN-B6B873BB,CUST0241,2026-09-10 22:01:09,46021.92,CASH_OUT,905,False,833,True,38.92818035680947,RCV0096,False,0,,AG000,CASH_OUT_RISK,0,1,16108.99,29912.93,0,0
TXN-SYN-138EE613,CUST0396,2026-09-10 22:14:14,25327.28,CASH_OUT,238,False,170,True,71.4580084580236,RCV0536,False,0,,AG012,CASH_OUT_RISK,0,0,25327.28,0.0,0,0
TXN-SYN-20C4A0E9,CUST0577,2026-09-10 22:17:17,42241.77,CASH_OUT,889,False,810,True,33.96794646549537,RCV0600,False,0,,AG016,CASH_OUT_RISK,0,0,6324.82,35916.95,0,0
TXN-SYN-6A365592,CUST0631,2026-09-10 22:20:38,33327.28,CASH_OUT,1213,False,1188,True,46.962610124140895,RCV0485,False,0,M001,AG001,CASH_OUT_RISK,0,0,1294.4,32032.88,0,0
TXN-SYN-3C68CDB2,CUST0796,2026-09-10 23:21:36,26243.83,CASH_OUT,1310,False,1225,True,43.32077995564653,RCV0553,False,0,,AG027,CASH_OUT_RISK,0,0,50.0,26193.83,0,0
TXN-SYN-C5A38D9A,CUST0415,2026-09-11 00:05:15,12818.754055360096,BILL_PAY,46,True,2,True,50.53266217335558,RCV0328,False,5,,,ACCOUNT_TAKEOVER_LIKE,0,0,19892.21,-7073.45,0,0
TXN-SYN-642564EE,CUST0559,2026-09-11 00:26:34,30525.70115999914,SEND_MONEY,68,True,0,True,215.5523363574025,RCV0802,False,3,,,ACCOUNT_TAKEOVER_LIKE,0,0,30525.70115999914,0.0,0,0
TXN-SYN-CBFCB4D7,CUST0080,2026-09-11 00:49:23,652.9204083539598,BILL_PAY,63,True,1,True,405.3889709743014,RCV0825,False,2,,,ACCOUNT_TAKEOVER_LIKE,0,0,1603.52,-950.6,0,0
TXN-SYN-7D366603,CUST0702,2026-09-11 01:05:35,22660.04626910598,SEND_MONEY,83,True,2,True,284.0606815031082,RCV0461,False,3,,,ACCOUNT_TAKEOVER_LIKE,0,0,12679.34,9980.71,0,0
TXN-SYN-949457C7,CUST0355,2026-09-11 01:25:34,48371.18,CASH_OUT,936,False,894,True,26.712987879519492,RCV1013,False,0,,AG001,CASH_OUT_RISK,0,0,52.99,48318.19,0,0
TXN-SYN-C43B16A5,CUST0089,2026-09-11 03:10:31,34030.91,CASH_OUT,698,False,693,True,50.33946377738745,RCV0708,False,0,,AG022,CASH_OUT_RISK,0,0,1746.91,32284.0,0,0
TXN-SYN-D849ECB7,CUST0421,2026-09-11 03:24:33,2414.30310349463,CASH_OUT,77,True,2,True,385.7016527326572,RCV1051,False,3,,AG015,ACCOUNT_TAKEOVER_LIKE,0,0,3108.24,-693.94,0,0
TXN-SYN-379874FE,CUST0292,2026-09-11 03:26:21,2717.5037270711277,CASH_OUT,24,True,0,True,323.46315657392364,RCV0045,False,2,,AG011,ACCOUNT_TAKEOVER_LIKE,0,1,8672.88,-5955.38,0,0
TXN-SYN-E2B72EB8,CUST0536,2026-09-11 03:50:20,846.5694935545321,MOBILE_RECHARGE,72,True,1,True,217.1686746467454,RCV0067,False,2,,,ACCOUNT_TAKEOVER_LIKE,0,0,4511.37,-3664.81,0,0
TXN-SYN-CA930C1C,CUST0429,2026-09-11 04:31:44,6388.807775369087,CASH_OUT,27,True,2,True,213.646601449223,RCV0674,False,2,,AG005,ACCOUNT_TAKEOVER_LIKE,0,0,26682.34,-20293.54,0,0
TXN-SYN-0DD2E1C1,CUST0038,2026-09-11 04:34:19,65098.73521782432,CASH_IN,56,True,2,True,58.40402663918321,RCV1171,False,5,,AG014,ACCOUNT_TAKEOVER_LIKE,0,0,65098.73521782432,0.0,0,0
TXN-SYN-F426CE28,CUST0004,2026-09-11 04:43:04,8010.112070128325,MOBILE_RECHARGE,48,True,2,True,114.74573713870832,RCV0690,False,3,,,ACCOUNT_TAKEOVER_LIKE,0,0,133.64,7876.47,0,0
TXN-SYN-D2DA282F,CUST0757,2026-09-11 04:45:36,5854.801352213647,MOBILE_RECHARGE,61,True,2,True,234.75512538226405,RCV0939,False,3,,,ACCOUNT_TAKEOVER_LIKE,0,0,21308.63,-15453.83,0,0
TXN-SYN-89C8D45E,CUST0630,2026-09-11 04:58:19,21795.305133062702,SEND_MONEY,56,True,2,True,286.36660118596626,RCV0178,False,4,,,ACCOUNT_TAKEOVER_LIKE,0,1,4996.24,16799.07,0,0
TXN-SYN-4B6C5CAE,CUST0110,2026-09-11 05:40:30,1209.684951995268,SEND_MONEY,93,True,1,True,317.40725423516903,RCV0251,False,3,,,ACCOUNT_TAKEOVER_LIKE,0,0,34801.6,-33591.92,0,0
TXN-SYN-50E247D2,CUST0307,2026-09-11 05:41:45,21148.95313893359,MOBILE_RECHARGE,96,True,2,True,81.01048096754661,RCV0123,False,5,,,ACCOUNT_TAKEOVER_LIKE,0,0,6673.31,14475.64,0,0
TXN-SYN-0EDA7007,CUST0068,2026-09-11 08:08:39,2621.58,SEND_MONEY,1057,False,985,False,7.7091220374582194,RCV0750,False,0,,,NORMAL,0,0,7772.14,-5150.56,0,0
TXN-SYN-D254A453,CUST0460,2026-09-11 08:11:30,5178.44,CASH_OUT,939,False,927,False,5.023257893301956,RCV0237,False,0,,AG023,NORMAL,0,0,1539.9,3638.54,0,0
TXN-SYN-802EC038,CUST0085,2026-09-11 08:36:36,1182.99,SEND_MONEY,698,False,680,False,1.5126428446267592,RCV0925,False,0,,,NORMAL,0,0,19280.86,-18097.87,0,0
TXN-SYN-3DD496DA,CUST0609,2026-09-11 09:01:42,2587.23,SEND_MONEY,714,False,695,False,6.768906165888243,RCV0165,False,0,,,NORMAL,0,0,2375.8,211.43,0,0
TXN-SYN-E69F78FD,CUST0554,2026-09-11 09:09:10,2047.81,SEND_MONEY,546,False,482,False,8.361348687787407,RCV0386,False,0,,,NORMAL,0,0,12051.31,-10003.5,0,0
TXN-SYN-DA915FB7,CUST0550,2026-09-11 09:09:18,6533.99,CASH_OUT,623,False,537,False,6.528620647804121,RCV0877,False,0,,AG019,NORMAL,0,0,456.62,6077.37,0,0
TXN-SYN-EDA40A8A,CUST0416,2026-09-11 09:13:51,1914.72,CASH_OUT,152,False,85,False,6.785298454369424,RCV0052,False,0,,AG008,NORMAL,0,0,1914.72,0.0,0,0
TXN-SYN-125B8086,CUST0617,2026-09-11 09:15:56,13997.29,SEND_MONEY,411,False,358,False,3.950336322767527,RCV1174,True,0,,AG027,SCAM_LIKE,0,0,30250.79,-16253.5,0,0
TXN-SYN-00127702,CUST0337,2026-09-11 09:21:59,823.34,SEND_MONEY,854,False,796,False,9.538459634051913,RCV1002,False,0,,,NORMAL,0,0,1840.13,-1016.79,0,0
TXN-SYN-33996E9F,CUST0712,2026-09-11 09:22:01,224.88,SEND_MONEY,855,False,792,False,3.548014192813734,RCV0240,False,0,,,NORMAL,0,0,4236.22,-4011.34,0,0
TXN-SYN-227366DA,CUST0648,2026-09-11 09:22:04,592.86,SEND_MONEY,613,False,582,False,4.453722938425705,RCV1097,False,0,,,NORMAL,0,0,592.86,0.0,0,0
TXN-SYN-F0232AFA,CUST0348,2026-09-11 09:28:22,1951.43,SEND_MONEY,1474,False,1462,False,8.515507775127958,RCV0364,False,0,,,NORMAL,0,0,13084.61,-11133.18,0,0
TXN-SYN-4845848E,CUST0104,2026-09-11 09:43:46,1452.51,BILL_PAY,438,False,369,False,0.9346927821104234,RCV0489,False,0,,,NORMAL,0,0,450.19,1002.32,0,0
TXN-SYN-CF07CE1C,CUST0040,2026-09-11 09:44:08,2130.25,SEND_MONEY,1167,False,1127,False,0.36294656972899464,RCV0963,False,0,,,NORMAL,0,0,1859.92,270.33,0,0
TXN-SYN-E3D03E9E,CUST0137,2026-09-11 09:51:35,654.78,SEND_MONEY,361,False,329,False,4.493360594354341,RCV0435,False,0,,,NORMAL,0,0,654.78,0.0,0,0
TXN-SYN-2E8AE974,CUST0369,2026-09-11 09:53:42,14994.14,SEND_MONEY,1041,False,1022,False,5.005120944317961,RCV0125,False,0,,,NORMAL,0,0,34766.4,-19772.26,0,0
TXN-SYN-5C59DA4F,CUST0662,2026-09-11 09:54:41,179.22,CASH_IN,1408,False,1347,False,6.059089432132963,RCV0750,False,0,,AG026,NORMAL,0,0,1492.22,-1313.0,0,0
TXN-SYN-B4C82121,CUST0131,2026-09-11 09:57:40,1601.36,SEND_MONEY,128,False,81,False,2.0050568469145325,RCV1091,False,0,,,NORMAL,0,0,830.34,771.02,0,0
TXN-SYN-F61D275E,CUST0068,2026-09-11 10:14:21,662.94,CASH_OUT,198,False,174,False,1.1585052247827055,RCV0037,False,0,,AG018,NORMAL,0,1,6913.71,-6250.77,0,0
TXN-SYN-42BCF20A,CUST0537,2026-09-11 10:17:15,208.5,SEND_MONEY,847,False,784,False,7.829341727398672,RCV0773,False,0,,,NORMAL,0,0,2392.61,-2184.11,0,0
TXN-SYN-48D57433,CUST0334,2026-09-11 10:18:08,871.09,CASH_OUT,1448,False,1399,False,3.2883304688119033,RCV0017,False,0,,AG025,NORMAL,0,0,393.05,478.04,0,0
TXN-SYN-E032BAB2,CUST0020,2026-09-11 10:18:28,5155.01,CASH_IN,385,False,348,False,9.31315126648022,RCV0289,False,0,,AG003,NORMAL,0,1,1009.98,4145.03,0,0
TXN-SYN-87F87E38,CUST0457,2026-09-11 10:26:36,6446.68,CASH_IN,977,False,939,False,4.874761446534416,RCV0317,False,0,,AG000,NORMAL,0,0,6446.68,0.0,0,0
TXN-SYN-3BFC5D21,CUST0649,2026-09-11 10:40:17,265.21,SEND_MONEY,1264,False,1261,False,4.611283493194613,RCV1088,False,0,,,NORMAL,0,0,36385.17,-36119.96,0,0
TXN-SYN-8D99EA9F,CUST0589,2026-09-11 10:48:29,7431.02,SEND_MONEY,829,False,740,False,6.881744367222634,RCV0389,True,2,,AG025,SCAM_LIKE,0,0,7431.02,0.0,0,0
TXN-SYN-2DEE6D39,CUST0179,2026-09-11 10:51:46,1387.34,SEND_MONEY,201,False,118,False,3.607555039721486,RCV1094,False,0,,,NORMAL,0,0,1569.67,-182.33,0,0
TXN-SYN-83576B54,CUST0204,2026-09-11 10:54:37,680.78,SEND_MONEY,431,False,407,False,5.114852702702837,RCV0211,False,0,,,NORMAL,0,0,275.52,405.26,0,0
TXN-SYN-E0B350F7,CUST0136,2026-09-11 11:07:46,7262.63,SEND_MONEY,1479,False,1443,False,7.286405022379931,RCV0690,False,0,,,NORMAL,0,0,7212.11,50.52,0,0
TXN-SYN-3AFB4EBF,CUST0732,2026-09-11 11:38:30,3898.62,SEND_MONEY,335,False,285,False,3.5505437916904583,RCV0628,False,0,,,NORMAL,0,0,17513.2,-13614.58,0,0
TXN-SYN-36C92DBF,CUST0220,2026-09-11 11:47:42,4198.49,CASH_IN,667,False,609,False,8.434277957090492,RCV1140,False,0,,AG025,NORMAL,0,0,948.04,3250.45,0,0
TXN-SYN-E66BADC7,CUST0158,2026-09-11 11:59:38,4807.7,MOBILE_RECHARGE,1226,False,1176,False,3.2342878719745762,RCV1129,False,0,,,NORMAL,0,1,153.76,4653.93,0,0
TXN-SYN-ACFAB25B,CUST0312,2026-09-11 12:05:43,2334.9,SEND_MONEY,404,False,361,False,4.463686465125855,RCV0575,False,0,,,NORMAL,0,0,12712.65,-10377.75,0,0
TXN-SYN-2877808C,CUST0547,2026-09-11 12:07:24,545.03,SEND_MONEY,1267,False,1197,False,5.477883349204356,RCV0051,False,0,,,NORMAL,0,0,89.29,455.74,0,0
TXN-SYN-10937416,CUST0734,2026-09-11 12:15:15,19659.56,SEND_MONEY,530,False,504,False,0.08992161408818644,RCV0997,True,0,,,MULE_LIKE,0,0,608.45,19051.11,0,0
TXN-SYN-EC4B9ACB,CUST0198,2026-09-11 12:23:44,27320.0,SEND_MONEY,454,False,404,False,1.9713272185805053,RCV0999,True,0,,,MULE_LIKE,0,0,12459.46,14860.54,0,0
TXN-SYN-099B37DB,CUST0755,2026-09-11 12:42:39,31299.42,SEND_MONEY,123,False,102,False,9.398741327661035,RCV1011,True,0,,AG015,MULE_LIKE,0,0,19281.05,12018.37,0,0
TXN-SYN-4E7ABB6D,CUST0318,2026-09-11 12:47:05,13551.41,SEND_MONEY,552,False,479,False,2.7271960985824215,RCV0706,True,0,,,MULE_LIKE,0,0,13551.41,0.0,0,0
TXN-SYN-58DB3A6D,CUST0445,2026-09-11 12:50:27,47158.03,SEND_MONEY,1099,False,1029,False,3.065550686259597,RCV0997,True,0,,AG023,MULE_LIKE,0,0,47158.03,0.0,0,0
TXN-SYN-B42E8D69,CUST0369,2026-09-11 13:06:58,1473.71,CASH_IN,1340,False,1256,False,9.182516987258953,RCV0929,False,0,,AG008,NORMAL,0,1,28175.65,-26701.94,0,0
TXN-SYN-569FCDC0,CUST0301,2026-09-11 13:14:51,316.49,MERCHANT_PAYMENT,959,False,931,False,7.279471767307432,RCV0237,False,0,M020,,NORMAL,0,0,9755.62,-9439.13,0,0
TXN-SYN-7195B036,CUST0157,2026-09-11 13:21:11,1639.34,SEND_MONEY,1170,False,1086,False,8.464351763073068,RCV0347,False,0,,,NORMAL,0,0,1639.34,0.0,0,0
TXN-SYN-DCC500DD,CUST0441,2026-09-11 13:22:52,95.16,SEND_MONEY,1140,False,1104,False,6.514203883518642,RCV0028,False,0,,,NORMAL,0,0,1544.5,-1449.34,0,0
TXN-SYN-FD122F75,CUST0374,2026-09-11 13:31:24,509.22,SEND_MONEY,360,False,305,False,0.22567186746964563,RCV0503,False,0,,,NORMAL,0,0,4031.08,-3521.86,0,0
TXN-SYN-048D2B38,CUST0315,2026-09-11 13:35:57,601.04,MERCHANT_PAYMENT,1086,False,1064,False,1.530690608812627,RCV0483,False,0,M031,,NORMAL,0,0,266.01,335.03,0,0
TXN-SYN-FBB7E973,CUST0585,2026-09-11 13:47:26,24810.66,SEND_MONEY,1024,False,935,False,1.0588548421982313,RCV1067,True,0,,AG015,SCAM_LIKE,0,0,27634.89,-2824.23,0,0
TXN-SYN-3E744DAE,CUST0330,2026-09-11 13:58:07,1073.27,SEND_MONEY,787,False,767,False,6.82652605044199,RCV1138,False,0,,,NORMAL,0,0,6992.43,-5919.16,0,0
TXN-SYN-6552D2DF,CUST0104,2026-09-11 14:08:01,1330.55,SEND_MONEY,986,False,961,False,4.449457821681463,RCV0622,False,0,,,NORMAL,0,1,784.29,546.26,0,0
TXN-SYN-4546E1F5,CUST0199,2026-09-11 14:11:02,1332.67,SEND_MONEY,1392,False,1340,False,7.964633089564489,RCV0084,False,0,,,NORMAL,0,0,1332.67,0.0,0,0
TXN-SYN-46906820,CUST0071,2026-09-11 14:20:39,3415.54,MERCHANT_PAYMENT,962,False,946,False,2.1078144935468823,RCV0106,False,0,M020,,NORMAL,0,0,3415.54,0.0,0,0
TXN-SYN-6363D52F,CUST0119,2026-09-11 14:25:35,16491.31,SEND_MONEY,317,False,230,False,2.0601411326638663,RCV0250,True,0,,,MULE_LIKE,0,0,25703.78,-9212.47,0,0
TXN-SYN-AA3662E5,CUST0117,2026-09-11 14:56:57,1026.65,CASH_IN,1172,False,1112,False,8.71217286875975,RCV0230,False,0,,AG010,NORMAL,0,1,6384.06,-5357.41,0,0
TXN-SYN-13996ADB,CUST0678,2026-09-11 15:00:09,283.91,SEND_MONEY,1188,False,1114,False,2.0392255304613083,RCV0785,False,0,,,NORMAL,0,0,2217.6,-1933.69,0,0
TXN-SYN-626C2B51,CUST0408,2026-09-11 15:00:48,77.01,SEND_MONEY,1161,False,1151,False,5.374937536732345,RCV0502,False,0,,,NORMAL,0,0,2567.24,-2490.23,0,0
TXN-SYN-6C0F55DB,CUST0294,2026-09-11 15:01:38,3270.39,SEND_MONEY,1294,False,1273,False,7.612714296253603,RCV0985,False,1,,,NORMAL,0,0,4230.35,-959.96,0,0
TXN-SYN-E5C4EB09,CUST0691,2026-09-11 15:09:02,496.54,CASH_IN,1242,False,1233,False,2.3179639045595444,RCV0071,False,0,,AG010,NORMAL,0,0,496.54,0.0,0,0
TXN-SYN-A1BBC62E,CUST0782,2026-09-11 15:09:29,461.23,SEND_MONEY,1474,False,1471,False,4.027323698669662,RCV0803,False,0,,,NORMAL,0,1,2050.38,-1589.15,0,0
TXN-SYN-3F035B36,CUST0317,2026-09-11 15:10:27,37809.36,SEND_MONEY,363,False,324,False,2.1087003444822128,RCV0409,True,0,,,MULE_LIKE,0,0,3835.73,33973.62,0,0
TXN-SYN-74FC56B9,CUST0282,2026-09-11 15:22:10,80.02,SEND_MONEY,746,False,673,False,0.8045068385345111,RCV0470,False,0,,,NORMAL,0,0,2646.03,-2566.01,0,0
TXN-SYN-DC1CBF25,CUST0748,2026-09-11 15:25:05,50.0,SEND_MONEY,921,False,891,False,4.164091877271886,RCV0902,False,0,,,NORMAL,0,0,22291.51,-22241.51,0,0
TXN-SYN-6315CCE4,CUST0140,2026-09-11 15:31:45,455.03,SEND_MONEY,255,False,217,False,1.043003229873346,RCV0604,False,0,,,NORMAL,0,0,7537.52,-7082.5,0,0
TXN-SYN-8DCB84A4,CUST0026,2026-09-11 15:40:34,12014.89,SEND_MONEY,384,False,316,False,1.965028620730389,RCV0380,False,0,,,NORMAL,0,0,16259.72,-4244.83,0,0
TXN-SYN-3D2276A4,CUST0302,2026-09-11 15:42:48,3787.17,MERCHANT_PAYMENT,1126,False,1115,False,8.875419077264137,RCV0623,False,0,M048,,NORMAL,0,0,1856.39,1930.78,0,0
TXN-SYN-8174D4F1,CUST0229,2026-09-11 15:53:52,44611.85,CASH_IN,486,False,404,False,3.760078411299246,RCV0392,False,0,,AG023,NORMAL,0,0,3460.84,41151.01,0,0
TXN-SYN-C7E270D2,CUST0444,2026-09-11 16:09:51,267.88,SEND_MONEY,506,False,455,False,8.865330157342425,RCV0848,False,2,,,NORMAL,0,0,5687.27,-5419.39,0,0
TXN-SYN-128EAAEC,CUST0030,2026-09-11 16:15:37,294.96,MERCHANT_PAYMENT,490,False,487,False,5.119359291455199,RCV0948,False,0,M014,,NORMAL,0,0,11526.98,-11232.02,0,0
TXN-SYN-D371139B,CUST0497,2026-09-11 16:16:38,9766.38,SEND_MONEY,333,True,260,False,1.6611510971082744,RCV0422,True,0,,,SCAM_LIKE,0,0,1248.63,8517.75,0,0
TXN-SYN-47BE0915,CUST0012,2026-09-11 16:35:42,1036.69,SEND_MONEY,1272,False,1219,False,7.504206154170536,RCV0823,False,0,,,NORMAL,0,0,12553.41,-11516.72,0,0
TXN-SYN-4F32B939,CUST0746,2026-09-11 16:36:02,1494.77,CASH_OUT,583,False,521,False,8.363910602863054,RCV0687,False,0,,AG021,NORMAL,0,0,1494.77,0.0,0,0
TXN-SYN-D4DBD900,CUST0528,2026-09-11 16:36:59,3468.5,MOBILE_RECHARGE,1272,False,1249,False,4.458209319723268,RCV0121,False,0,,,NORMAL,0,0,15095.83,-11627.33,0,0
TXN-SYN-826D03D5,CUST0286,2026-09-11 16:38:41,1190.37,SEND_MONEY,1061,False,1054,False,0.5021443169045525,RCV0770,False,0,,,NORMAL,0,1,2342.53,-1152.16,0,0
TXN-SYN-BAEA428D,CUST0208,2026-09-11 16:46:51,286.17,MERCHANT_PAYMENT,181,False,101,False,7.473098518808953,RCV0434,False,0,M028,,NORMAL,0,0,1115.31,-829.14,0,0
TXN-SYN-7E1E6985,CUST0218,2026-09-11 16:57:50,2174.63,SEND_MONEY,1351,False,1289,False,7.545395326953876,RCV0745,False,0,,,NORMAL,0,0,1372.17,802.46,0,0
TXN-SYN-65A4546B,CUST0320,2026-09-11 16:58:41,19948.85,SEND_MONEY,763,False,697,False,3.714409292323716,RCV0447,True,0,,AG000,SCAM_LIKE,0,0,11870.64,8078.21,0,0
TXN-SYN-E7FAB3A4,CUST0328,2026-09-11 17:06:39,253.9,SEND_MONEY,465,False,416,False,8.449708536401014,RCV0543,False,0,,,NORMAL,0,0,14307.55,-14053.65,0,0
TXN-SYN-062419D7,CUST0113,2026-09-11 17:09:18,447.49,SEND_MONEY,1478,False,1476,False,6.246140481145316,RCV0991,False,0,,,NORMAL,0,0,1961.61,-1514.12,0,0
TXN-SYN-D815395C,CUST0377,2026-09-11 17:12:00,250.65,CASH_IN,967,False,914,False,6.249124165770845,RCV0455,False,0,,AG012,NORMAL,0,0,12951.46,-12700.81,0,0
TXN-SYN-7FDB0AC7,CUST0362,2026-09-11 17:12:46,341.49,CASH_IN,197,False,129,False,6.218560854845759,RCV1134,False,0,,AG007,NORMAL,0,0,46721.26,-46379.77,0,0
TXN-SYN-49EB9044,CUST0408,2026-09-11 17:20:05,1841.23,MERCHANT_PAYMENT,692,False,634,False,7.168053562333765,RCV1101,False,0,M004,,NORMAL,0,1,1737.17,104.06,0,0
TXN-SYN-58D2CA2A,CUST0191,2026-09-11 17:26:17,1401.71,SEND_MONEY,845,False,779,False,9.818772963526058,RCV0157,False,0,,,NORMAL,0,0,1642.41,-240.7,0,0
TXN-SYN-9C8C5EE1,CUST0654,2026-09-11 17:30:12,422.18,SEND_MONEY,1145,False,1137,False,1.2897760888102583,RCV0331,False,0,,,NORMAL,0,1,1982.75,-1560.57,0,1
TXN-SYN-3D1C2666,CUST0500,2026-09-11 17:30:27,847.29,CASH_OUT,1308,False,1255,False,9.776153675237532,RCV0738,False,0,,AG013,NORMAL,0,0,757.61,89.68,0,0
TXN-SYN-33121EBB,CUST0793,2026-09-11 17:35:52,4708.99,BILL_PAY,788,False,710,False,5.598036562069888,RCV1023,False,0,,,NORMAL,0,0,693.52,4015.47,0,0
TXN-SYN-34CAF4D7,CUST0791,2026-09-11 17:36:06,268.53,BILL_PAY,1038,False,980,False,9.569917688704415,RCV0961,False,0,,,NORMAL,0,0,15698.43,-15429.9,0,0
TXN-SYN-AEA24F7B,CUST0462,2026-09-11 17:50:04,6565.34,MERCHANT_PAYMENT,1312,False,1232,False,8.198769118260781,RCV0866,False,0,M044,,NORMAL,0,0,19029.56,-12464.22,0,0
TXN-SYN-E46054A7,CUST0430,2026-09-11 17:56:05,1021.07,CASH_OUT,919,False,870,False,7.752113172341712,RCV0450,False,0,,AG028,NORMAL,0,0,21803.76,-20782.69,0,0
TXN-SYN-9E8CE133,CUST0614,2026-09-11 17:56:14,18192.1,SEND_MONEY,170,False,115,False,6.274678987660728,RCV0617,True,0,,AG018,MULE_LIKE,0,0,3128.18,15063.92,0,0
TXN-SYN-55D2DE56,CUST0035,2026-09-11 18:35:50,2592.15,SEND_MONEY,412,False,393,False,6.307272630585855,RCV1152,False,0,,,NORMAL,0,0,2592.15,0.0,0,0
TXN-SYN-90EF372D,CUST0661,2026-09-11 18:43:53,1936.35,CASH_OUT,168,False,105,False,9.436801906374457,RCV1182,False,0,,AG009,NORMAL,0,0,14129.38,-12193.03,0,0
TXN-SYN-4A8A4834,CUST0043,2026-09-11 18:45:35,1768.21,MOBILE_RECHARGE,858,False,823,False,7.824232995004568,RCV0890,False,0,,,NORMAL,0,0,19652.37,-17884.16,0,0
TXN-SYN-D6143EDF,CUST0246,2026-09-11 18:48:50,60261.0,CASH_IN,951,False,947,False,0.7551519806155815,RCV0423,False,0,,AG024,NORMAL,0,0,2176.73,58084.27,0,0
TXN-SYN-89B0E99A,CUST0277,2026-09-11 18:57:56,2212.64,MERCHANT_PAYMENT,766,False,699,False,6.775982107884423,RCV0124,False,0,M004,,NORMAL,0,0,22423.78,-20211.14,0,0
TXN-SYN-CA7DB0EE,CUST0713,2026-09-11 18:58:59,193.23,SEND_MONEY,403,False,358,False,8.951919995171636,RCV0216,False,0,,,NORMAL,0,0,193.23,0.0,0,0
TXN-SYN-1ED815DB,CUST0100,2026-09-11 19:15:54,801.95,CASH_IN,253,False,236,False,1.6443325420068378,RCV0407,False,0,,AG004,NORMAL,0,0,20508.37,-19706.42,0,0
TXN-SYN-84DF17D3,CUST0177,2026-09-11 19:19:35,5808.44,MERCHANT_PAYMENT,955,False,948,False,9.115586810070964,RCV0930,False,0,M033,,NORMAL,0,0,1285.6,4522.84,0,0
TXN-SYN-878AE594,CUST0070,2026-09-11 19:21:27,1078.58,CASH_OUT,730,False,700,False,9.732594388214661,RCV0162,False,0,,AG000,NORMAL,0,0,14876.54,-13797.96,0,0
TXN-SYN-9B927029,CUST0659,2026-09-11 19:22:43,159.86,MERCHANT_PAYMENT,1390,False,1355,False,0.16981025390197413,RCV0291,False,0,M028,,NORMAL,0,0,159.86,0.0,0,0
TXN-SYN-99DDC5D2,CUST0340,2026-09-11 19:26:31,13874.98,CASH_OUT,265,False,180,False,9.422101698555647,RCV0165,False,0,,AG022,NORMAL,0,0,292.31,13582.67,0,0
TXN-SYN-4CD2EC6C,CUST0653,2026-09-11 19:29:12,13732.51,MERCHANT_PAYMENT,1419,False,1400,False,9.609201469288246,RCV0433,False,0,M025,,NORMAL,0,0,968.3,12764.21,0,0
TXN-SYN-E25BEAC1,CUST0535,2026-09-11 19:32:13,499.48,MERCHANT_PAYMENT,608,False,541,False,1.2472377005225799,RCV1072,False,0,M035,,NORMAL,0,0,18295.15,-17795.67,0,0
TXN-SYN-C7E594A7,CUST0672,2026-09-11 19:35:11,480.09,SEND_MONEY,586,False,506,False,0.08464421617309537,RCV0982,False,1,,,NORMAL,0,0,480.09,0.0,0,0
TXN-SYN-15D27361,CUST0716,2026-09-11 19:41:02,14178.7,MERCHANT_PAYMENT,110,False,41,False,4.483669354315765,RCV0823,False,0,M024,,NORMAL,0,0,22690.54,-8511.84,0,0
TXN-SYN-BDEB24B3,CUST0640,2026-09-11 19:50:17,2852.86,MERCHANT_PAYMENT,1138,False,1138,False,1.1280537625369647,RCV0364,False,0,M004,,NORMAL,0,0,13712.48,-10859.62,0,0
TXN-SYN-ECD536F7,CUST0167,2026-09-11 19:52:16,5621.68,SEND_MONEY,986,True,918,False,7.6599301026627495,RCV0286,True,0,,,SCAM_LIKE,0,0,2727.89,2893.79,0,0
TXN-SYN-B35D3A36,CUST0763,2026-09-11 19:55:24,2097.5,CASH_IN,738,False,705,False,7.355384961499478,RCV0966,False,0,,AG008,NORMAL,0,0,1580.93,516.57,0,0
TXN-SYN-30EAE9A8,CUST0428,2026-09-11 20:13:45,117.81,CASH_IN,1396,False,1351,False,5.673977817095203,RCV0731,False,0,,AG003,NORMAL,0,0,6103.8,-5985.99,0,0
TXN-SYN-26F04C2D,CUST0047,2026-09-11 20:15:52,1557.93,CASH_IN,605,False,604,False,0.7081470138576451,RCV1024,False,0,,AG017,NORMAL,0,0,3490.1,-1932.17,0,0
TXN-SYN-5E508520,CUST0095,2026-09-11 20:16:35,15530.12,BILL_PAY,495,False,464,False,0.3755232006004561,RCV0712,False,0,,,NORMAL,0,0,380.28,15149.84,0,0
TXN-SYN-30E5BE10,CUST0735,2026-09-11 20:17:36,3078.15,CASH_IN,926,False,906,False,7.940591315727352,RCV0051,False,0,,AG028,NORMAL,0,1,9209.93,-6131.78,0,0
TXN-SYN-59483CE1,CUST0433,2026-09-11 20:19:09,13083.73,CASH_IN,1171,False,1090,False,6.982154534944728,RCV0613,False,0,,AG010,NORMAL,0,0,12378.05,705.68,0,0
TXN-SYN-33A468A3,CUST0679,2026-09-11 20:38:23,14838.43,SEND_MONEY,463,False,392,False,0.9949622618063814,RCV1189,True,0,,,MULE_LIKE,0,0,6069.47,8768.96,0,0
TXN-SYN-17C0DB81,CUST0603,2026-09-11 20:53:04,1274.08,BILL_PAY,214,False,191,False,7.9028273537284175,RCV1129,False,0,,,NORMAL,0,0,1313.93,-39.85,0,0
TXN-SYN-9153AA88,CUST0199,2026-09-11 20:54:13,304.92,SEND_MONEY,310,False,272,False,9.75473028314022,RCV0857,False,0,,,NORMAL,0,1,1332.67,-1027.75,0,0
TXN-SYN-6943A8FC,CUST0042,2026-09-11 21:03:08,167.73,MOBILE_RECHARGE,503,False,418,False,2.8256319871916613,RCV0879,False,0,,,NORMAL,0,0,9660.71,-9492.98,0,0
TXN-SYN-D0159E49,CUST0172,2026-09-11 21:06:00,3885.32,CASH_IN,1405,False,1395,False,3.177854085868639,RCV0154,False,0,,AG006,NORMAL,0,0,17509.69,-13624.37,0,0
TXN-SYN-7A084A01,CUST0268,2026-09-11 21:06:38,26692.24,SEND_MONEY,1247,False,1178,False,1.1652761071875173,RCV0469,True,0,,AG009,MULE_LIKE,0,0,26692.24,0.0,0,0
TXN-SYN-B3D4E36D,CUST0017,2026-09-11 21:16:18,1008.57,SEND_MONEY,422,False,354,False,8.031835083464408,RCV0523,False,0,,,NORMAL,0,0,7284.28,-6275.71,0,0
TXN-SYN-2FA77741,CUST0339,2026-09-11 21:18:23,38852.12,SEND_MONEY,805,False,794,False,5.871761524100254,RCV0997,True,0,,,MULE_LIKE,0,0,1200.34,37651.78,0,0
TXN-SYN-F41DA9BE,CUST0529,2026-09-11 21:27:09,3166.96,CASH_OUT,577,False,546,False,1.4950863952069615,RCV0844,False,0,,AG022,NORMAL,0,0,3318.57,-151.61,0,0
TXN-SYN-C7C61CFD,CUST0573,2026-09-11 21:34:12,1182.15,SEND_MONEY,642,False,639,False,3.896475079681758,RCV0380,False,0,,,NORMAL,0,0,10654.77,-9472.62,0,0
TXN-SYN-A38378AE,CUST0476,2026-09-11 21:34:41,1031.2,SEND_MONEY,1371,False,1370,False,0.6499026033876842,RCV0382,False,0,,,NORMAL,0,0,222.66,808.54,0,0
TXN-SYN-139AC7CB,CUST0099,2026-09-11 21:36:02,5917.74,CASH_OUT,790,False,703,False,1.3124464235054212,RCV0369,False,0,,AG029,NORMAL,0,0,696.16,5221.58,0,0
TXN-SYN-3B413EC5,CUST0097,2026-09-11 21:40:12,1556.19,MERCHANT_PAYMENT,1303,False,1242,False,8.236185860284445,RCV0556,False,0,M045,,NORMAL,0,0,15146.67,-13590.48,0,0
TXN-SYN-D5CEC328,CUST0245,2026-09-11 21:43:53,1325.13,SEND_MONEY,1240,False,1226,False,6.103774953183276,RCV0404,False,0,,,NORMAL,0,0,5334.4,-4009.27,0,0
TXN-SYN-1046D500,CUST0771,2026-09-11 23:36:45,47922.4,CASH_OUT,482,False,466,True,76.53140173991471,RCV0986,False,0,,AG008,CASH_OUT_RISK,0,0,26416.99,21505.41,0,0
TXN-SYN-51DB59EE,CUST0112,2026-09-12 00:37:08,683.321126210414,SEND_MONEY,92,True,1,True,144.01430496278957,RCV0057,False,4,,,ACCOUNT_TAKEOVER_LIKE,0,0,9344.3,-8660.98,0,0
TXN-SYN-27C6EE9F,CUST0427,2026-09-12 01:00:46,32589.68,CASH_OUT,545,False,534,True,80.21802399344503,RCV0184,False,0,,AG015,CASH_OUT_RISK,0,0,16721.59,15868.09,0,0
TXN-SYN-4B049DF8,CUST0466,2026-09-12 01:05:43,2864.429342679514,MERCHANT_PAYMENT,14,True,0,True,391.26214503091967,RCV0296,False,3,M013,,ACCOUNT_TAKEOVER_LIKE,0,0,1277.89,1586.54,0,0
TXN-SYN-2E3F6D2B,CUST0067,2026-09-12 01:40:30,1826.6267430527275,SEND_MONEY,26,True,2,True,235.00103764768187,RCV0087,False,4,,,ACCOUNT_TAKEOVER_LIKE,0,0,11018.38,-9191.75,0,0
TXN-SYN-B8B462B0,CUST0468,2026-09-12 01:42:31,499.88311606595795,CASH_OUT,45,True,1,True,315.16238758082073,RCV0809,False,4,,AG012,ACCOUNT_TAKEOVER_LIKE,0,0,1442.24,-942.36,0,0
TXN-SYN-88F52CF4,CUST0299,2026-09-12 01:44:23,8329.132241136613,BILL_PAY,75,True,2,True,184.07716710597612,RCV0083,False,4,,,ACCOUNT_TAKEOVER_LIKE,0,0,2089.72,6239.41,0,0
TXN-SYN-AECAF1CF,CUST0011,2026-09-12 01:59:22,43425.7,CASH_OUT,896,False,853,True,26.795159313438795,RCV0134,False,0,,AG020,CASH_OUT_RISK,0,0,4807.32,38618.38,0,0
TXN-SYN-902A1797,CUST0487,2026-09-12 02:05:23,1848.9329889281878,SEND_MONEY,83,True,0,True,140.5107998044394,RCV0066,False,4,,,ACCOUNT_TAKEOVER_LIKE,0,0,1848.9329889281878,0.0,0,0
TXN-SYN-A419DDD5,CUST0182,2026-09-12 02:12:41,4382.995915953427,MERCHANT_PAYMENT,46,True,2,True,312.695553751401,RCV0838,False,5,M029,,ACCOUNT_TAKEOVER_LIKE,0,0,4382.995915953427,0.0,0,0
TXN-SYN-4A7120D4,CUST0329,2026-09-12 02:13:41,5180.252516469957,SEND_MONEY,85,True,1,True,484.7828167477076,RCV0909,False,3,,,ACCOUNT_TAKEOVER_LIKE,0,0,215.78,4964.47,0,0
TXN-SYN-4301FB45,CUST0165,2026-09-12 02:20:21,556.5709622420136,CASH_OUT,13,True,2,True,99.535371287962,RCV0908,False,2,,AG024,ACCOUNT_TAKEOVER_LIKE,0,0,4466.4,-3909.82,0,0
TXN-SYN-661F7C86,CUST0687,2026-09-12 02:28:19,786.7848621882323,BILL_PAY,42,True,1,True,222.95256258133747,RCV0052,False,4,,,ACCOUNT_TAKEOVER_LIKE,0,0,1079.26,-292.48,0,0
TXN-SYN-99F28D99,CUST0313,2026-09-12 02:46:41,39036.45,CASH_OUT,663,False,604,True,42.676891941126335,RCV1170,False,0,,AG027,CASH_OUT_RISK,0,0,19291.29,19745.16,0,0
TXN-SYN-85BFE1EA,CUST0261,2026-09-12 02:57:32,2212.1901434004044,MERCHANT_PAYMENT,44,True,1,True,57.22783924145276,RCV0244,False,5,M003,,ACCOUNT_TAKEOVER_LIKE,0,0,765.63,1446.56,0,0
TXN-SYN-9EADCBDA,CUST0607,2026-09-12 03:04:01,47458.13,CASH_OUT,342,False,273,True,44.3188300659071,RCV0161,False,0,,AG028,CASH_OUT_RISK,0,0,47458.13,0.0,0,0
TXN-SYN-65F682CA,CUST0088,2026-09-12 03:09:44,57742.43650017044,BILL_PAY,86,True,1,True,474.21135930590003,RCV1038,False,2,,,ACCOUNT_TAKEOVER_LIKE,0,0,6676.58,51065.86,0,0
TXN-SYN-8780EC9B,CUST0559,2026-09-12 03:12:53,49753.76,CASH_OUT,654,False,608,True,77.04615163031583,RCV0262,False,0,,AG001,CASH_OUT_RISK,0,0,30525.7,19228.06,0,0
TXN-SYN-4B7396F8,CUST0407,2026-09-12 03:50:07,40637.01,CASH_OUT,1385,False,1355,True,58.632375737575856,RCV1018,False,0,,AG008,CASH_OUT_RISK,0,0,17704.62,22932.39,0,0
TXN-SYN-146E6828,CUST0775,2026-09-12 03:53:53,17033.22,CASH_OUT,639,False,586,True,49.42287902049223,RCV0273,False,0,,AG027,CASH_OUT_RISK,0,0,576.25,16456.97,0,0
TXN-SYN-E63E16E1,CUST0158,2026-09-12 03:54:45,1117.8331161154965,CASH_IN,62,True,1,True,54.59573732577946,RCV0490,False,4,,AG008,ACCOUNT_TAKEOVER_LIKE,0,1,1705.08,-587.24,0,0
TXN-SYN-00D5AF92,CUST0471,2026-09-12 03:59:21,27611.05733752766,BILL_PAY,48,True,2,True,359.70207483764426,RCV0411,False,3,,,ACCOUNT_TAKEOVER_LIKE,0,0,952.6,26658.46,0,0
TXN-SYN-A913074A,CUST0105,2026-09-12 04:08:09,4124.375045860535,BILL_PAY,36,True,0,True,469.7661873275357,RCV0790,False,2,,,ACCOUNT_TAKEOVER_LIKE,0,0,17785.2,-13660.82,0,0
TXN-SYN-74C3F1A5,CUST0508,2026-09-12 04:09:42,26071.089708842777,SEND_MONEY,80,True,1,True,408.9711230596776,RCV0941,False,5,,,ACCOUNT_TAKEOVER_LIKE,0,0,12676.74,13394.34,0,0
TXN-SYN-D7DA6968,CUST0295,2026-09-12 04:43:36,142.9181361735681,MERCHANT_PAYMENT,81,True,0,True,259.78811235666893,RCV0280,False,4,M040,,ACCOUNT_TAKEOVER_LIKE,0,0,3432.79,-3289.87,0,0
TXN-SYN-D3E0745C,CUST0058,2026-09-12 04:44:26,2545.1072215887325,SEND_MONEY,31,True,0,True,456.27215527706977,RCV0730,False,2,,,ACCOUNT_TAKEOVER_LIKE,0,0,2018.08,527.03,0,0
TXN-SYN-AB1F93FC,CUST0661,2026-09-12 04:48:10,3002.3253420903857,MOBILE_RECHARGE,13,True,0,True,209.61669115589407,RCV1152,False,3,,,ACCOUNT_TAKEOVER_LIKE,0,1,11081.12,-8078.8,0,1
TXN-SYN-4C68D6A5,CUST0460,2026-09-12 05:04:04,12119.167621480343,CASH_IN,64,True,2,True,320.28377111164934,RCV1023,False,3,,AG020,ACCOUNT_TAKEOVER_LIKE,0,1,2752.75,9366.42,0,1
TXN-SYN-DC9A5C7A,CUST0331,2026-09-12 05:54:47,4010.607568600655,BILL_PAY,35,True,2,True,346.14934804768563,RCV0604,False,3,,,ACCOUNT_TAKEOVER_LIKE,0,0,2528.44,1482.17,0,0
TXN-SYN-923AEF46,CUST0258,2026-09-12 08:01:45,106.56,SEND_MONEY,940,False,876,False,8.906470820480449,RCV0250,False,0,,,NORMAL,0,0,1069.12,-962.56,0,0
TXN-SYN-C58BCB36,CUST0547,2026-09-12 08:11:21,144.81,BILL_PAY,1296,False,1252,False,2.2220720699598195,RCV1194,False,0,,,NORMAL,0,1,317.16,-172.35,0,0
TXN-SYN-3B0589AF,CUST0656,2026-09-12 08:31:09,1003.2,CASH_OUT,1461,False,1419,False,3.0476091279732573,RCV0934,False,0,,AG011,NORMAL,0,0,11132.2,-10129.0,0,0
TXN-SYN-EF136434,CUST0379,2026-09-12 08:36:06,3265.72,CASH_OUT,1095,False,1026,False,7.778299791402038,RCV1148,False,1,,AG028,NORMAL,0,0,17064.26,-13798.54,0,0
TXN-SYN-FE608964,CUST0237,2026-09-12 08:36:33,21120.59,SEND_MONEY,830,True,743,False,3.664293171963513,RCV1124,True,0,,AG019,SCAM_LIKE,0,0,6264.6,14855.99,0,0
TXN-SYN-4865A777,CUST0198,2026-09-12 08:38:28,514.75,SEND_MONEY,978,False,943,False,3.1404400301764412,RCV0591,False,0,,,NORMAL,0,1,15431.57,-14916.82,0,0
TXN-SYN-9F5E8B90,CUST0088,2026-09-12 08:45:53,602.25,CASH_IN,1325,False,1267,False,0.10566872073813349,RCV0167,False,0,,AG024,NORMAL,0,1,23698.53,-23096.28,0,0
TXN-SYN-03A3048D,CUST0673,2026-09-12 08:47:46,99.62,MERCHANT_PAYMENT,1177,False,1173,False,0.8840822336564658,RCV0437,False,0,M016,,NORMAL,0,0,2500.13,-2400.51,0,0
TXN-SYN-B8B027B6,CUST0617,2026-09-12 08:53:04,48966.59,SEND_MONEY,1079,False,1077,False,9.271778194794527,RCV0445,True,0,,AG027,MULE_LIKE,0,1,24832.95,24133.64,0,0
TXN-SYN-7F1227AB,CUST0484,2026-09-12 09:10:02,6644.76,SEND_MONEY,479,False,397,False,3.329836804412203,RCV0821,False,0,,,NORMAL,0,0,4612.5,2032.27,0,0
TXN-SYN-39044FD6,CUST0187,2026-09-12 09:21:27,1623.22,SEND_MONEY,602,False,547,False,2.0052507758923577,RCV1048,False,0,,,NORMAL,0,0,1623.22,0.0,0,0
TXN-SYN-697F1445,CUST0026,2026-09-12 09:27:03,386.9,CASH_OUT,1244,False,1162,False,1.3673106672115898,RCV0984,False,0,,AG004,NORMAL,0,1,14137.3,-13750.4,0,0
TXN-SYN-DDC1AAF7,CUST0505,2026-09-12 09:27:56,17934.72,BILL_PAY,562,False,547,False,3.6831038208673172,RCV0511,False,0,,,NORMAL,0,0,10563.36,7371.36,0,0
TXN-SYN-209AD012,CUST0660,2026-09-12 09:32:35,84.75,BILL_PAY,1369,False,1355,False,3.225061889878198,RCV0951,False,0,,,NORMAL,0,0,3181.56,-3096.82,0,0
TXN-SYN-34783779,CUST0224,2026-09-12 09:49:47,188.52,SEND_MONEY,1211,False,1165,False,0.25199094821069634,RCV0312,False,0,,,NORMAL,0,0,1983.4,-1794.88,0,0
TXN-SYN-55241445,CUST0737,2026-09-12 09:51:49,30867.71,SEND_MONEY,1056,False,1016,False,6.65526965436341,RCV0999,True,0,,,MULE_LIKE,0,0,20954.65,9913.06,0,0
TXN-SYN-66455481,CUST0538,2026-09-12 09:55:26,36992.49,SEND_MONEY,285,False,197,False,9.047774990907465,RCV1111,True,0,M045,,MULE_LIKE,0,0,1905.05,35087.44,0,0
TXN-SYN-B1A72427,CUST0249,2026-09-12 10:01:58,10700.36,SEND_MONEY,222,True,154,False,8.7899230775865,RCV0097,True,0,,AG014,SCAM_LIKE,0,0,33161.67,-22461.31,0,0
TXN-SYN-43ADF2C6,CUST0663,2026-09-12 10:06:32,1266.26,BILL_PAY,1402,False,1383,False,9.040533557661165,RCV0737,False,0,,,NORMAL,0,0,5314.32,-4048.06,0,0
TXN-SYN-1E9F1654,CUST0332,2026-09-12 10:25:38,3816.25,SEND_MONEY,1232,False,1221,False,6.746078529162162,RCV0126,False,0,,,NORMAL,0,0,7489.58,-3673.34,0,0
TXN-SYN-1010A83F,CUST0426,2026-09-12 10:30:33,7525.71,SEND_MONEY,976,False,907,False,0.7116184134790138,RCV0205,False,0,,,NORMAL,0,0,7525.71,0.0,0,0
TXN-SYN-42D73CF7,CUST0665,2026-09-12 10:38:20,4912.67,MERCHANT_PAYMENT,738,False,657,False,5.881437067295981,RCV1051,False,0,M000,,NORMAL,0,0,2684.12,2228.54,0,0
TXN-SYN-F6FE5E12,CUST0087,2026-09-12 10:38:33,159.55,SEND_MONEY,343,False,275,False,0.6768435526923644,RCV0462,False,0,,,NORMAL,0,0,159.55,0.0,0,0
TXN-SYN-534D6DF2,CUST0510,2026-09-12 10:39:01,322.38,SEND_MONEY,665,False,664,False,4.12049225889386,RCV0932,False,0,,,NORMAL,0,0,1546.78,-1224.4,0,0
TXN-SYN-9C442BCC,CUST0296,2026-09-12 10:40:19,1220.4,SEND_MONEY,417,False,406,False,9.203898315000368,RCV0751,False,0,,,NORMAL,0,0,18253.12,-17032.72,0,0
TXN-SYN-6AC378E4,CUST0789,2026-09-12 10:47:12,1925.32,SEND_MONEY,802,False,722,False,0.7238830214123637,RCV0847,False,0,,,NORMAL,0,0,11217.72,-9292.4,0,0
TXN-SYN-711052C7,CUST0436,2026-09-12 10:49:10,8704.01,SEND_MONEY,609,False,570,False,1.0329151772573941,RCV0675,False,0,,,NORMAL,0,0,18895.87,-10191.86,0,0
TXN-SYN-2CF7D4AA,CUST0678,2026-09-12 10:52:46,11430.65,SEND_MONEY,124,False,77,False,2.0046904776635897,RCV0873,True,0,,AG003,MULE_LIKE,0,1,1250.75,10179.9,0,0
TXN-SYN-CEFB8884,CUST0496,2026-09-12 11:04:09,3059.05,SEND_MONEY,124,False,81,False,7.460492211241815,RCV1014,False,0,,,NORMAL,0,0,13556.2,-10497.15,0,0
TXN-SYN-F69ABB72,CUST0426,2026-09-12 11:06:30,50.0,CASH_IN,288,False,207,False,5.386819335887251,RCV1120,False,0,,AG028,NORMAL,1,1,7525.71,-7475.71,0,0
TXN-SYN-5D2A06B9,CUST0159,2026-09-12 11:07:41,2325.41,SEND_MONEY,1467,False,1453,False,3.6738516075292904,RCV1074,False,0,,,NORMAL,0,0,10344.57,-8019.16,0,0
TXN-SYN-1A641111,CUST0206,2026-09-12 11:19:18,50.0,MERCHANT_PAYMENT,789,False,787,False,5.690512890950342,RCV0774,False,0,M006,,NORMAL,0,0,6521.8,-6471.8,0,0
TXN-SYN-180A1360,CUST0485,2026-09-12 11:22:21,9322.98,SEND_MONEY,1140,True,1076,False,8.893545167012103,RCV0619,True,0,,,SCAM_LIKE,0,0,5359.17,3963.81,0,0
TXN-SYN-A00D8FFF,CUST0423,2026-09-12 11:34:16,229.66,SEND_MONEY,927,False,917,False,7.325642148708913,RCV0015,False,0,,,NORMAL,0,0,7692.72,-7463.06,0,0
TXN-SYN-75866AF8,CUST0477,2026-09-12 11:35:26,595.85,MERCHANT_PAYMENT,193,False,154,False,8.5186417451415,RCV0497,False,0,M030,,NORMAL,0,0,470.38,125.47,0,0
TXN-SYN-6530EC2B,CUST0404,2026-09-12 11:38:11,1566.89,MOBILE_RECHARGE,478,False,439,False,3.414694066084424,RCV0282,False,0,,,NORMAL,0,0,1234.72,332.17,0,0
TXN-SYN-F67BD66E,CUST0765,2026-09-12 11:39:37,153.42,CASH_OUT,276,False,225,False,2.1582163789953768,RCV0636,False,0,,AG014,NORMAL,0,0,4148.52,-3995.1,0,0
TXN-SYN-8043C7E6,CUST0180,2026-09-12 11:57:43,11484.09,SEND_MONEY,269,False,204,False,4.9119881971252655,RCV0997,True,0,,,MULE_LIKE,0,0,11484.09,0.0,0,0
TXN-SYN-4BF3B4FE,CUST0699,2026-09-12 11:58:58,439.23,CASH_IN,1444,False,1360,False,2.2438297979979547,RCV0418,False,0,,AG014,NORMAL,0,0,444.47,-5.24,0,0
TXN-SYN-F0C23553,CUST0138,2026-09-12 12:11:57,2001.39,MOBILE_RECHARGE,775,False,688,False,1.8936087579186278,RCV0715,False,0,,,NORMAL,0,0,191.24,1810.15,0,0
TXN-SYN-F5306CCF,CUST0678,2026-09-12 12:23:56,4499.6,CASH_OUT,1187,False,1131,False,1.5532996731818804,RCV0244,False,0,,AG022,NORMAL,0,2,4644.05,-144.45,0,0
TXN-SYN-C17EFF2A,CUST0777,2026-09-12 12:36:33,2112.63,MERCHANT_PAYMENT,1072,False,1009,False,5.032192071829621,RCV1023,False,0,M039,,NORMAL,0,0,10690.2,-8577.56,0,0
TXN-SYN-36D8D751,CUST0596,2026-09-12 12:36:53,3053.49,MOBILE_RECHARGE,1421,False,1332,False,1.3041094311399504,RCV0654,False,0,,,NORMAL,0,0,11940.78,-8887.29,0,0
TXN-SYN-F789C85A,CUST0356,2026-09-12 12:45:33,1972.85,MERCHANT_PAYMENT,1049,False,996,False,6.211863221940832,RCV0255,False,0,M033,,NORMAL,0,0,24427.07,-22454.22,0,0
TXN-SYN-700E7DF2,CUST0340,2026-09-12 12:49:00,7313.5,MERCHANT_PAYMENT,900,False,875,False,8.909953746442648,RCV0313,False,0,M014,,NORMAL,0,1,7083.64,229.86,0,1
TXN-SYN-E6D8690C,CUST0690,2026-09-12 12:49:14,344.62,CASH_OUT,720,False,704,False,3.739278697067838,RCV1155,False,0,,AG004,NORMAL,0,0,16917.26,-16572.64,0,0
TXN-SYN-A79C32A6,CUST0080,2026-09-12 12:56:20,358.72,SEND_MONEY,203,False,176,False,2.5624667445995666,RCV0408,False,0,,,NORMAL,0,0,1286.66,-927.94,0,0
TXN-SYN-B51D1A35,CUST0786,2026-09-12 13:03:06,87.75,SEND_MONEY,1304,False,1304,False,7.645320298574758,RCV0324,False,0,,,NORMAL,0,0,9250.66,-9162.91,0,0
TXN-SYN-ABD1BFA2,CUST0081,2026-09-12 13:03:58,580.17,BILL_PAY,326,False,279,False,4.068048009517236,RCV0844,False,0,,,NORMAL,0,0,580.17,0.0,0,0
TXN-SYN-1C70AE16,CUST0401,2026-09-12 13:16:38,1287.98,SEND_MONEY,930,False,855,False,4.256852391184339,RCV0487,False,0,,,NORMAL,0,0,1287.98,0.0,0,0
TXN-SYN-F649C801,CUST0431,2026-09-12 13:16:50,685.9,SEND_MONEY,1093,False,1026,False,1.3359755989601552,RCV1177,False,0,,,NORMAL,0,0,429.32,256.58,0,0
TXN-SYN-BC80A359,CUST0585,2026-09-12 13:26:41,1749.02,MERCHANT_PAYMENT,1379,False,1316,False,4.769604482746539,RCV0127,False,0,M040,,NORMAL,0,1,26222.78,-24473.76,0,0
TXN-SYN-E2D518F2,CUST0676,2026-09-12 13:49:49,718.75,SEND_MONEY,1242,False,1239,False,4.948946073737471,RCV0059,False,0,,,NORMAL,0,0,1554.88,-836.12,0,0
TXN-SYN-062AE774,CUST0062,2026-09-12 13:49:50,3225.78,CASH_IN,889,False,846,False,9.358515327960218,RCV0540,False,0,,AG004,NORMAL,0,0,1335.76,1890.02,0,0
TXN-SYN-FA4E77BE,CUST0017,2026-09-12 13:53:36,17092.45,SEND_MONEY,740,False,714,False,9.463088992083875,RCV0999,True,0,,,MULE_LIKE,0,1,5715.35,11377.1,0,0
TXN-SYN-6F666A51,CUST0279,2026-09-12 14:06:28,5178.21,CASH_OUT,1317,False,1297,False,4.163494987964317,RCV0343,False,0,,AG028,NORMAL,0,0,48289.26,-43111.05,0,0
TXN-SYN-2860F3F6,CUST0239,2026-09-12 14:07:24,13352.53,SEND_MONEY,1351,False,1291,False,8.045137028113679,RCV0375,False,0,,,NORMAL,0,0,7100.02,6252.51,0,0
TXN-SYN-38CC2C34,CUST0664,2026-09-12 14:09:15,44120.14,SEND_MONEY,736,False,713,False,0.39779531836692805,RCV0858,True,0,,,MULE_LIKE,0,0,5825.52,38294.62,0,0
TXN-SYN-92DEC037,CUST0616,2026-09-12 14:14:31,163.11,SEND_MONEY,787,False,776,False,7.749284723059549,RCV0611,False,0,,,NORMAL,0,0,12360.42,-12197.31,0,0
TXN-SYN-F3EC3F02,CUST0673,2026-09-12 14:17:18,137.59,MERCHANT_PAYMENT,337,False,310,False,7.858716640665898,RCV0136,False,1,M006,,NORMAL,0,1,1299.88,-1162.29,0,0
TXN-SYN-3879DAAA,CUST0179,2026-09-12 14:17:50,6121.42,CASH_IN,538,False,464,False,4.33606033409535,RCV0259,False,0,,AG024,NORMAL,0,0,1533.21,4588.21,0,0
TXN-SYN-548D0282,CUST0041,2026-09-12 14:20:13,676.68,MOBILE_RECHARGE,435,False,431,False,9.815036893032197,RCV0740,False,0,,,NORMAL,0,0,23159.79,-22483.11,0,0
TXN-SYN-82850898,CUST0645,2026-09-12 14:22:54,267.19,SEND_MONEY,209,False,135,False,2.993999010958772,RCV1133,False,0,,,NORMAL,0,0,10693.75,-10426.56,0,0
TXN-SYN-9CBB841A,CUST0711,2026-09-12 14:29:01,134.9,SEND_MONEY,382,False,361,False,2.3492826329075154,RCV0059,False,1,,,NORMAL,0,0,986.24,-851.34,0,0
TXN-SYN-F2D111E8,CUST0346,2026-09-12 14:29:09,772.25,CASH_OUT,1058,False,1026,False,3.7871696732082496,RCV0383,False,0,,AG001,NORMAL,0,0,3369.34,-2597.09,0,0
TXN-SYN-827B6D3F,CUST0275,2026-09-12 14:29:38,1071.37,CASH_OUT,1418,False,1416,False,9.186335824978395,RCV0181,False,0,,AG017,NORMAL,0,0,12556.61,-11485.24,0,0
TXN-SYN-EEC7D7A7,CUST0053,2026-09-12 14:31:06,16264.79,MERCHANT_PAYMENT,1231,False,1220,False,4.834435984145732,RCV0235,False,0,M021,,NORMAL,0,0,7733.09,8531.7,0,0
TXN-SYN-EB910A7E,CUST0423,2026-09-12 14:39:46,7043.16,CASH_OUT,1456,False,1375,False,5.704588493427394,RCV1151,False,0,,AG007,NORMAL,0,1,6448.87,594.29,0,0
TXN-SYN-F97D2EBA,CUST0627,2026-09-12 14:52:59,1030.42,SEND_MONEY,1315,False,1293,False,5.826172514622532,RCV0673,False,0,,,NORMAL,0,0,13720.88,-12690.46,0,0
TXN-SYN-3656B6E9,CUST0603,2026-09-12 14:55:17,78.16,MOBILE_RECHARGE,304,False,266,False,8.702990614724204,RCV1158,False,0,,,NORMAL,0,1,1294.01,-1215.84,0,0
TXN-SYN-C6C91788,CUST0093,2026-09-12 15:05:46,14865.9,SEND_MONEY,1187,False,1101,False,4.819745714179543,RCV1115,False,0,,,NORMAL,0,0,996.96,13868.94,0,0
TXN-SYN-687B0B79,CUST0067,2026-09-12 15:16:59,113.93,SEND_MONEY,508,False,420,False,7.290704157619966,RCV0874,False,0,,,NORMAL,0,1,9180.03,-9066.1,0,0
TXN-SYN-6DED33CB,CUST0616,2026-09-12 15:29:45,2888.46,SEND_MONEY,558,False,474,False,0.7599824401640931,RCV0766,False,0,,,NORMAL,0,1,6261.76,-3373.3,0,0
TXN-SYN-D94DB149,CUST0546,2026-09-12 15:39:53,48842.63,SEND_MONEY,704,False,689,False,8.982385982001475,RCV1017,True,0,,AG020,MULE_LIKE,0,0,7257.39,41585.24,0,0
TXN-SYN-EBCE32F6,CUST0640,2026-09-12 15:40:47,322.77,SEND_MONEY,144,False,139,False,5.896534951515476,RCV1065,False,0,,,NORMAL,0,1,10997.58,-10674.8,0,0
TXN-SYN-26DBC998,CUST0517,2026-09-12 15:48:04,12168.36,SEND_MONEY,1017,True,1015,False,2.68905076331891,RCV0842,True,0,,,SCAM_LIKE,0,0,12513.63,-345.27,0,0
TXN-SYN-A076625D,CUST0756,2026-09-12 15:57:03,60.56,SEND_MONEY,341,False,280,False,2.444522102566621,RCV0430,False,0,,,NORMAL,0,0,11242.82,-11182.26,0,0
TXN-SYN-68E175E3,CUST0103,2026-09-12 16:02:56,50.0,SEND_MONEY,840,False,788,False,6.530842219930989,RCV0032,False,0,,,NORMAL,0,0,50.0,0.0,0,0
TXN-SYN-91F2210C,CUST0498,2026-09-12 16:08:13,32376.08,SEND_MONEY,1387,False,1378,False,6.710124748448701,RCV0997,True,0,,,MULE_LIKE,0,0,32376.08,0.0,0,0
TXN-SYN-B88B7748,CUST0301,2026-09-12 16:17:16,469.65,CASH_IN,1277,False,1245,False,4.614049448326614,RCV1130,False,0,,AG029,NORMAL,0,0,8182.43,-7712.78,1,0
TXN-SYN-B0F5CD94,CUST0387,2026-09-12 16:20:03,619.16,SEND_MONEY,546,False,482,False,8.821156871941554,RCV0292,False,0,,,NORMAL,0,0,33795.26,-33176.1,0,0
TXN-SYN-9C53C3C8,CUST0651,2026-09-12 16:20:13,15505.13,SEND_MONEY,1172,False,1130,False,7.097364474419074,RCV1081,True,0,,AG002,SCAM_LIKE,0,0,4391.93,11113.2,0,0
TXN-SYN-EF2B941C,CUST0045,2026-09-12 16:28:52,19935.03,SEND_MONEY,515,False,426,False,9.653514244191374,RCV0997,True,0,,,MULE_LIKE,0,0,17356.04,2578.99,0,0
TXN-SYN-4539E1FC,CUST0128,2026-09-12 16:41:47,860.69,SEND_MONEY,131,False,78,False,0.7705572104984038,RCV0211,False,0,,,NORMAL,0,0,1734.16,-873.47,0,0
TXN-SYN-3A55255D,CUST0601,2026-09-12 16:44:59,49717.87,SEND_MONEY,641,False,641,False,1.5985817563272653,RCV0999,True,1,,,MULE_LIKE,0,0,49717.87,0.0,0,0
TXN-SYN-4A440D43,CUST0137,2026-09-12 16:59:48,4317.25,MOBILE_RECHARGE,851,False,769,False,8.49671089726699,RCV0925,False,0,,,NORMAL,0,0,654.78,3662.47,0,0
TXN-SYN-4F91EFC8,CUST0643,2026-09-12 17:06:42,462.11,BILL_PAY,732,False,657,False,3.7830491298348057,RCV0697,False,0,,,NORMAL,0,0,5595.96,-5133.85,0,0
TXN-SYN-A4362468,CUST0209,2026-09-12 17:06:46,544.74,SEND_MONEY,1156,False,1101,False,1.4007604370275561,RCV0358,False,0,,,NORMAL,0,0,12525.72,-11980.98,0,0
TXN-SYN-9BB1C7D3,CUST0442,2026-09-12 17:10:22,1134.5,SEND_MONEY,1303,False,1262,False,0.6194651857898792,RCV1041,False,0,,,NORMAL,0,0,1622.04,-487.55,0,0
TXN-SYN-78E1523F,CUST0542,2026-09-12 17:15:15,253.52,MOBILE_RECHARGE,262,False,208,False,9.062545805210366,RCV0984,False,0,,,NORMAL,0,0,16789.39,-16535.87,0,0
TXN-SYN-C9EE37C5,CUST0216,2026-09-12 17:20:20,6567.34,CASH_IN,1317,False,1291,False,4.184339600772948,RCV0877,False,0,,AG028,NORMAL,0,0,2159.43,4407.91,0,0
TXN-SYN-547AD281,CUST0691,2026-09-12 17:23:22,150.54,MOBILE_RECHARGE,918,False,861,False,4.525900255395507,RCV0524,False,0,,,NORMAL,0,0,496.54,-346.0,0,0
TXN-SYN-B838FB8D,CUST0269,2026-09-12 17:40:09,645.38,BILL_PAY,1183,False,1104,False,8.191273320802066,RCV0516,False,0,,,NORMAL,0,0,76.89,568.49,0,0
TXN-SYN-99C1A88B,CUST0627,2026-09-12 17:43:03,645.23,SEND_MONEY,220,False,210,False,7.282697341334762,RCV0157,False,0,,,NORMAL,0,1,10548.26,-9903.03,0,0
TXN-SYN-6D229FD8,CUST0349,2026-09-12 17:48:34,3462.84,SEND_MONEY,324,False,237,False,6.729397068520986,RCV0638,False,0,,,NORMAL,0,0,4025.92,-563.08,0,0
TXN-SYN-61C3DA76,CUST0068,2026-09-12 17:57:33,22152.29,SEND_MONEY,150,False,67,False,6.001404832134268,RCV0874,True,0,,,MULE_LIKE,0,0,6020.74,16131.55,0,0
TXN-SYN-3C9CECE1,CUST0206,2026-09-12 17:57:58,328.7,MERCHANT_PAYMENT,1487,False,1486,False,1.3998003121109093,RCV0431,False,0,M008,,NORMAL,0,1,5443.16,-5114.46,0,0
TXN-SYN-F25C3713,CUST0220,2026-09-12 18:00:45,652.34,MERCHANT_PAYMENT,918,False,882,False,8.8696144507564,RCV0735,False,0,M035,,NORMAL,0,0,2031.52,-1379.18,0,0
TXN-SYN-128CFCAB,CUST0582,2026-09-12 18:05:42,305.97,MOBILE_RECHARGE,1412,False,1347,False,4.602735560010744,RCV0503,False,0,,,NORMAL,0,0,10287.71,-9981.74,0,0
TXN-SYN-38D8BDD7,CUST0259,2026-09-12 18:29:37,532.42,SEND_MONEY,345,False,341,False,1.2948084464485443,RCV0199,False,0,,,NORMAL,0,0,7186.29,-6653.87,0,0
TXN-SYN-33DE04CA,CUST0634,2026-09-12 18:34:08,448.9,SEND_MONEY,383,False,381,False,7.324874359053992,RCV0019,False,0,,,NORMAL,0,0,909.24,-460.34,0,0
TXN-SYN-B07F34DE,CUST0066,2026-09-12 18:43:03,29624.39,SEND_MONEY,996,False,982,False,2.74969366452949,RCV0569,True,0,,AG019,MULE_LIKE,0,0,222.21,29402.18,0,0
TXN-SYN-2169A335,CUST0546,2026-09-12 18:50:44,22701.22,SEND_MONEY,1342,True,1261,False,7.126765646091936,RCV0724,True,0,,,SCAM_LIKE,0,1,28050.01,-5348.79,0,0
TXN-SYN-9E96A43F,CUST0796,2026-09-12 18:56:49,11856.62,BILL_PAY,293,False,291,False,2.095192243125321,RCV1118,False,0,,,NORMAL,0,0,13146.92,-1290.3,0,0
TXN-SYN-6AE018F3,CUST0189,2026-09-12 18:59:33,42470.79,SEND_MONEY,869,False,857,False,5.824226582072464,RCV0766,True,0,,,MULE_LIKE,0,0,42470.79,0.0,0,0
TXN-SYN-95E8BFE1,CUST0392,2026-09-12 19:02:09,714.99,BILL_PAY,126,False,72,False,7.363323872899161,RCV1060,False,0,,,NORMAL,0,0,4312.27,-3597.28,0,0
TXN-SYN-5CD37942,CUST0367,2026-09-12 19:11:12,85.92,SEND_MONEY,599,False,548,False,8.852289842111725,RCV0743,False,0,,,NORMAL,0,0,2652.55,-2566.63,0,0
TXN-SYN-8F00ED6A,CUST0261,2026-09-12 19:17:53,585.53,CASH_OUT,400,False,321,False,7.153532125002055,RCV0490,False,0,,AG021,NORMAL,0,1,1247.82,-662.29,0,0
TXN-SYN-6DF7BDC1,CUST0323,2026-09-12 19:18:51,362.61,BILL_PAY,1208,False,1134,False,8.405448352793522,RCV0618,False,1,,,NORMAL,0,0,3942.32,-3579.71,0,0
TXN-SYN-2AF5B42E,CUST0110,2026-09-12 19:39:10,228.28,CASH_OUT,415,False,385,False,1.6439930517526047,RCV0463,False,0,,AG014,NORMAL,0,0,18005.64,-17777.36,0,0
TXN-SYN-41350CF3,CUST0072,2026-09-12 19:47:11,18831.34,SEND_MONEY,390,False,340,False,2.221449279173131,RCV0527,True,0,,,SCAM_LIKE,0,0,21836.68,-3005.34,0,0
TXN-SYN-422C2444,CUST0341,2026-09-12 19:47:25,5376.0,SEND_MONEY,678,False,674,False,1.370520377520581,RCV0008,False,0,,,NORMAL,0,0,9501.16,-4125.16,0,0
TXN-SYN-ED6DBBEF,CUST0178,2026-09-12 20:22:57,3317.97,SEND_MONEY,134,False,112,False,2.9352795416794963,RCV0636,False,0,,,NORMAL,0,0,8802.04,-5484.07,0,0
TXN-SYN-379F62CC,CUST0031,2026-09-12 20:38:24,957.42,CASH_OUT,1024,False,940,False,9.515421467554985,RCV0939,False,0,,AG022,NORMAL,0,0,331.42,626.0,0,0
TXN-SYN-AB80B385,CUST0408,2026-09-12 20:41:33,1457.16,SEND_MONEY,657,False,582,False,8.239342912181677,RCV0422,False,0,,,NORMAL,0,0,1763.18,-306.02,0,0
TXN-SYN-5E7CC0E6,CUST0262,2026-09-12 20:43:13,10315.89,SEND_MONEY,1138,True,1131,False,2.3233395752125774,RCV0056,True,0,,AG013,SCAM_LIKE,0,0,10315.89,0.0,0,0
TXN-SYN-BC9CA9C5,CUST0383,2026-09-12 20:43:52,1949.47,MERCHANT_PAYMENT,1000,False,949,False,1.7709669429408381,RCV1065,False,0,M037,,NORMAL,0,0,4138.29,-2188.82,0,0
TXN-SYN-0C013210,CUST0282,2026-09-12 20:47:14,20407.33,SEND_MONEY,1218,False,1175,False,6.090589161941482,RCV0572,True,0,,,MULE_LIKE,0,0,2004.52,18402.8,0,0
TXN-SYN-7F7305AD,CUST0624,2026-09-12 20:54:51,50.0,MOBILE_RECHARGE,370,False,287,False,4.020704016174279,RCV1010,False,0,,,NORMAL,0,0,50.0,0.0,0,0
TXN-SYN-292A8CA9,CUST0793,2026-09-12 21:02:25,394.68,CASH_OUT,436,False,433,False,3.1302535470158133,RCV0020,False,0,,AG012,NORMAL,0,0,2032.01,-1637.33,0,0
TXN-SYN-897C1509,CUST0770,2026-09-12 21:09:12,639.11,BILL_PAY,191,False,136,False,3.2221773082087815,RCV0189,False,0,,,NORMAL,0,0,24257.72,-23618.61,0,0
TXN-SYN-D40F59ED,CUST0543,2026-09-12 21:09:39,22544.16,SEND_MONEY,389,False,302,False,5.598217508554439,RCV0130,False,0,,,NORMAL,0,0,11905.01,10639.15,0,0
TXN-SYN-600E8FCD,CUST0599,2026-09-12 21:11:17,618.84,MERCHANT_PAYMENT,467,False,387,False,7.174424079475922,RCV0677,False,2,M025,,NORMAL,0,0,11534.88,-10916.04,0,0
TXN-SYN-D7C1B154,CUST0396,2026-09-12 21:12:17,7686.85,CASH_OUT,410,False,369,False,9.903413133417772,RCV0721,False,0,,AG012,NORMAL,0,0,25327.28,-17640.43,0,0
TXN-SYN-D978AF4F,CUST0417,2026-09-12 21:19:09,2780.3,SEND_MONEY,332,False,316,False,6.471363822124632,RCV0621,False,0,,,NORMAL,0,0,2780.3,0.0,0,0
TXN-SYN-76EB8E78,CUST0306,2026-09-12 21:23:39,1193.0,SEND_MONEY,872,False,801,False,1.382755276778086,RCV0547,False,1,,,NORMAL,0,0,1193.0,0.0,0,0
TXN-SYN-BC9974E7,CUST0359,2026-09-12 21:29:11,46278.57,SEND_MONEY,855,False,804,False,2.0310848572394855,RCV0998,True,0,,AG022,MULE_LIKE,0,0,2962.6,43315.96,0,0
TXN-SYN-E8981F6E,CUST0370,2026-09-12 21:34:45,252.77,CASH_OUT,373,False,312,False,8.979825321496254,RCV0660,False,0,,AG026,NORMAL,0,0,522.92,-270.15,0,0
TXN-SYN-3BC3AF75,CUST0342,2026-09-12 21:36:02,13359.61,SEND_MONEY,368,True,326,False,5.1687574319492615,RCV0890,True,0,,AG026,SCAM_LIKE,0,0,2580.89,10778.72,0,0
TXN-SYN-2D38DECE,CUST0098,2026-09-12 21:41:47,1434.64,SEND_MONEY,218,False,134,False,6.613603936613057,RCV0915,False,0,,,NORMAL,0,0,12355.49,-10920.85,0,0
TXN-SYN-A83EF756,CUST0036,2026-09-12 21:45:53,708.95,SEND_MONEY,844,False,774,False,2.3876589400397332,RCV1036,False,0,,,NORMAL,0,0,708.95,0.0,0,0
TXN-SYN-40F37EB1,CUST0584,2026-09-12 21:46:43,119.69,MERCHANT_PAYMENT,193,False,134,False,9.180475698814485,RCV0247,False,0,M013,,NORMAL,0,0,268.79,-149.1,0,0
TXN-SYN-AF4F9128,CUST0557,2026-09-12 21:51:33,689.17,BILL_PAY,1251,False,1210,False,9.899439243503593,RCV0333,False,0,,,NORMAL,0,0,10052.48,-9363.3,0,0
TXN-SYN-94C4C0E0,CUST0507,2026-09-12 21:54:57,160.94,SEND_MONEY,982,False,915,False,2.914639111406875,RCV0947,False,0,,,NORMAL,0,0,5676.24,-5515.3,0,0
TXN-SYN-18E49BE0,CUST0710,2026-09-12 22:03:35,38059.21,CASH_OUT,492,False,419,True,99.04543535689199,RCV0869,False,0,,AG009,CASH_OUT_RISK,0,0,11781.31,26277.9,0,0
TXN-SYN-FB1A39D0,CUST0523,2026-09-12 22:31:42,24857.75,CASH_OUT,403,False,396,True,92.62609159434282,RCV0251,False,0,,AG014,CASH_OUT_RISK,0,0,8959.85,15897.9,0,0
TXN-SYN-54674187,CUST0587,2026-09-12 22:43:19,36101.37,CASH_OUT,378,False,333,True,22.023312719170647,RCV0571,False,1,,AG028,CASH_OUT_RISK,0,0,16778.6,19322.77,0,0
TXN-SYN-D756BEB0,CUST0593,2026-09-12 23:16:17,21351.35,CASH_OUT,922,False,917,True,86.02976073808038,RCV0642,False,0,,AG025,CASH_OUT_RISK,0,0,4007.76,17343.59,0,0
TXN-SYN-A590E718,CUST0645,2026-09-12 23:43:14,27825.99,CASH_OUT,674,False,637,True,74.92692016915464,RCV0984,False,0,,AG007,CASH_OUT_RISK,0,1,8087.11,19738.88,0,0
TXN-SYN-1CC441F2,CUST0178,2026-09-12 23:55:40,39075.14,CASH_OUT,591,False,525,True,46.30031420707856,RCV0298,False,0,,AG004,CASH_OUT_RISK,0,1,7888.02,31187.12,0,0
TXN-SYN-D2A2EBBC,CUST0654,2026-09-13 00:17:44,13799.569443094288,CASH_OUT,64,True,2,True,176.36631404401078,RCV1070,False,3,,AG000,ACCOUNT_TAKEOVER_LIKE,0,0,1592.61,12206.96,0,0
TXN-SYN-1CD5DCB0,CUST0276,2026-09-13 01:19:41,42951.19,CASH_OUT,1032,False,1017,True,27.991476681719895,RCV0220,False,0,M030,AG012,CASH_OUT_RISK,0,0,3076.41,39874.78,0,0
TXN-SYN-6D73212B,CUST0407,2026-09-13 01:35:16,2455.461693035878,MOBILE_RECHARGE,46,True,2,True,332.71247342638895,RCV0124,False,4,,,ACCOUNT_TAKEOVER_LIKE,0,1,25348.75,-22893.29,0,1
TXN-SYN-EFD46308,CUST0788,2026-09-13 01:45:35,21625.29,CASH_OUT,1375,False,1356,True,71.71305021193534,RCV0822,False,0,,AG005,CASH_OUT_RISK,0,0,21625.29,0.0,0,0
TXN-SYN-51098D94,CUST0132,2026-09-13 02:09:40,12226.477731096973,MOBILE_RECHARGE,90,True,1,True,107.13785363796673,RCV1020,False,2,,,ACCOUNT_TAKEOVER_LIKE,0,0,5556.91,6669.57,0,0
TXN-SYN-5429791C,CUST0648,2026-09-13 02:26:04,20678.17,CASH_OUT,1112,False,1092,True,54.19917503364921,RCV0813,False,0,,AG027,CASH_OUT_RISK,0,0,592.86,20085.31,0,0
TXN-SYN-D7BA150A,CUST0074,2026-09-13 02:29:58,24382.44,CASH_OUT,232,False,174,True,61.91128283063266,RCV0078,False,0,,AG004,CASH_OUT_RISK,0,0,4706.1,19676.34,0,0
TXN-SYN-4744F513,CUST0112,2026-09-13 02:32:10,25617.22,CASH_OUT,1346,False,1303,True,58.04187600767881,RCV1069,False,0,,AG003,CASH_OUT_RISK,0,0,7179.05,18438.17,0,0
TXN-SYN-A4E72BF6,CUST0425,2026-09-13 02:34:16,9040.96252856225,CASH_IN,93,True,1,True,138.25286978195976,RCV0653,False,4,,AG001,ACCOUNT_TAKEOVER_LIKE,0,0,10468.57,-1427.61,0,0
TXN-SYN-2FEEB135,CUST0697,2026-09-13 02:39:59,19414.04,CASH_OUT,1081,False,1006,True,66.05322023979357,RCV0897,False,0,,AG025,CASH_OUT_RISK,0,0,7685.95,11728.09,0,0
TXN-SYN-A18B7DAA,CUST0675,2026-09-13 02:41:12,9216.147209389643,CASH_OUT,35,True,0,True,67.81267828665408,RCV0790,False,4,,AG017,ACCOUNT_TAKEOVER_LIKE,0,0,9216.147209389643,0.0,0,0
TXN-SYN-2D9172DF,CUST0303,2026-09-13 03:00:09,1263.2116698661027,SEND_MONEY,14,True,0,True,464.57362240200183,RCV1008,False,5,,,ACCOUNT_TAKEOVER_LIKE,0,0,198.36,1064.85,0,0
TXN-SYN-AED0D09B,CUST0247,2026-09-13 03:26:15,18607.58,CASH_OUT,1193,False,1143,True,55.98913652294641,RCV1067,False,0,,AG013,CASH_OUT_RISK,0,0,48597.14,-29989.56,0,0
TXN-SYN-D43F93BD,CUST0173,2026-09-13 03:35:06,6988.920653876696,SEND_MONEY,81,True,2,True,112.7847083309267,RCV0023,False,2,,,ACCOUNT_TAKEOVER_LIKE,0,0,3012.14,3976.78,0,0
TXN-SYN-A4A6F904,CUST0524,2026-09-13 03:38:49,11499.466564042936,SEND_MONEY,58,True,1,True,330.2234566964137,RCV0381,False,2,,,ACCOUNT_TAKEOVER_LIKE,0,0,2756.58,8742.88,0,0
TXN-SYN-2210E942,CUST0009,2026-09-13 03:59:43,47533.52,CASH_OUT,420,False,358,True,47.90946132343962,RCV0260,False,0,,AG010,CASH_OUT_RISK,0,0,9507.71,38025.81,0,0
TXN-SYN-B8D48430,CUST0672,2026-09-13 04:07:32,4133.68626777288,BILL_PAY,10,True,1,True,66.54060908362753,RCV0742,False,4,,,ACCOUNT_TAKEOVER_LIKE,0,0,480.09,3653.6,0,0
TXN-SYN-784A0779,CUST0103,2026-09-13 04:36:00,12255.139096861694,SEND_MONEY,43,True,1,True,313.2500281261425,RCV0172,False,3,,,ACCOUNT_TAKEOVER_LIKE,0,1,50.0,12205.14,0,0
TXN-SYN-F102159D,CUST0141,2026-09-13 04:45:52,925.5882221372857,SEND_MONEY,31,True,1,True,192.04097573444852,RCV0607,False,5,,,ACCOUNT_TAKEOVER_LIKE,0,0,22342.31,-21416.72,0,0
TXN-SYN-B96C2001,CUST0674,2026-09-13 05:00:58,3000.9386193103883,CASH_IN,22,True,1,True,229.81933022939054,RCV0466,False,3,,AG006,ACCOUNT_TAKEOVER_LIKE,0,0,3000.9386193103883,0.0,0,0
TXN-SYN-DD3A28CD,CUST0301,2026-09-13 05:19:58,255.00596896283577,CASH_OUT,63,True,1,True,407.08456908814605,RCV0559,False,5,,AG011,ACCOUNT_TAKEOVER_LIKE,0,1,7080.6,-6825.6,0,0
TXN-SYN-FC897D17,CUST0784,2026-09-13 05:35:45,490.9216811944521,CASH_OUT,89,True,2,True,132.60330865395892,RCV0397,False,3,,AG029,ACCOUNT_TAKEOVER_LIKE,0,0,27898.12,-27407.2,0,0
TXN-SYN-C174DCBF,CUST0083,2026-09-13 08:09:33,20502.1,SEND_MONEY,260,False,209,False,3.182673111532993,RCV0742,True,0,,,SCAM_LIKE,0,0,14541.78,5960.32,0,0
TXN-SYN-CC44ABE0,CUST0412,2026-09-13 08:09:58,621.61,BILL_PAY,1259,False,1232,False,6.23457124601091,RCV1120,False,0,,,NORMAL,0,0,14012.14,-13390.53,0,0
TXN-SYN-5FD13742,CUST0250,2026-09-13 08:13:27,148.21,SEND_MONEY,1171,False,1156,False,2.5358044231915833,RCV0026,False,0,,,NORMAL,0,0,18242.29,-18094.08,0,0
TXN-SYN-A1FAFBEF,CUST0519,2026-09-13 08:13:37,13749.06,SEND_MONEY,333,False,329,False,2.904848847640389,RCV0732,False,0,,,NORMAL,0,0,7415.34,6333.72,0,0
TXN-SYN-E99B8CE1,CUST0769,2026-09-13 08:16:03,1762.28,CASH_OUT,1491,False,1433,False,6.89261635465955,RCV0252,False,0,,AG016,NORMAL,0,0,3012.04,-1249.76,0,0
TXN-SYN-667D6ECD,CUST0538,2026-09-13 08:21:33,3502.36,CASH_OUT,1362,False,1322,False,1.9275955535070899,RCV0841,False,0,,AG004,NORMAL,0,1,13600.86,-10098.5,0,0
TXN-SYN-C31ED1FA,CUST0554,2026-09-13 08:34:34,2539.12,CASH_IN,1144,False,1126,False,3.54340401666406,RCV1089,False,0,,AG018,NORMAL,0,0,8716.81,-6177.69,0,0
TXN-SYN-0D115255,CUST0360,2026-09-13 08:37:28,86.36,SEND_MONEY,1261,False,1195,False,2.443955764036766,RCV0833,False,0,,,NORMAL,0,0,7148.85,-7062.49,0,0
TXN-SYN-F7280192,CUST0500,2026-09-13 08:46:30,10420.79,CASH_IN,171,False,151,False,0.7244688779455888,RCV0116,False,0,,AG013,NORMAL,0,0,802.45,9618.34,0,0
TXN-SYN-16565F03,CUST0380,2026-09-13 08:53:29,6834.49,SEND_MONEY,306,False,234,False,1.4296657186856154,RCV0065,False,0,,,NORMAL,0,0,7224.84,-390.35,0,0
TXN-SYN-9308FE06,CUST0044,2026-09-13 09:07:15,30093.64,SEND_MONEY,680,False,641,False,1.1583465834136975,RCV0919,False,0,,,NORMAL,0,0,30093.64,0.0,0,0
TXN-SYN-65C424A5,CUST0573,2026-09-13 09:09:01,376.99,SEND_MONEY,126,False,59,False,3.5562199925756555,RCV1157,False,0,,,NORMAL,0,0,8286.61,-7909.62,0,0
TXN-SYN-39EC5E37,CUST0150,2026-09-13 09:13:59,253.1,MERCHANT_PAYMENT,443,False,379,False,1.000123803565569,RCV0110,False,0,M027,,NORMAL,0,0,17253.64,-17000.54,0,0
TXN-SYN-C0A56100,CUST0502,2026-09-13 09:14:32,6160.88,CASH_OUT,485,False,477,False,3.8133512760891275,RCV0505,False,0,,AG008,NORMAL,0,0,13500.64,-7339.76,0,0
TXN-SYN-0F2DADB1,CUST0754,2026-09-13 09:22:41,8649.05,MOBILE_RECHARGE,966,False,941,False,7.158249646820885,RCV0185,False,0,,,NORMAL,0,0,166.8,8482.25,0,0
TXN-SYN-88A609E5,CUST0447,2026-09-13 09:35:23,1299.32,CASH_OUT,886,False,847,False,2.049610188775588,RCV1017,False,0,,AG017,NORMAL,0,0,4295.31,-2995.99,0,0
TXN-SYN-46417F94,CUST0236,2026-09-13 09:46:28,1346.65,CASH_OUT,668,False,626,False,2.083422679210112,RCV1056,False,0,,AG021,NORMAL,0,0,1327.34,19.31,0,0
TXN-SYN-4B1F4DFF,CUST0334,2026-09-13 09:53:19,1310.14,CASH_OUT,1226,False,1149,False,4.236219177212696,RCV0578,False,0,,AG010,NORMAL,0,0,632.07,678.07,0,0
TXN-SYN-94218851,CUST0733,2026-09-13 09:54:55,2861.04,MOBILE_RECHARGE,272,False,184,False,4.769477661895348,RCV0946,False,2,,,NORMAL,0,0,3231.54,-370.5,0,0
TXN-SYN-E75E716A,CUST0157,2026-09-13 09:55:47,17112.21,SEND_MONEY,369,True,281,False,1.6536083718035954,RCV0817,True,2,,AG007,SCAM_LIKE,0,0,1639.34,15472.87,0,0
TXN-SYN-CC1FFA04,CUST0406,2026-09-13 10:01:39,10946.58,SEND_MONEY,326,False,316,False,2.92516425476252,RCV0389,False,0,,,NORMAL,0,0,666.53,10280.05,0,0
TXN-SYN-183133D5,CUST0352,2026-09-13 10:41:51,600.23,MERCHANT_PAYMENT,358,False,354,False,5.182797206887111,RCV1080,False,0,M009,,NORMAL,0,0,600.23,0.0,0,0
TXN-SYN-C0B30CD6,CUST0645,2026-09-13 10:55:43,783.23,BILL_PAY,423,False,384,False,7.16606298960031,RCV0324,False,0,,,NORMAL,0,2,12034.89,-11251.66,0,1
TXN-SYN-77CC0C6D,CUST0170,2026-09-13 10:56:45,1705.58,SEND_MONEY,304,False,296,False,7.828739297791954,RCV1055,False,0,,,NORMAL,0,0,2918.22,-1212.64,0,0
TXN-SYN-00C49976,CUST0014,2026-09-13 11:05:31,34534.81,SEND_MONEY,785,False,708,False,4.384670805648188,RCV0997,True,0,,AG019,MULE_LIKE,0,0,34534.81,0.0,0,0
TXN-SYN-015EB6DB,CUST0362,2026-09-13 11:17:53,5390.46,SEND_MONEY,438,False,392,False,3.2945343595754037,RCV0497,False,0,,,NORMAL,0,0,31261.34,-25870.88,0,0
TXN-SYN-FF5AF699,CUST0358,2026-09-13 11:21:33,4214.24,SEND_MONEY,744,False,678,False,6.043266122968982,RCV1174,False,0,,,NORMAL,0,0,9705.04,-5490.8,0,0
TXN-SYN-54CCE805,CUST0192,2026-09-13 11:22:14,2693.65,BILL_PAY,531,False,456,False,5.479346898991778,RCV0896,False,0,,,NORMAL,0,0,5666.72,-2973.07,0,0
TXN-SYN-E1DF0F6D,CUST0499,2026-09-13 11:27:52,183.51,CASH_OUT,1253,False,1237,False,3.5976346169672646,RCV1045,False,0,,AG021,NORMAL,0,0,23030.8,-22847.29,0,0
TXN-SYN-1DCF2435,CUST0255,2026-09-13 11:41:47,1774.26,MERCHANT_PAYMENT,370,False,311,False,2.9575283462032944,RCV0306,False,0,M001,,NORMAL,0,0,10304.11,-8529.85,0,0
TXN-SYN-2EC23795,CUST0020,2026-09-13 11:48:04,1391.29,CASH_OUT,332,False,281,False,6.581747595137903,RCV0539,False,0,,AG019,NORMAL,0,0,2391.66,-1000.37,0,0
TXN-SYN-9A038741,CUST0064,2026-09-13 11:55:01,8668.51,SEND_MONEY,213,True,182,False,4.869534301396335,RCV0254,True,0,,AG010,SCAM_LIKE,0,0,3091.18,5577.33,0,0
TXN-SYN-19FA99CB,CUST0683,2026-09-13 12:00:34,354.5,MERCHANT_PAYMENT,1312,False,1263,False,1.2433657343946525,RCV0185,False,0,M038,,NORMAL,0,0,981.2,-626.7,0,0
TXN-SYN-FD6FDE97,CUST0296,2026-09-13 12:02:36,780.59,SEND_MONEY,591,False,583,False,6.486830449042335,RCV0668,False,0,,,NORMAL,0,0,13994.94,-13214.35,0,0
TXN-SYN-CD8BFCF8,CUST0235,2026-09-13 12:10:44,902.33,SEND_MONEY,1224,False,1139,False,5.9493484349737304,RCV0769,False,0,,,NORMAL,0,0,3881.62,-2979.3,0,0
TXN-SYN-B7666D57,CUST0568,2026-09-13 12:11:44,2365.92,MERCHANT_PAYMENT,1085,False,1042,False,4.5549020828308,RCV0701,False,0,M019,,NORMAL,0,0,9500.94,-7135.02,0,0
TXN-SYN-B6DAE2DC,CUST0623,2026-09-13 12:12:56,330.55,MOBILE_RECHARGE,970,False,912,False,7.288663524779126,RCV0252,False,0,,,NORMAL,0,0,17093.77,-16763.22,0,0
TXN-SYN-DC2CF7A7,CUST0098,2026-09-13 12:14:51,9899.47,SEND_MONEY,332,False,323,False,7.779849715709368,RCV0943,False,0,,,NORMAL,0,1,6895.06,3004.4,0,0
TXN-SYN-A85BD268,CUST0233,2026-09-13 12:21:56,20936.25,SEND_MONEY,303,False,215,False,4.79916405521262,RCV0997,True,0,M040,,MULE_LIKE,0,0,6666.13,14270.12,0,0
TXN-SYN-2C4D2D5C,CUST0449,2026-09-13 12:24:21,16882.61,SEND_MONEY,1188,True,1171,False,9.872761293149445,RCV0009,True,0,,,SCAM_LIKE,0,0,16882.61,0.0,0,0
TXN-SYN-915C0ADF,CUST0799,2026-09-13 12:27:13,716.57,MERCHANT_PAYMENT,1455,False,1443,False,2.7320350605023247,RCV0805,False,0,M042,,NORMAL,0,0,1331.59,-615.02,0,0
TXN-SYN-AD1E636C,CUST0266,2026-09-13 12:38:11,2363.98,BILL_PAY,797,False,727,False,0.691753403700841,RCV0474,False,0,,,NORMAL,0,0,1857.28,506.7,0,0
TXN-SYN-82311EF8,CUST0123,2026-09-13 12:55:43,9287.5,SEND_MONEY,419,False,383,False,9.711055083647546,RCV0487,False,0,,,NORMAL,0,0,11858.96,-2571.46,0,0
TXN-SYN-C543D209,CUST0005,2026-09-13 13:19:11,26693.88,SEND_MONEY,220,False,167,False,3.5447225043835418,RCV1133,True,0,,AG019,MULE_LIKE,0,0,9696.15,16997.73,0,0
TXN-SYN-C55EF5DE,CUST0638,2026-09-13 13:19:24,22309.15,SEND_MONEY,296,True,290,False,4.2377330299757805,RCV0984,True,0,,,SCAM_LIKE,0,0,10970.74,11338.41,0,0
TXN-SYN-335ED5E0,CUST0327,2026-09-13 13:21:26,25063.6,BILL_PAY,338,False,258,False,9.213975880001964,RCV0162,False,0,,,NORMAL,0,0,7065.94,17997.66,0,0
TXN-SYN-BDD6B4F8,CUST0646,2026-09-13 13:26:06,3044.56,MERCHANT_PAYMENT,1270,False,1249,False,1.8785398815324372,RCV0877,False,0,M018,,NORMAL,0,0,15909.01,-12864.45,0,0
TXN-SYN-D4AB81A7,CUST0677,2026-09-13 13:31:17,853.86,CASH_OUT,1340,False,1280,False,4.842844968537162,RCV0053,False,0,,AG007,NORMAL,0,0,2380.05,-1526.19,0,0
TXN-SYN-E8525253,CUST0380,2026-09-13 13:34:32,473.64,BILL_PAY,1043,False,954,False,4.87343671142984,RCV0668,False,0,,,NORMAL,0,1,7029.66,-6556.02,0,0
TXN-SYN-A81831BA,CUST0152,2026-09-13 13:46:27,9713.77,CASH_OUT,765,False,745,False,5.185474310440127,RCV0490,False,0,,AG023,NORMAL,0,0,6877.33,2836.44,0,0
TXN-SYN-E3E5927D,CUST0495,2026-09-13 14:11:25,11377.25,SEND_MONEY,354,False,287,False,8.386088875339622,RCV0998,True,0,,AG009,MULE_LIKE,0,0,17948.68,-6571.42,0,0
TXN-SYN-598A2022,CUST0618,2026-09-13 14:21:14,94.3,MOBILE_RECHARGE,1160,False,1149,False,3.682965207338712,RCV0150,False,0,,,NORMAL,0,0,17227.23,-17132.93,0,0
TXN-SYN-C59C11DF,CUST0597,2026-09-13 14:21:26,891.09,SEND_MONEY,163,False,134,False,5.155706152187145,RCV0071,False,0,,,NORMAL,0,0,12808.98,-11917.89,0,0
TXN-SYN-B0FFA368,CUST0227,2026-09-13 14:32:15,32275.22,SEND_MONEY,1302,False,1217,False,8.253779778689717,RCV0997,True,2,,,MULE_LIKE,0,0,9363.54,22911.68,0,0
TXN-SYN-2FDE06AA,CUST0645,2026-09-13 14:36:11,141.5,SEND_MONEY,785,False,774,False,2.677669612982412,RCV0265,False,0,,,NORMAL,0,2,10159.61,-10018.11,0,1
TXN-SYN-51A5491D,CUST0277,2026-09-13 14:36:40,17286.76,SEND_MONEY,750,False,681,False,0.8843758733550244,RCV0714,False,1,,,NORMAL,0,0,15686.74,1600.02,0,0
TXN-SYN-0DA589F9,CUST0038,2026-09-13 14:39:13,25980.26,SEND_MONEY,533,False,505,False,2.6729508207650454,RCV0208,True,0,,AG008,MULE_LIKE,0,0,65098.74,-39118.48,0,0
TXN-SYN-5EA16C63,CUST0101,2026-09-13 14:41:28,213.38,SEND_MONEY,506,False,462,False,8.414480255830602,RCV0010,False,0,,,NORMAL,0,0,43323.95,-43110.57,0,0
TXN-SYN-8AEADEFE,CUST0145,2026-09-13 14:47:13,1285.76,BILL_PAY,1199,False,1156,False,0.6893270212408908,RCV0229,False,0,,,NORMAL,0,0,16742.36,-15456.6,0,0
TXN-SYN-8D8544CD,CUST0096,2026-09-13 14:51:07,1508.68,SEND_MONEY,1103,False,1045,False,5.033212592453877,RCV0276,False,0,,,NORMAL,0,0,3093.87,-1585.19,0,0
TXN-SYN-575B3828,CUST0076,2026-09-13 14:57:27,132.9,CASH_IN,925,False,907,False,0.5345871260481816,RCV0815,False,0,,AG012,NORMAL,0,0,844.71,-711.81,0,0
TXN-SYN-BA0300C8,CUST0491,2026-09-13 15:04:28,15609.69,SEND_MONEY,269,False,261,False,8.218600592903563,RCV0912,False,0,,,NORMAL,0,0,150.67,15459.02,0,0
TXN-SYN-39F5D6E8,CUST0349,2026-09-13 15:04:50,10561.72,SEND_MONEY,1211,False,1197,False,9.447569058520918,RCV0644,False,0,,,NORMAL,0,1,3885.15,6676.57,0,0
TXN-SYN-88578262,CUST0072,2026-09-13 15:12:29,571.16,MERCHANT_PAYMENT,1222,False,1209,False,0.7680699609791575,RCV0415,False,0,M032,,NORMAL,0,1,20834.9,-20263.74,0,0
TXN-SYN-E76193FF,CUST0227,2026-09-13 15:20:06,32136.05,SEND_MONEY,1423,False,1380,False,6.806128120674648,RCV0516,True,0,,AG012,MULE_LIKE,1,1,12636.63,19499.42,0,0
TXN-SYN-C7AA0363,CUST0794,2026-09-13 15:39:49,4043.67,SEND_MONEY,1377,False,1291,False,5.479576118578754,RCV0074,False,0,,,NORMAL,0,0,7823.26,-3779.59,0,0
TXN-SYN-941482B1,CUST0224,2026-09-13 15:40:44,529.81,CASH_OUT,1023,False,1002,False,7.428981385211336,RCV0689,False,0,,AG017,NORMAL,0,0,1624.42,-1094.61,0,0
TXN-SYN-9CA6A5CD,CUST0648,2026-09-13 15:42:02,4066.44,SEND_MONEY,925,False,895,False,2.197644577228308,RCV0130,False,0,,,NORMAL,0,1,10635.52,-6569.07,0,1
TXN-SYN-01703733,CUST0629,2026-09-13 15:42:32,9849.44,CASH_IN,702,False,622,False,7.84466791366881,RCV0122,False,0,,AG025,NORMAL,0,0,7573.8,2275.64,0,0
TXN-SYN-97B9E3C5,CUST0321,2026-09-13 15:45:33,7715.67,CASH_OUT,307,False,222,False,9.582665063990229,RCV0906,False,0,,AG028,NORMAL,0,0,6783.06,932.61,0,0
TXN-SYN-C49266FE,CUST0117,2026-09-13 15:46:03,321.98,CASH_OUT,1047,False,992,False,5.022883474625301,RCV0805,False,0,,AG028,NORMAL,0,0,5312.58,-4990.6,0,0
TXN-SYN-2F690742,CUST0342,2026-09-13 15:50:46,8849.74,CASH_OUT,276,False,212,False,1.1058634396395473,RCV0155,False,0,,AG002,NORMAL,0,1,5275.57,3574.17,0,0
TXN-SYN-AECAF51D,CUST0287,2026-09-13 15:57:03,50.0,SEND_MONEY,729,False,641,False,2.231517637532404,RCV0792,False,0,,,NORMAL,0,0,50.0,0.0,0,0
TXN-SYN-0F3148DC,CUST0415,2026-09-13 15:57:30,1564.69,CASH_OUT,507,False,484,False,0.3557086703554835,RCV0939,False,0,,AG007,NORMAL,0,0,18477.52,-16912.83,0,0
TXN-SYN-6745734B,CUST0770,2026-09-13 16:10:39,296.77,BILL_PAY,939,False,907,False,7.584688946988623,RCV0278,False,0,,,NORMAL,0,1,19534.0,-19237.23,0,0
TXN-SYN-7652C10F,CUST0353,2026-09-13 16:13:57,371.72,CASH_IN,818,False,764,False,3.5908527059202267,RCV0695,False,1,,AG017,NORMAL,0,0,535.05,-163.33,0,0
TXN-SYN-A8489274,CUST0201,2026-09-13 16:18:08,6978.48,SEND_MONEY,864,False,777,False,9.384476404104076,RCV0919,False,0,,,NORMAL,0,0,6978.48,0.0,0,0
TXN-SYN-971D8103,CUST0765,2026-09-13 16:18:22,1123.8,MOBILE_RECHARGE,343,False,316,False,6.563638108010069,RCV0806,False,0,,,NORMAL,0,0,3149.74,-2025.94,0,0
TXN-SYN-306F4C59,CUST0175,2026-09-13 16:29:43,496.63,SEND_MONEY,1231,False,1199,False,7.393443329553049,RCV0409,False,0,,,NORMAL,0,0,15347.24,-14850.61,0,0
TXN-SYN-D56FDF49,CUST0402,2026-09-13 16:33:45,278.19,CASH_IN,718,False,695,False,1.1905076493791866,RCV0872,False,2,,AG014,NORMAL,0,0,278.19,0.0,0,0
TXN-SYN-01B2CB62,CUST0339,2026-09-13 16:36:53,2937.81,SEND_MONEY,211,False,167,False,4.88177675310814,RCV0346,False,0,,,NORMAL,0,0,8730.7,-5792.89,0,0
TXN-SYN-F7D26FE6,CUST0758,2026-09-13 16:37:19,810.59,BILL_PAY,409,False,352,False,4.253530187974589,RCV0884,False,0,,,NORMAL,0,0,3764.84,-2954.24,0,0
TXN-SYN-F4B93D24,CUST0251,2026-09-13 16:45:12,4142.44,SEND_MONEY,1454,False,1453,False,0.8470081468131563,RCV0429,False,0,,,NORMAL,0,0,199.76,3942.68,0,0
TXN-SYN-E65932F8,CUST0402,2026-09-13 16:46:20,90.58,CASH_OUT,141,False,103,False,1.8704268523871437,RCV0575,False,0,,AG010,NORMAL,1,1,278.19,-187.61,0,0
TXN-SYN-A07900BD,CUST0213,2026-09-13 16:51:20,5225.27,BILL_PAY,629,False,593,False,8.485767073958003,RCV0408,False,0,,,NORMAL,0,0,9160.92,-3935.65,0,0
TXN-SYN-4F77E843,CUST0697,2026-09-13 17:11:30,4795.42,MERCHANT_PAYMENT,561,False,536,False,1.896192366998316,RCV0492,False,2,M038,,NORMAL,0,1,11595.31,-6799.89,0,1
TXN-SYN-414AFFCB,CUST0422,2026-09-13 17:14:24,21175.5,CASH_IN,1418,False,1388,False,3.415830522895853,RCV0852,False,2,,AG018,NORMAL,0,0,548.5,20627.0,0,0
TXN-SYN-5B0FCDCA,CUST0194,2026-09-13 17:28:19,254.84,BILL_PAY,1144,False,1081,False,2.9639200687528344,RCV0227,False,0,,,NORMAL,0,0,254.84,0.0,0,0
TXN-SYN-8DE798D8,CUST0582,2026-09-13 17:39:55,1277.18,SEND_MONEY,216,False,165,False,7.7052527930763,RCV0431,False,0,,,NORMAL,0,1,5296.84,-4019.66,0,0
TXN-SYN-198A7D62,CUST0515,2026-09-13 17:44:08,1101.16,MERCHANT_PAYMENT,1128,False,1101,False,9.754382898535706,RCV0959,False,0,M022,,NORMAL,0,0,13179.9,-12078.74,0,0
TXN-SYN-90A3D967,CUST0422,2026-09-13 18:04:43,1260.02,SEND_MONEY,1161,False,1103,False,6.156142918041977,RCV0971,False,0,,,NORMAL,1,1,5705.25,-4445.23,0,0
TXN-SYN-F31A8CB5,CUST0052,2026-09-13 18:09:37,169.07,SEND_MONEY,185,False,133,False,3.5402972126192447,RCV0502,False,0,,,NORMAL,0,0,1912.26,-1743.19,0,0
TXN-SYN-B5F5F87D,CUST0163,2026-09-13 18:13:06,329.21,MOBILE_RECHARGE,809,False,798,False,3.235304124854915,RCV0147,False,0,,,NORMAL,0,0,15554.87,-15225.66,0,0
TXN-SYN-4F3B8747,CUST0242,2026-09-13 18:16:34,2415.6,CASH_OUT,304,False,228,False,5.8785641599894065,RCV0500,False,0,,AG008,NORMAL,0,0,14648.54,-12232.94,0,0
TXN-SYN-43D3AEB1,CUST0613,2026-09-13 18:29:04,2395.88,MERCHANT_PAYMENT,976,False,938,False,2.6008513613644633,RCV0468,False,0,M003,,NORMAL,0,0,1694.92,700.96,0,0
TXN-SYN-97222CCA,CUST0776,2026-09-13 18:31:36,20279.21,SEND_MONEY,622,False,565,False,6.466404474267973,RCV0999,True,0,,,MULE_LIKE,0,0,1324.98,18954.23,0,0
TXN-SYN-DD8A136A,CUST0728,2026-09-13 18:33:05,6655.01,SEND_MONEY,108,False,105,False,3.3644869262902635,RCV0526,True,0,M049,,SCAM_LIKE,0,0,6705.93,-50.92,0,0
TXN-SYN-071813E1,CUST0335,2026-09-13 19:07:10,49615.91,SEND_MONEY,384,False,303,False,5.729932782532224,RCV0998,True,2,,AG002,MULE_LIKE,0,0,1223.39,48392.52,0,0
TXN-SYN-EB643D75,CUST0774,2026-09-13 19:07:36,1669.82,CASH_OUT,815,False,778,False,1.595992463331658,RCV0243,False,0,,AG012,NORMAL,0,0,16848.93,-15179.11,0,0
TXN-SYN-19219D37,CUST0786,2026-09-13 19:07:51,19301.65,SEND_MONEY,1209,False,1158,False,4.920544893824006,RCV1125,True,0,,,MULE_LIKE,0,0,6196.36,13105.29,0,0
TXN-SYN-78E69447,CUST0594,2026-09-13 19:38:22,14612.96,SEND_MONEY,100,False,50,False,3.3631272750495556,RCV1048,True,0,,,SCAM_LIKE,0,0,9911.98,4700.98,0,0
TXN-SYN-99BAE688,CUST0052,2026-09-13 19:55:23,1153.58,SEND_MONEY,1065,False,1054,False,6.241476228698323,RCV1022,False,0,,,NORMAL,0,1,1563.62,-410.04,0,0
TXN-SYN-2951B642,CUST0045,2026-09-13 19:56:33,2539.36,BILL_PAY,1103,False,1102,False,7.445070366477196,RCV0226,False,0,,,NORMAL,0,0,18645.53,-16106.17,0,0
TXN-SYN-5360F7D4,CUST0363,2026-09-13 20:02:58,109.41,SEND_MONEY,995,False,914,False,6.0639334595820795,RCV1078,False,0,,,NORMAL,0,0,7336.26,-7226.85,0,0
TXN-SYN-3E98FDC3,CUST0798,2026-09-13 20:14:50,341.23,MERCHANT_PAYMENT,632,False,571,False,6.203378054437996,RCV0320,False,0,M012,,NORMAL,0,0,4269.09,-3927.86,0,0
TXN-SYN-A1A36DF5,CUST0396,2026-09-13 20:20:59,759.83,BILL_PAY,824,False,757,False,4.278501507046225,RCV0085,False,0,,,NORMAL,0,1,16507.06,-15747.23,0,1
TXN-SYN-1E3CE3EC,CUST0155,2026-09-13 20:21:21,16709.72,SEND_MONEY,1006,False,959,False,6.06216642220766,RCV0667,True,0,,,SCAM_LIKE,0,0,7800.7,8909.02,0,0
TXN-SYN-44A96EE3,CUST0379,2026-09-13 20:24:33,2495.06,CASH_OUT,1082,False,1080,False,7.471991062647437,RCV0256,False,0,,AG017,NORMAL,0,0,13614.62,-11119.56,0,0
TXN-SYN-3FB91984,CUST0411,2026-09-13 20:24:34,96.68,SEND_MONEY,1345,False,1345,False,0.9152999208409918,RCV0932,False,0,,,NORMAL,0,0,268.43,-171.75,0,0
TXN-SYN-055B87C1,CUST0023,2026-09-13 20:26:44,4026.24,SEND_MONEY,456,False,432,False,8.614748123426942,RCV0556,False,0,,,NORMAL,0,0,2343.48,1682.75,0,0
TXN-SYN-11F9ABDF,CUST0418,2026-09-13 20:35:40,6316.18,MERCHANT_PAYMENT,650,False,567,False,9.259288904032438,RCV0317,False,2,M021,,NORMAL,0,0,427.74,5888.44,0,0
TXN-SYN-5FD6FACB,CUST0644,2026-09-13 20:38:55,104.95,CASH_OUT,1463,False,1418,False,2.2295917910234397,RCV0078,False,0,,AG005,NORMAL,0,0,104.95,0.0,0,0
TXN-SYN-F4B92759,CUST0352,2026-09-13 20:39:25,726.07,SEND_MONEY,395,False,393,False,8.517909115713563,RCV1167,False,0,,,NORMAL,0,1,600.23,125.84,0,0
TXN-SYN-FED0F4B6,CUST0234,2026-09-13 20:42:34,224.97,SEND_MONEY,839,False,824,False,3.6304232003277246,RCV0423,False,0,,,NORMAL,0,0,5208.32,-4983.35,0,0
TXN-SYN-28F531B5,CUST0590,2026-09-13 20:44:29,1244.09,CASH_OUT,1228,False,1188,False,1.6392026204694488,RCV0901,False,0,,AG011,NORMAL,0,0,1244.09,0.0,0,0
TXN-SYN-61A0A667,CUST0359,2026-09-13 20:47:50,1711.13,SEND_MONEY,491,False,421,False,7.688066955890585,RCV0933,False,1,,,NORMAL,0,1,17401.26,-15690.13,0,0
TXN-SYN-C1605F4E,CUST0744,2026-09-13 20:57:27,1572.81,SEND_MONEY,176,False,154,False,8.222971282932438,RCV0091,False,0,,,NORMAL,0,0,7874.67,-6301.86,0,0
TXN-SYN-7199AFC8,CUST0728,2026-09-13 21:02:53,3488.7,CASH_OUT,1092,False,1046,False,3.3738084548314564,RCV0199,False,0,,AG025,NORMAL,0,1,6688.96,-3200.26,0,0
TXN-SYN-A85A02CF,CUST0311,2026-09-13 21:05:53,308.8,SEND_MONEY,1467,False,1454,False,7.023064769389863,RCV0101,False,0,,,NORMAL,0,0,370.06,-61.26,0,0
TXN-SYN-64AB7FA0,CUST0636,2026-09-13 21:09:20,12687.01,SEND_MONEY,203,True,163,False,6.525993909814601,RCV0018,True,0,,,SCAM_LIKE,0,0,5142.19,7544.82,0,0
TXN-SYN-E532723D,CUST0259,2026-09-13 21:10:25,739.61,SEND_MONEY,1095,False,1090,False,7.457825709752726,RCV0014,False,0,,,NORMAL,0,0,5522.82,-4783.21,0,0
TXN-SYN-31A0D850,CUST0464,2026-09-13 21:13:25,368.64,SEND_MONEY,1140,False,1137,False,6.455309491988426,RCV1037,False,0,,,NORMAL,0,0,18720.43,-18351.79,0,0
TXN-SYN-92519F80,CUST0448,2026-09-13 21:14:20,368.02,SEND_MONEY,1485,False,1421,False,5.893789617132055,RCV0177,False,0,,,NORMAL,0,0,1254.6,-886.58,0,0
TXN-SYN-23283A3A,CUST0291,2026-09-13 21:18:10,6211.27,CASH_IN,849,False,838,False,8.77215753935406,RCV0425,False,0,,AG014,NORMAL,0,0,22641.74,-16430.47,0,0
TXN-SYN-A5792874,CUST0332,2026-09-13 21:23:48,1699.08,MERCHANT_PAYMENT,712,False,626,False,4.767255651922064,RCV1135,False,0,M034,,NORMAL,0,0,6265.14,-4566.06,0,0
TXN-SYN-F22A1336,CUST0664,2026-09-13 21:32:47,21938.12,SEND_MONEY,445,False,386,False,9.605795262105577,RCV0998,True,0,M001,,MULE_LIKE,0,0,13484.45,8453.67,0,0
TXN-SYN-0727714B,CUST0727,2026-09-13 21:39:27,19644.91,SEND_MONEY,1327,True,1255,False,6.334619255033205,RCV0649,True,0,,AG024,SCAM_LIKE,0,0,16747.51,2897.4,0,0
TXN-SYN-F5BFCB3D,CUST0443,2026-09-13 21:47:18,6325.37,CASH_IN,1425,False,1398,False,8.217102286255342,RCV0029,False,0,,AG004,NORMAL,0,0,12300.18,-5974.81,0,0
TXN-SYN-012049D3,CUST0632,2026-09-13 21:49:50,19376.23,SEND_MONEY,235,False,188,False,0.22128674421581618,RCV0345,True,0,,AG000,MULE_LIKE,0,0,9738.14,9638.08,0,0
TXN-SYN-4BE81FA0,CUST0762,2026-09-13 21:50:47,96612.14,MOBILE_RECHARGE,505,False,451,False,3.039081363818216,RCV0749,False,0,,,NORMAL,0,0,4204.13,92408.01,0,0
TXN-SYN-976817CF,CUST0622,2026-09-13 21:59:16,498.94,CASH_IN,855,False,818,False,2.159034169831997,RCV0061,False,0,,AG012,NORMAL,0,0,3678.86,-3179.92,0,0
TXN-SYN-E6A912B9,CUST0234,2026-09-13 22:25:56,39910.3,CASH_OUT,962,False,935,True,99.58554351727608,RCV0619,False,0,M003,AG002,CASH_OUT_RISK,0,1,2716.64,37193.66,0,0
TXN-SYN-60F84EEF,CUST0710,2026-09-13 22:38:14,21438.16,CASH_OUT,197,False,197,True,85.62760120380244,RCV0262,False,0,,AG017,CASH_OUT_RISK,0,0,18350.78,3087.38,0,0
TXN-SYN-C19E6F12,CUST0280,2026-09-13 22:46:48,26535.66,CASH_OUT,257,False,228,True,83.22646073383626,RCV0301,False,0,,AG024,CASH_OUT_RISK,0,0,46895.06,-20359.4,0,0
TXN-SYN-FC8290CA,CUST0459,2026-09-13 23:03:32,33644.91,CASH_OUT,1097,False,1074,True,70.76279466928861,RCV0949,False,0,,AG021,CASH_OUT_RISK,0,0,47100.14,-13455.23,0,0
TXN-SYN-938C0841,CUST0628,2026-09-13 23:12:26,21908.5,CASH_OUT,1032,False,972,True,20.321968927751133,RCV0821,False,0,,AG007,CASH_OUT_RISK,0,0,66.47,21842.03,0,0
TXN-SYN-E3DDD95C,CUST0050,2026-09-13 23:19:02,22820.88,CASH_OUT,1462,False,1399,True,35.923553977548515,RCV0174,False,0,,AG015,CASH_OUT_RISK,0,0,483.0,22337.88,0,0
TXN-SYN-30306F6A,CUST0315,2026-09-13 23:27:52,47671.88,CASH_OUT,1325,False,1264,True,30.29689655002472,RCV0135,False,0,,AG024,CASH_OUT_RISK,0,0,433.52,47238.36,0,0
TXN-SYN-AEFC56C4,CUST0444,2026-09-13 23:29:09,40530.14,CASH_OUT,732,False,665,True,89.26141883309162,RCV0265,False,0,,AG009,CASH_OUT_RISK,0,0,2977.57,37552.57,0,0
TXN-SYN-AC83F9A6,CUST0021,2026-09-13 23:33:24,48146.25,CASH_OUT,439,False,412,True,93.83325948425713,RCV0059,False,0,,AG024,CASH_OUT_RISK,0,0,25595.72,22550.53,0,0
TXN-SYN-777E8E49,CUST0702,2026-09-13 23:37:25,35961.57,CASH_OUT,1072,False,1071,True,81.29203798424987,RCV0651,False,0,,AG020,CASH_OUT_RISK,0,0,16006.24,19955.33,0,0
TXN-SYN-DCD4ABE4,CUST0780,2026-09-13 23:39:20,46109.39,CASH_OUT,373,False,323,True,44.509377928094914,RCV0658,False,2,,AG015,CASH_OUT_RISK,0,0,172.04,45937.35,0,0
TXN-SYN-67ACFD13,CUST0295,2026-09-13 23:44:19,48773.07,CASH_OUT,105,False,83,True,46.642981124379205,RCV0197,False,0,,AG015,CASH_OUT_RISK,0,0,2610.32,46162.75,0,0
TXN-SYN-F026A4BD,CUST0156,2026-09-13 23:59:02,24444.81,CASH_OUT,679,False,646,True,60.02184246679591,RCV1029,False,0,,AG004,CASH_OUT_RISK,0,0,14135.52,10309.29,0,0
TXN-SYN-956FA6E7,CUST0676,2026-09-14 00:11:51,5153.192094274621,MERCHANT_PAYMENT,20,True,1,True,148.63991152523207,RCV0397,False,4,M046,,ACCOUNT_TAKEOVER_LIKE,0,0,1276.17,3877.03,0,0
TXN-SYN-861D0104,CUST0303,2026-09-14 00:13:51,3020.8590304572836,SEND_MONEY,35,True,0,True,70.05651832068386,RCV0763,False,5,,,ACCOUNT_TAKEOVER_LIKE,0,1,730.79,2290.07,0,0
TXN-SYN-C9C6D3FC,CUST0799,2026-09-14 00:25:06,1400.5028716495005,SEND_MONEY,42,True,1,True,68.98235752988026,RCV0627,False,2,,,ACCOUNT_TAKEOVER_LIKE,0,1,1024.08,376.42,0,0
TXN-SYN-8368E8F1,CUST0578,2026-09-14 01:15:55,5620.241623589861,SEND_MONEY,32,True,2,True,171.37265183714248,RCV0234,False,5,,,ACCOUNT_TAKEOVER_LIKE,0,0,5620.241623589861,0.0,0,0
TXN-SYN-35579564,CUST0473,2026-09-14 01:27:11,33723.6,CASH_OUT,975,False,919,True,55.196830116976976,RCV0474,False,0,,AG024,CASH_OUT_RISK,0,0,5784.69,27938.91,0,0
TXN-SYN-2378C10B,CUST0698,2026-09-14 01:41:25,81240.35471208484,CASH_IN,41,True,0,True,494.41358369235854,RCV0522,False,5,,AG027,ACCOUNT_TAKEOVER_LIKE,0,0,4831.26,76409.1,0,0
TXN-SYN-0D942953,CUST0003,2026-09-14 01:50:24,38934.08,CASH_OUT,225,False,217,True,47.05233451892967,RCV0448,False,0,,AG014,CASH_OUT_RISK,0,0,24079.12,14854.96,0,0
TXN-SYN-36A729D2,CUST0241,2026-09-14 01:50:27,16845.69,CASH_OUT,762,False,731,True,47.43572491872256,RCV0382,False,0,M032,AG025,CASH_OUT_RISK,0,0,23587.22,-6741.53,0,0
TXN-SYN-5B7D5EDE,CUST0190,2026-09-14 02:29:48,26113.7,CASH_OUT,1257,False,1246,True,41.64799826668219,RCV0206,False,2,,AG023,CASH_OUT_RISK,0,0,9835.93,16277.77,0,0
TXN-SYN-7B960CD5,CUST0074,2026-09-14 02:37:41,40220.08,CASH_OUT,986,False,926,True,66.4187058748264,RCV0137,False,0,,AG023,CASH_OUT_RISK,0,0,14544.27,25675.81,0,0
TXN-SYN-57B1276F,CUST0644,2026-09-14 03:08:22,3356.0370520302613,CASH_IN,24,True,1,True,190.87550924737536,RCV1102,False,3,,AG022,ACCOUNT_TAKEOVER_LIKE,0,1,104.95,3251.09,0,1
TXN-SYN-3C9683BA,CUST0785,2026-09-14 03:23:59,25295.88,CASH_OUT,1432,False,1425,True,83.7438262291222,RCV0491,False,0,,AG006,CASH_OUT_RISK,0,0,783.05,24512.83,0,0
TXN-SYN-C5EA0B4C,CUST0542,2026-09-14 03:36:26,836.0251790437695,SEND_MONEY,91,True,2,True,328.86313493193364,RCV0292,False,5,,,ACCOUNT_TAKEOVER_LIKE,0,0,13482.21,-12646.19,0,0
TXN-SYN-E27C69E3,CUST0265,2026-09-14 03:38:32,2146.992858074159,SEND_MONEY,17,True,0,True,492.01673354181617,RCV0398,False,4,,,ACCOUNT_TAKEOVER_LIKE,0,0,1917.16,229.83,0,0
TXN-SYN-BFC58037,CUST0779,2026-09-14 03:40:58,32512.58,CASH_OUT,387,False,377,True,33.388562578942484,RCV1136,False,0,,AG017,CASH_OUT_RISK,0,0,14544.85,17967.73,0,0
TXN-SYN-96BDA241,CUST0421,2026-09-14 03:43:44,30593.96,CASH_OUT,545,False,464,True,33.259982385612474,RCV0014,False,0,,AG029,CASH_OUT_RISK,0,0,2876.93,27717.03,0,0
TXN-SYN-D5AFDB46,CUST0162,2026-09-14 03:46:43,27788.21,CASH_OUT,1277,False,1273,True,44.45783994425835,RCV0274,False,0,,AG027,CASH_OUT_RISK,0,0,2109.37,25678.84,0,0
TXN-SYN-A8F122A8,CUST0593,2026-09-14 05:37:38,2308.2300433414603,CASH_IN,84,True,2,True,260.80057366580627,RCV0847,False,2,,AG007,ACCOUNT_TAKEOVER_LIKE,0,0,9788.96,-7480.73,0,0
TXN-SYN-5722F8EF,CUST0640,2026-09-14 05:42:30,1986.6469318187492,CASH_OUT,17,True,0,True,89.93352493630135,RCV0561,False,2,,AG009,ACCOUNT_TAKEOVER_LIKE,0,0,8862.61,-6875.97,0,0
TXN-SYN-638EB266,CUST0700,2026-09-14 05:49:01,39180.4932413487,BILL_PAY,57,True,0,True,473.8313723398014,RCV0712,False,4,,,ACCOUNT_TAKEOVER_LIKE,0,0,2157.1,37023.39,0,0
TXN-SYN-E63C1427,CUST0245,2026-09-14 08:00:21,265.67,BILL_PAY,1486,False,1485,False,4.952917313507124,RCV0392,False,0,,,NORMAL,0,0,3329.76,-3064.1,0,0
TXN-SYN-1500B979,CUST0783,2026-09-14 08:16:59,765.53,BILL_PAY,432,False,395,False,7.602111269228912,RCV0728,False,0,,,NORMAL,0,0,16334.53,-15569.0,0,0
TXN-SYN-FBEB53D5,CUST0256,2026-09-14 08:25:30,562.59,CASH_OUT,815,False,809,False,7.5155305634902625,RCV1155,False,0,,AG017,NORMAL,0,0,25556.93,-24994.34,0,0
TXN-SYN-EFEC6B16,CUST0270,2026-09-14 08:39:38,4754.32,SEND_MONEY,373,False,354,False,7.57295572071193,RCV1118,False,0,,,NORMAL,0,0,888.41,3865.91,0,0
TXN-SYN-7F8FE34A,CUST0658,2026-09-14 08:43:42,374.6,MERCHANT_PAYMENT,502,False,425,False,8.665751925901905,RCV0183,False,0,M019,,NORMAL,0,0,1964.05,-1589.45,0,0
TXN-SYN-A517360C,CUST0022,2026-09-14 08:56:13,472.31,BILL_PAY,1040,False,1022,False,2.8485613096075966,RCV1128,False,0,,,NORMAL,0,0,34011.77,-33539.46,0,0
TXN-SYN-67B29E99,CUST0061,2026-09-14 08:58:48,5799.12,MERCHANT_PAYMENT,828,False,781,False,7.482078217278744,RCV0954,False,0,M005,,NORMAL,0,0,10163.69,-4364.57,0,0
TXN-SYN-BB2739C7,CUST0201,2026-09-14 09:05:26,1300.99,MERCHANT_PAYMENT,662,False,590,False,6.125734683448192,RCV0449,False,0,M019,,NORMAL,0,1,6978.48,-5677.49,0,0
TXN-SYN-3DFFC4AB,CUST0303,2026-09-14 09:10:56,23492.79,SEND_MONEY,666,True,635,False,0.5447524102502155,RCV0839,True,0,,AG026,SCAM_LIKE,0,1,1494.14,21998.65,0,0
TXN-SYN-28C0F996,CUST0384,2026-09-14 09:15:07,35585.8,SEND_MONEY,1069,False,991,False,1.1606365065067403,RCV1141,True,0,,,MULE_LIKE,0,0,532.21,35053.59,0,0
TXN-SYN-4C199FD8,CUST0504,2026-09-14 09:15:54,21798.08,SEND_MONEY,1382,True,1311,False,2.421070625666829,RCV0834,True,0,,,SCAM_LIKE,0,0,13712.56,8085.52,0,0
TXN-SYN-1A1AE396,CUST0765,2026-09-14 09:19:05,235.35,MOBILE_RECHARGE,868,False,857,False,2.591931491876652,RCV0936,False,0,,,NORMAL,0,1,2744.55,-2509.2,0,0
TXN-SYN-719D1E51,CUST0235,2026-09-14 09:19:48,713.67,CASH_OUT,769,False,740,False,3.248241097485547,RCV0521,False,0,,AG012,NORMAL,0,1,3285.77,-2572.1,0,0
TXN-SYN-2BDC993D,CUST0188,2026-09-14 09:24:21,1056.96,SEND_MONEY,163,False,135,False,9.169787490185026,RCV0271,False,0,,,NORMAL,0,0,5769.9,-4712.94,0,0
TXN-SYN-7D37DD45,CUST0711,2026-09-14 09:26:07,8994.01,SEND_MONEY,840,False,835,False,2.2272029670057525,RCV0104,False,0,,,NORMAL,0,0,560.57,8433.44,0,0
TXN-SYN-B8681780,CUST0109,2026-09-14 09:30:56,916.12,BILL_PAY,1048,False,989,False,5.838196679467778,RCV0470,False,0,,,NORMAL,0,0,4565.84,-3649.72,0,0
TXN-SYN-FB0B515E,CUST0647,2026-09-14 10:19:01,311.87,SEND_MONEY,1031,False,1029,False,3.8818668770789144,RCV0538,False,0,,,NORMAL,0,0,7684.82,-7372.95,0,0
TXN-SYN-93DB01AD,CUST0506,2026-09-14 10:22:28,18655.14,SEND_MONEY,151,False,66,False,3.1068092393958633,RCV0669,True,0,M041,,SCAM_LIKE,0,0,18655.14,0.0,0,0
TXN-SYN-6FAAA38B,CUST0148,2026-09-14 10:29:00,6211.85,CASH_OUT,319,False,308,False,2.209156865639108,RCV0250,False,0,,AG015,NORMAL,0,0,15090.42,-8878.57,0,0
TXN-SYN-D18F6D46,CUST0385,2026-09-14 10:30:36,16830.32,SEND_MONEY,1371,False,1328,False,3.059626767418595,RCV1190,True,0,,,SCAM_LIKE,0,0,5131.2,11699.12,0,0
TXN-SYN-C56FE6E3,CUST0694,2026-09-14 10:30:54,173.86,MERCHANT_PAYMENT,862,False,858,False,2.725731359136815,RCV0003,False,0,M043,,NORMAL,0,0,173.86,0.0,0,0
TXN-SYN-40DD9A67,CUST0779,2026-09-14 10:34:53,1928.13,CASH_OUT,1235,False,1178,False,7.501548237949217,RCV0972,False,0,,AG023,NORMAL,0,1,20534.09,-18605.96,0,1
TXN-SYN-0CD1D44E,CUST0530,2026-09-14 11:01:59,458.28,CASH_IN,1193,False,1153,False,6.171557833956468,RCV1125,False,0,,AG027,NORMAL,0,0,479.9,-21.62,0,0
TXN-SYN-BA4B3C23,CUST0058,2026-09-14 11:11:32,14415.97,MOBILE_RECHARGE,176,False,150,False,2.589560924939386,RCV0556,False,0,,,NORMAL,0,0,2123.49,12292.48,0,0
TXN-SYN-DCFF46E4,CUST0614,2026-09-14 11:14:09,1132.96,CASH_IN,1338,False,1284,False,8.234530537593207,RCV0800,False,2,,AG020,NORMAL,0,0,6140.97,-5008.01,0,0
TXN-SYN-FE8F6A96,CUST0143,2026-09-14 11:18:13,842.67,SEND_MONEY,972,False,958,False,8.90798835160478,RCV0759,False,0,,,NORMAL,0,0,842.67,0.0,0,0
TXN-SYN-001CE4DD,CUST0182,2026-09-14 11:22:48,515.77,SEND_MONEY,283,False,273,False,0.4179059691018072,RCV0839,False,0,,,NORMAL,0,0,4383.0,-3867.23,0,0
TXN-SYN-68BA4F55,CUST0581,2026-09-14 11:30:09,44145.97,SEND_MONEY,1273,False,1268,False,0.10105802325375834,RCV0999,True,0,,,MULE_LIKE,0,0,14494.45,29651.52,0,0
TXN-SYN-CA87D9C1,CUST0253,2026-09-14 11:33:15,798.26,SEND_MONEY,876,False,801,False,8.787527445125361,RCV0056,False,0,,,NORMAL,0,0,798.26,0.0,0,0
TXN-SYN-19F85BC0,CUST0639,2026-09-14 11:38:24,1151.6,CASH_IN,1417,False,1352,False,2.5122551931232295,RCV0201,False,0,,AG016,NORMAL,0,0,4756.97,-3605.37,0,0
TXN-SYN-D6377A04,CUST0660,2026-09-14 11:39:12,110.55,CASH_OUT,343,False,284,False,3.026457121918089,RCV0611,False,0,,AG018,NORMAL,0,0,2149.29,-2038.74,0,0
TXN-SYN-549E1879,CUST0269,2026-09-14 11:40:08,571.38,CASH_OUT,520,False,455,False,0.5969782227991438,RCV0218,False,0,,AG008,NORMAL,0,0,361.14,210.24,0,0
TXN-SYN-E91E4725,CUST0270,2026-09-14 11:43:28,2104.51,CASH_IN,757,False,741,False,9.445632635822527,RCV0120,False,0,,AG004,NORMAL,0,1,2821.36,-716.85,0,0
TXN-SYN-63908C2E,CUST0354,2026-09-14 11:48:24,2263.34,MOBILE_RECHARGE,1011,False,988,False,8.450396488966426,RCV0867,False,0,,,NORMAL,0,0,19500.12,-17236.78,0,0
TXN-SYN-6F01E60C,CUST0295,2026-09-14 11:54:29,413.68,SEND_MONEY,747,False,681,False,2.903579876237623,RCV0452,False,0,,,NORMAL,0,1,11842.87,-11429.19,0,1
TXN-SYN-6198E6F5,CUST0597,2026-09-14 11:59:20,3387.32,MERCHANT_PAYMENT,833,False,768,False,4.642704049639603,RCV0112,False,0,M020,,NORMAL,0,1,8836.35,-5449.03,0,0
TXN-SYN-5DD0CCAB,CUST0251,2026-09-14 12:08:20,28899.23,SEND_MONEY,1445,False,1397,False,1.3225359215605248,RCV0999,True,0,M037,,MULE_LIKE,0,1,1513.98,27385.25,0,0
TXN-SYN-5D3B5569,CUST0649,2026-09-14 12:10:46,8933.86,SEND_MONEY,1366,True,1347,False,1.3114921484146014,RCV0990,True,0,,,SCAM_LIKE,0,0,18325.19,-9391.33,0,0
TXN-SYN-A630E4DA,CUST0224,2026-09-14 12:18:35,468.64,CASH_OUT,106,False,96,False,5.968853678610147,RCV0986,False,0,,AG009,NORMAL,0,1,1441.99,-973.35,0,1
TXN-SYN-B755A9D6,CUST0003,2026-09-14 12:19:59,50.0,SEND_MONEY,1276,False,1236,False,8.455889162599828,RCV0795,False,0,,,NORMAL,0,1,29030.78,-28980.78,0,1
TXN-SYN-54D9D96A,CUST0471,2026-09-14 12:26:01,50.0,MERCHANT_PAYMENT,671,False,600,False,9.090381424752087,RCV1112,False,0,M017,,NORMAL,0,0,9838.75,-9788.75,0,0
TXN-SYN-815E85F3,CUST0284,2026-09-14 12:26:27,4146.97,SEND_MONEY,981,False,952,False,5.301747697671232,RCV1060,False,0,,,NORMAL,0,0,14220.21,-10073.24,0,0
TXN-SYN-25980C58,CUST0451,2026-09-14 12:41:54,38814.95,SEND_MONEY,280,False,244,False,8.44410673920719,RCV1078,True,0,,AG012,MULE_LIKE,0,0,1949.88,36865.07,0,0
TXN-SYN-7923C06C,CUST0341,2026-09-14 12:51:38,733.39,MERCHANT_PAYMENT,602,False,549,False,7.198413103308044,RCV0342,False,1,M042,,NORMAL,0,0,8676.13,-7942.74,0,0
TXN-SYN-13B469E3,CUST0581,2026-09-14 12:52:49,3219.23,MOBILE_RECHARGE,535,False,470,False,5.265265331751754,RCV0711,False,0,,,NORMAL,0,1,21907.33,-18688.1,0,0
TXN-SYN-CD3233CE,CUST0759,2026-09-14 12:53:57,779.78,SEND_MONEY,225,False,137,False,4.060125361882192,RCV0032,False,2,,,NORMAL,0,0,4559.37,-3779.59,0,0
TXN-SYN-7C763834,CUST0167,2026-09-14 12:54:43,3900.13,MOBILE_RECHARGE,720,False,671,False,2.9090718738289203,RCV0222,False,0,,,NORMAL,0,0,3306.65,593.48,0,0
TXN-SYN-FFDAE2CE,CUST0558,2026-09-14 12:56:19,806.64,SEND_MONEY,1144,False,1130,False,1.678814283769029,RCV0711,False,0,,,NORMAL,0,0,806.64,0.0,0,0
TXN-SYN-4FA38C71,CUST0556,2026-09-14 13:14:59,146.03,SEND_MONEY,1289,False,1288,False,8.997430784088717,RCV0394,False,0,,,NORMAL,0,0,146.03,0.0,0,0
TXN-SYN-A7EBC188,CUST0687,2026-09-14 13:16:32,1414.38,SEND_MONEY,447,False,408,False,3.6286581699510343,RCV1031,False,0,,,NORMAL,0,0,933.02,481.36,0,0
TXN-SYN-95E79350,CUST0460,2026-09-14 13:16:56,10618.17,CASH_IN,774,False,751,False,3.4005261083145752,RCV0289,False,0,,AG007,NORMAL,0,0,5094.35,5523.82,0,0
TXN-SYN-658779B5,CUST0314,2026-09-14 13:21:45,211.56,MOBILE_RECHARGE,851,False,846,False,3.608400194497966,RCV1112,False,0,,,NORMAL,0,0,4236.25,-4024.69,0,0
TXN-SYN-1056704F,CUST0026,2026-09-14 13:30:37,2101.12,CASH_IN,802,False,785,False,0.436516130477842,RCV0310,False,0,,AG002,NORMAL,0,0,9553.84,-7452.72,0,0
TXN-SYN-9399497B,CUST0446,2026-09-14 13:32:49,636.79,CASH_OUT,154,False,118,False,8.073627220480676,RCV0167,False,0,,AG005,NORMAL,0,0,636.79,0.0,0,0
TXN-SYN-56BE4E5A,CUST0396,2026-09-14 13:39:11,1369.34,SEND_MONEY,1354,False,1296,False,6.551089707147064,RCV0985,False,0,,,NORMAL,0,1,11257.99,-9888.65,0,0
TXN-SYN-B9BAF5E8,CUST0494,2026-09-14 13:48:05,47837.14,SEND_MONEY,1297,False,1257,False,1.5122937673124248,RCV0081,True,0,,AG010,MULE_LIKE,0,0,47837.14,0.0,0,0
TXN-SYN-E91B860D,CUST0377,2026-09-14 13:58:33,3569.42,MOBILE_RECHARGE,289,False,213,False,6.2187456098200045,RCV0675,False,0,,,NORMAL,0,0,8717.86,-5148.44,0,0
TXN-SYN-83832493,CUST0092,2026-09-14 13:59:23,1291.49,CASH_OUT,537,False,498,False,9.677721619298485,RCV0133,False,0,,AG010,NORMAL,0,0,1291.49,0.0,0,0
TXN-SYN-C47B9C02,CUST0061,2026-09-14 14:03:19,187.79,CASH_OUT,1028,False,1001,False,1.0637594342233325,RCV0566,False,0,,AG014,NORMAL,0,1,9290.78,-9102.99,0,0
TXN-SYN-5F4FDC63,CUST0021,2026-09-14 14:19:18,1167.79,MERCHANT_PAYMENT,600,False,522,False,4.258637453530341,RCV0907,False,0,M032,,NORMAL,0,1,33112.56,-31944.77,0,1
TXN-SYN-290E56DF,CUST0013,2026-09-14 14:19:47,5179.21,CASH_OUT,572,False,561,False,6.620886770924774,RCV0027,False,0,,AG007,NORMAL,0,0,3843.6,1335.61,0,0
TXN-SYN-7056B7BF,CUST0415,2026-09-14 14:28:05,91.58,SEND_MONEY,220,False,186,False,3.251329284002644,RCV0686,False,0,,,NORMAL,0,1,15658.71,-15567.13,0,1
TXN-SYN-A797C7C4,CUST0676,2026-09-14 14:28:35,44263.73,SEND_MONEY,330,False,261,False,0.14273597906826474,RCV1160,True,0,,AG017,MULE_LIKE,0,1,2245.42,42018.31,0,0
TXN-SYN-0F40E063,CUST0277,2026-09-14 14:28:42,49816.98,SEND_MONEY,220,False,158,False,6.934818944184997,RCV0175,True,0,,,MULE_LIKE,0,1,16086.74,33730.24,0,0
TXN-SYN-6126DD67,CUST0010,2026-09-14 14:29:11,409.28,SEND_MONEY,923,False,923,False,1.8993474366102003,RCV0629,False,0,,,NORMAL,0,0,2343.32,-1934.04,0,0
TXN-SYN-103BC14A,CUST0421,2026-09-14 14:42:19,5461.77,CASH_OUT,1105,False,1061,False,3.176612285294973,RCV0557,False,0,,AG008,NORMAL,0,1,9806.19,-4344.42,0,1
TXN-SYN-65230E76,CUST0423,2026-09-14 14:57:49,806.5,SEND_MONEY,372,False,328,False,9.941656322935339,RCV1071,False,0,,,NORMAL,0,0,6533.77,-5727.27,0,0
TXN-SYN-C6DA6203,CUST0635,2026-09-14 15:32:55,9837.88,SEND_MONEY,1033,False,981,False,5.406984766449103,RCV0632,True,0,,,SCAM_LIKE,0,0,10779.44,-941.56,0,0
TXN-SYN-EF290556,CUST0591,2026-09-14 15:38:34,88.0,SEND_MONEY,1296,False,1275,False,0.7165209798358607,RCV0838,False,0,,,NORMAL,0,0,203.52,-115.52,0,0
TXN-SYN-7E81AEE8,CUST0529,2026-09-14 15:42:32,22964.27,SEND_MONEY,1467,False,1393,False,9.989281593131206,RCV1012,True,0,,AG023,MULE_LIKE,0,0,3242.77,19721.5,0,0
TXN-SYN-171FC243,CUST0699,2026-09-14 15:44:09,18483.23,SEND_MONEY,878,False,807,False,4.547584910834164,RCV0599,True,0,,,SCAM_LIKE,0,0,441.85,18041.38,0,0
TXN-SYN-A2323DA6,CUST0431,2026-09-14 15:49:16,884.12,CASH_OUT,358,False,286,False,5.339547303979244,RCV0898,False,0,,AG010,NORMAL,0,0,557.61,326.51,0,0
TXN-SYN-0081EB27,CUST0184,2026-09-14 15:49:49,36789.83,SEND_MONEY,1371,False,1343,False,0.752576013082058,RCV0997,True,0,,,MULE_LIKE,0,0,4892.91,31896.92,0,0
TXN-SYN-54641668,CUST0584,2026-09-14 15:50:23,15476.07,SEND_MONEY,827,True,744,False,6.437840754485949,RCV0644,True,0,,,SCAM_LIKE,0,0,194.24,15281.83,0,0
TXN-SYN-903A9B4C,CUST0443,2026-09-14 16:01:54,265.9,CASH_OUT,379,False,377,False,3.902791516962638,RCV0598,False,0,,AG027,NORMAL,0,1,10308.58,-10042.68,0,0
TXN-SYN-309DB888,CUST0436,2026-09-14 16:03:21,294.51,BILL_PAY,1124,False,1114,False,9.97532283948779,RCV0758,False,0,,,NORMAL,0,0,15498.58,-15204.07,0,0
TXN-SYN-BAFC9116,CUST0073,2026-09-14 16:15:06,1841.68,BILL_PAY,336,False,284,False,0.8070845419398598,RCV0060,False,2,,,NORMAL,0,0,362.2,1479.48,0,0
TXN-SYN-0DAFE528,CUST0167,2026-09-14 16:20:31,44138.17,SEND_MONEY,927,False,890,False,2.2142178677025326,RCV0999,True,0,,,MULE_LIKE,0,1,3405.56,40732.61,0,0
TXN-SYN-DD5727D7,CUST0117,2026-09-14 16:29:22,13694.84,SEND_MONEY,102,True,100,False,6.47197172294114,RCV1013,True,0,,,SCAM_LIKE,0,0,4480.81,9214.03,0,0
TXN-SYN-A34D8A7D,CUST0669,2026-09-14 16:34:17,6819.26,SEND_MONEY,498,False,478,False,0.22893824976120247,RCV0133,False,0,,,NORMAL,0,0,6819.26,0.0,0,0
TXN-SYN-C0E089CF,CUST0009,2026-09-14 16:42:34,4769.55,MERCHANT_PAYMENT,292,False,276,False,0.8786633093194274,RCV0445,False,0,M008,,NORMAL,0,0,19014.16,-14244.62,0,0
TXN-SYN-610DAAC7,CUST0223,2026-09-14 16:51:00,615.05,MERCHANT_PAYMENT,671,False,620,False,2.6664461794089545,RCV0194,False,2,M040,,NORMAL,0,0,27525.03,-26909.98,0,0
TXN-SYN-F87C5F2F,CUST0642,2026-09-14 16:53:37,106.95,SEND_MONEY,387,False,346,False,1.097374967110215,RCV0012,False,0,,,NORMAL,0,0,3691.72,-3584.77,0,0
TXN-SYN-6E258A52,CUST0633,2026-09-14 17:03:20,1097.99,MERCHANT_PAYMENT,1119,False,1072,False,1.1851932032144608,RCV0917,False,0,M016,,NORMAL,0,0,1745.15,-647.16,0,0
TXN-SYN-C0A9E3A2,CUST0106,2026-09-14 17:03:52,2977.73,SEND_MONEY,1481,False,1408,False,2.5819035861562267,RCV0931,False,0,,,NORMAL,0,0,15417.78,-12440.06,0,0
TXN-SYN-6FD04FAF,CUST0488,2026-09-14 17:07:30,10085.57,SEND_MONEY,1226,False,1221,False,7.86654509859468,RCV0580,True,0,,AG026,SCAM_LIKE,0,0,421.13,9664.44,0,0
TXN-SYN-D8091769,CUST0658,2026-09-14 17:08:58,2468.35,SEND_MONEY,383,False,300,False,9.817986932606276,RCV0595,False,0,,,NORMAL,0,1,1566.69,901.66,0,0
TXN-SYN-A9EC4460,CUST0282,2026-09-14 17:10:27,1688.03,SEND_MONEY,833,False,745,False,2.6703233772149515,RCV1178,False,0,,,NORMAL,0,0,5685.09,-3997.06,0,0
TXN-SYN-3192FB3A,CUST0302,2026-09-14 17:11:00,704.23,SEND_MONEY,943,False,943,False,4.494338352137377,RCV0286,False,0,,,NORMAL,0,0,2821.78,-2117.55,0,0
TXN-SYN-817D9D2B,CUST0324,2026-09-14 17:13:43,2535.24,CASH_OUT,151,False,132,False,8.26257729332069,RCV0089,False,0,,AG012,NORMAL,0,0,82355.6,-79820.36,0,0
TXN-SYN-CEB1A314,CUST0290,2026-09-14 17:17:39,1862.61,SEND_MONEY,673,False,670,False,3.1619658229649463,RCV0724,False,0,,,NORMAL,0,0,1862.61,0.0,0,0
TXN-SYN-CE749722,CUST0262,2026-09-14 17:22:31,807.47,MOBILE_RECHARGE,1431,False,1363,False,5.5819223529975766,RCV0935,False,0,,,NORMAL,0,0,10315.89,-9508.42,0,0
TXN-SYN-3893E433,CUST0605,2026-09-14 17:22:32,3671.13,CASH_IN,1058,False,991,False,9.551939802904847,RCV0759,False,0,,AG008,NORMAL,0,0,18298.68,-14627.55,0,0
TXN-SYN-875981F5,CUST0249,2026-09-14 17:24:59,1092.14,CASH_OUT,587,False,498,False,9.279541823917814,RCV0595,False,0,,AG024,NORMAL,0,0,21931.02,-20838.88,0,0
TXN-SYN-0F307564,CUST0615,2026-09-14 17:37:22,15455.1,SEND_MONEY,1052,False,1009,False,9.55398861389918,RCV0497,True,0,,,SCAM_LIKE,0,0,6568.83,8886.27,0,0
TXN-SYN-3A917F26,CUST0494,2026-09-14 17:45:39,1224.02,BILL_PAY,1281,False,1271,False,4.410869724560662,RCV0721,False,0,,,NORMAL,0,1,47837.14,-46613.12,0,0
TXN-SYN-AF64975C,CUST0588,2026-09-14 17:52:27,425.95,MOBILE_RECHARGE,1459,False,1402,False,2.1317852922328315,RCV0766,False,0,,,NORMAL,0,0,425.95,0.0,0,0
TXN-SYN-BFFB58FF,CUST0000,2026-09-14 17:59:15,7555.39,SEND_MONEY,1339,False,1271,False,7.275346564904107,RCV0108,False,0,,,NORMAL,0,0,7593.26,-37.87,0,0
TXN-SYN-D520C4A8,CUST0382,2026-09-14 17:59:54,4430.27,MERCHANT_PAYMENT,116,False,37,False,5.1461846654109875,RCV0689,False,0,M026,,NORMAL,0,0,6277.0,-1846.72,0,0
TXN-SYN-FA539A14,CUST0332,2026-09-14 18:01:50,1428.83,CASH_OUT,1152,False,1071,False,8.698240088870314,RCV0452,False,0,,AG012,NORMAL,0,1,5123.62,-3694.8,0,0
TXN-SYN-A2F7C9C2,CUST0377,2026-09-14 18:03:28,7383.48,BILL_PAY,730,False,691,False,1.0021134905052453,RCV0258,False,0,,,NORMAL,0,1,7430.75,-47.27,0,0
TXN-SYN-0184232C,CUST0655,2026-09-14 18:23:00,207.64,SEND_MONEY,304,False,274,False,2.5054442427132018,RCV0259,False,0,,,NORMAL,0,0,3994.4,-3786.76,0,0
TXN-SYN-9C9997C2,CUST0299,2026-09-14 18:33:55,19860.12,SEND_MONEY,1307,False,1292,False,3.712888127779721,RCV0997,True,0,,,MULE_LIKE,0,0,4169.52,15690.6,0,0
TXN-SYN-931FBD20,CUST0152,2026-09-14 18:43:05,5651.84,SEND_MONEY,200,False,180,False,8.059174124811326,RCV0281,False,0,,,NORMAL,0,0,7444.62,-1792.78,0,0
TXN-SYN-22D46BCA,CUST0727,2026-09-14 19:06:21,208.28,MERCHANT_PAYMENT,1166,False,1096,False,5.442502855142616,RCV0097,False,1,M031,,NORMAL,0,1,17471.86,-17263.58,0,0
TXN-SYN-AA928703,CUST0329,2026-09-14 19:06:29,4290.49,MERCHANT_PAYMENT,461,False,385,False,6.567277943789613,RCV1047,False,2,M023,,NORMAL,0,0,2698.02,1592.47,0,0
TXN-SYN-B80B7104,CUST0582,2026-09-14 19:07:31,2712.95,MERCHANT_PAYMENT,551,False,523,False,8.523554603874851,RCV0488,False,0,M021,,NORMAL,0,0,3956.95,-1244.0,0,0
TXN-SYN-0551662B,CUST0772,2026-09-14 19:14:16,813.68,SEND_MONEY,1207,False,1174,False,6.950719519345158,RCV0140,False,0,,,NORMAL,0,0,16586.98,-15773.3,0,0
TXN-SYN-11E54BA0,CUST0621,2026-09-14 19:24:36,42544.83,SEND_MONEY,194,False,180,False,7.512441979382038,RCV0998,True,0,M020,,MULE_LIKE,0,0,20604.33,21940.5,0,0
TXN-SYN-CFC3951B,CUST0271,2026-09-14 19:43:49,36063.7,SEND_MONEY,1062,False,1011,False,2.781739198753237,RCV1155,True,0,M020,,MULE_LIKE,0,0,498.55,35565.15,0,0
TXN-SYN-AD133522,CUST0545,2026-09-14 19:46:23,462.96,BILL_PAY,937,False,880,False,9.831264099816142,RCV0038,False,0,,,NORMAL,0,0,6935.56,-6472.6,0,0
TXN-SYN-D1627274,CUST0408,2026-09-14 19:54:22,220.57,BILL_PAY,505,False,459,False,3.5771780182508994,RCV0718,False,0,,,NORMAL,0,0,1701.98,-1481.41,0,0
TXN-SYN-043ED5B0,CUST0277,2026-09-14 19:57:16,19735.13,SEND_MONEY,559,False,544,False,8.388515842643773,RCV0515,True,0,,,SCAM_LIKE,0,1,22832.79,-3097.66,0,0
TXN-SYN-64CD2344,CUST0414,2026-09-14 20:03:01,305.05,SEND_MONEY,448,False,433,False,1.423293102446076,RCV0944,False,0,,,NORMAL,0,0,1811.4,-1506.35,0,0
TXN-SYN-13A11BEF,CUST0405,2026-09-14 20:11:02,1765.46,CASH_IN,1432,False,1358,False,9.048894713874821,RCV0114,False,0,,AG023,NORMAL,0,0,7661.76,-5896.3,0,0
TXN-SYN-5A3BD05B,CUST0398,2026-09-14 20:13:19,4376.89,MERCHANT_PAYMENT,1300,False,1262,False,9.390576587903311,RCV0923,False,0,M007,,NORMAL,0,0,6058.61,-1681.72,0,0
TXN-SYN-1D598EEA,CUST0649,2026-09-14 20:16:11,26171.59,SEND_MONEY,967,False,954,False,4.136426749186352,RCV0564,True,0,,,MULE_LIKE,0,1,15194.75,10976.84,0,0
TXN-SYN-B763899A,CUST0063,2026-09-14 20:25:49,1071.27,SEND_MONEY,414,False,390,False,6.77489575392759,RCV0501,False,0,,,NORMAL,0,0,249.54,821.73,0,0
TXN-SYN-63EE90DB,CUST0707,2026-09-14 20:32:14,2839.13,SEND_MONEY,417,False,399,False,6.067702483970031,RCV0141,False,0,,,NORMAL,0,0,1531.69,1307.44,0,0
TXN-SYN-4EE92FF3,CUST0397,2026-09-14 20:40:44,1647.33,SEND_MONEY,1476,False,1430,False,6.298134371601777,RCV0922,False,0,,,NORMAL,0,0,14105.27,-12457.94,0,0
TXN-SYN-27614045,CUST0262,2026-09-14 20:41:34,1633.57,SEND_MONEY,1125,False,1039,False,5.890378916153171,RCV0471,False,0,,,NORMAL,0,1,5561.68,-3928.11,0,0
TXN-SYN-C9EDE380,CUST0417,2026-09-14 20:42:00,1193.56,SEND_MONEY,1249,False,1246,False,6.979005764210412,RCV0800,False,0,,,NORMAL,0,0,2780.3,-1586.74,0,0
TXN-SYN-0AA2CDBE,CUST0665,2026-09-14 20:52:32,140.06,MOBILE_RECHARGE,1032,False,1019,False,5.52185739170648,RCV0668,False,0,,,NORMAL,0,0,3426.97,-3286.91,0,0
TXN-SYN-ED40AC15,CUST0018,2026-09-14 21:06:50,595.67,SEND_MONEY,1311,False,1281,False,1.6187531373331798,RCV0546,False,0,,,NORMAL,0,0,50.0,545.67,0,0
TXN-SYN-FDE90B9A,CUST0772,2026-09-14 21:07:30,24401.15,SEND_MONEY,488,True,422,False,3.993953480435508,RCV0135,True,0,M022,,SCAM_LIKE,0,1,11329.22,13071.93,0,0
TXN-SYN-772B3D73,CUST0439,2026-09-14 21:07:44,502.66,SEND_MONEY,860,False,841,False,4.631430302575681,RCV0150,False,0,,,NORMAL,0,0,8314.98,-7812.32,0,0
TXN-SYN-C1E3093A,CUST0640,2026-09-14 21:07:57,19350.12,SEND_MONEY,1388,True,1306,False,0.5456957783475391,RCV0540,True,0,,AG008,SCAM_LIKE,0,1,7716.62,11633.5,0,1
TXN-SYN-C76BACA7,CUST0679,2026-09-14 21:12:11,902.2,SEND_MONEY,477,False,457,False,3.4311551641700944,RCV0785,False,0,,,NORMAL,0,0,7823.26,-6921.06,0,0
TXN-SYN-BFF91D21,CUST0720,2026-09-14 21:20:35,234.22,CASH_OUT,1448,False,1395,False,1.8608333164093849,RCV0752,False,0,,AG008,NORMAL,0,0,4558.81,-4324.59,0,0
TXN-SYN-E3DB9398,CUST0298,2026-09-14 21:26:39,23398.77,SEND_MONEY,1016,False,980,False,3.152782983311285,RCV0733,True,0,,,SCAM_LIKE,0,0,23398.77,0.0,0,0
TXN-SYN-8AEF5858,CUST0770,2026-09-14 21:34:45,1171.99,SEND_MONEY,713,False,668,False,8.15170353185543,RCV0429,False,0,,,NORMAL,0,0,16327.79,-15155.8,0,0
TXN-SYN-1FA80189,CUST0748,2026-09-14 21:35:34,3743.35,MERCHANT_PAYMENT,976,False,891,False,3.1528051310392256,RCV0899,False,0,M023,,NORMAL,0,0,11170.75,-7427.4,0,0
TXN-SYN-5BD5A823,CUST0787,2026-09-14 21:42:57,557.89,SEND_MONEY,1320,False,1314,False,6.2408599532118645,RCV0384,False,0,,,NORMAL,0,0,12895.66,-12337.77,0,0
TXN-SYN-972A95B8,CUST0438,2026-09-14 21:50:42,2347.28,MOBILE_RECHARGE,473,False,429,False,2.2465739764176664,RCV1170,False,0,,,NORMAL,0,0,23914.54,-21567.26,0,0
TXN-SYN-78A6C66E,CUST0441,2026-09-14 22:17:43,27680.27,CASH_OUT,710,False,676,True,23.195837862887547,RCV0992,False,2,M024,AG010,CASH_OUT_RISK,0,0,1254.63,26425.64,0,0
TXN-SYN-92B6A1F9,CUST0767,2026-09-14 22:26:18,29603.4,CASH_OUT,545,False,459,True,86.84701780145494,RCV0471,False,0,,AG002,CASH_OUT_RISK,0,0,17355.44,12247.96,0,0
TXN-SYN-081825DB,CUST0257,2026-09-14 23:07:12,36175.06,CASH_OUT,565,False,506,True,60.09947736188137,RCV0521,False,0,,AG023,CASH_OUT_RISK,0,0,7512.46,28662.6,0,0
TXN-SYN-45EF8FC3,CUST0093,2026-09-14 23:29:38,21746.67,CASH_OUT,668,False,620,True,80.78370877343568,RCV0434,False,0,,AG012,CASH_OUT_RISK,0,0,5619.94,16126.73,0,0
TXN-SYN-E07D8482,CUST0317,2026-09-15 00:06:44,4542.615216839623,SEND_MONEY,35,True,2,True,230.71914936853997,RCV0097,False,5,,,ACCOUNT_TAKEOVER_LIKE,0,0,15160.28,-10617.66,0,0
TXN-SYN-BB01EBE2,CUST0684,2026-09-15 00:28:44,6800.869859820777,SEND_MONEY,48,True,2,True,89.0738735618373,RCV0824,False,5,,,ACCOUNT_TAKEOVER_LIKE,0,0,20236.41,-13435.54,0,0
TXN-SYN-EAB90401,CUST0029,2026-09-15 00:38:26,3162.7639162308915,CASH_IN,30,True,1,True,345.9021407501104,RCV0107,False,3,,AG002,ACCOUNT_TAKEOVER_LIKE,0,0,16989.36,-13826.59,0,0
TXN-SYN-7E3670E0,CUST0461,2026-09-15 01:03:59,6699.058133681093,MERCHANT_PAYMENT,11,True,0,True,206.3633908379251,RCV0077,False,4,M036,,ACCOUNT_TAKEOVER_LIKE,0,0,8787.09,-2088.03,0,0
TXN-SYN-F56D3AB8,CUST0085,2026-09-15 01:04:49,32666.4,CASH_OUT,1062,False,1045,True,28.55358915038571,RCV0473,False,0,,AG028,CASH_OUT_RISK,0,0,13248.24,19418.16,0,0
TXN-SYN-4A30D679,CUST0349,2026-09-15 01:24:12,1210.6004234750271,MERCHANT_PAYMENT,82,True,1,True,495.8515669850321,RCV1032,False,4,M045,,ACCOUNT_TAKEOVER_LIKE,0,0,5220.46,-4009.86,0,0
TXN-SYN-B8D4A2A1,CUST0104,2026-09-15 01:24:49,24634.088743954235,MERCHANT_PAYMENT,50,True,1,True,146.50620319587273,RCV0693,False,3,M015,,ACCOUNT_TAKEOVER_LIKE,0,0,920.86,23713.23,0,0
TXN-SYN-52E81A82,CUST0768,2026-09-15 01:35:57,2290.2184697029325,SEND_MONEY,26,True,2,True,457.6602520555914,RCV1124,False,5,,,ACCOUNT_TAKEOVER_LIKE,0,0,1262.92,1027.3,0,0
TXN-SYN-6AA5BBFB,CUST0124,2026-09-15 01:43:19,10327.654910440728,SEND_MONEY,59,True,1,True,333.93670019152614,RCV0740,False,2,,,ACCOUNT_TAKEOVER_LIKE,0,0,6740.11,3587.55,0,0
TXN-SYN-841277EC,CUST0095,2026-09-15 01:45:29,8117.162142244959,CASH_IN,22,True,2,True,300.6530693102042,RCV1063,False,2,,AG022,ACCOUNT_TAKEOVER_LIKE,0,0,7955.2,161.96,0,0
TXN-SYN-7E09E0F0,CUST0502,2026-09-15 01:54:50,17965.5,CASH_OUT,273,False,222,True,85.21651020525199,RCV0085,False,0,,AG027,CASH_OUT_RISK,0,0,11054.05,6911.45,0,0
TXN-SYN-D0ACB204,CUST0271,2026-09-15 01:56:26,23272.0,CASH_OUT,1415,False,1334,True,85.66721893638808,RCV0245,False,0,,AG009,CASH_OUT_RISK,0,1,12353.6,10918.4,0,0
TXN-SYN-46C19DD5,CUST0507,2026-09-15 01:56:31,33336.34,CASH_OUT,1273,False,1198,True,45.450977539265686,RCV0600,False,0,,AG014,CASH_OUT_RISK,0,0,4297.42,29038.92,0,0
TXN-SYN-007777A7,CUST0619,2026-09-15 02:43:14,1389.2924548528174,SEND_MONEY,99,True,2,True,174.02161919913453,RCV0368,False,4,,,ACCOUNT_TAKEOVER_LIKE,0,0,603.04,786.25,0,0
TXN-SYN-D82D588E,CUST0423,2026-09-15 02:45:33,140.61170097153305,SEND_MONEY,19,True,0,True,83.97651371175016,RCV1042,False,5,,,ACCOUNT_TAKEOVER_LIKE,0,1,5817.86,-5677.25,0,0
TXN-SYN-0AF24D06,CUST0136,2026-09-15 03:08:40,23497.29,CASH_OUT,462,False,384,True,49.22183536282457,RCV0350,False,0,,AG004,CASH_OUT_RISK,0,0,7237.37,16259.92,0,0
TXN-SYN-83855B3D,CUST0755,2026-09-15 03:32:20,38015.35,CASH_OUT,139,False,114,True,46.1391464195288,RCV0159,False,0,,AG006,CASH_OUT_RISK,0,0,25290.24,12725.11,0,0
TXN-SYN-B311A795,CUST0496,2026-09-15 03:56:13,26734.627444897713,CASH_OUT,78,True,1,True,201.52246877604279,RCV0964,False,3,,AG018,ACCOUNT_TAKEOVER_LIKE,0,0,10057.15,16677.48,0,0
TXN-SYN-ED86AAB6,CUST0701,2026-09-15 04:23:00,1136.4873915255355,MERCHANT_PAYMENT,98,True,0,True,183.32307756683707,RCV0295,False,2,M044,,ACCOUNT_TAKEOVER_LIKE,0,0,2299.46,-1162.97,0,0
TXN-SYN-9ED69BA4,CUST0113,2026-09-15 05:04:31,5987.153872303901,SEND_MONEY,49,True,2,True,241.0077741865417,RCV1081,False,5,,,ACCOUNT_TAKEOVER_LIKE,0,0,1204.55,4782.6,0,0
TXN-SYN-01B628AA,CUST0068,2026-09-15 08:00:02,12982.12,SEND_MONEY,1010,False,939,False,9.152420444347495,RCV0997,True,0,,AG016,MULE_LIKE,0,0,8037.19,4944.93,0,0
TXN-SYN-EF0A86F0,CUST0431,2026-09-15 08:05:38,262.38,MOBILE_RECHARGE,286,False,250,False,7.863450144155521,RCV0704,False,0,,,NORMAL,0,1,666.45,-404.07,0,1
TXN-SYN-499883F5,CUST0765,2026-09-15 08:11:45,1776.94,MERCHANT_PAYMENT,519,False,475,False,9.639380394360398,RCV0502,False,0,M008,,NORMAL,0,1,2326.35,-549.41,0,0
TXN-SYN-9FABD3DD,CUST0742,2026-09-15 08:13:09,20150.02,SEND_MONEY,676,False,651,False,1.3226331000271485,RCV0354,True,0,,AG029,SCAM_LIKE,0,0,917.43,19232.59,0,0
TXN-SYN-E070C64D,CUST0273,2026-09-15 08:15:55,2359.25,SEND_MONEY,1237,False,1217,False,0.8837824596090393,RCV0409,False,0,,,NORMAL,0,0,1248.04,1111.21,0,0
TXN-SYN-BC68C89A,CUST0619,2026-09-15 08:20:28,1400.51,SEND_MONEY,1244,False,1164,False,2.7446935352253456,RCV0247,False,0,,,NORMAL,0,1,865.12,535.39,0,0
TXN-SYN-4DDEF35B,CUST0428,2026-09-15 08:27:14,5715.82,SEND_MONEY,1064,False,1053,False,4.233321105110593,RCV0819,True,0,,,SCAM_LIKE,0,0,3110.8,2605.01,0,0
TXN-SYN-6CE10286,CUST0092,2026-09-15 08:43:18,1752.27,MOBILE_RECHARGE,412,False,391,False,5.583221693872055,RCV0890,False,0,,,NORMAL,0,1,1291.49,460.78,0,1
TXN-SYN-2E603644,CUST0124,2026-09-15 08:47:16,22773.23,SEND_MONEY,387,False,301,False,3.4558479288412256,RCV0997,True,0,,,MULE_LIKE,0,1,7252.62,15520.61,0,0
TXN-SYN-6AB5A487,CUST0798,2026-09-15 08:59:13,3746.87,MERCHANT_PAYMENT,1272,False,1202,False,3.5883123379825346,RCV0115,False,0,M029,,NORMAL,0,0,3287.12,459.74,0,0
TXN-SYN-0985B875,CUST0748,2026-09-15 09:06:02,11280.3,SEND_MONEY,829,False,758,False,4.90380408989539,RCV0000,False,1,,,NORMAL,0,1,8694.95,2585.35,0,0
TXN-SYN-D0877DA2,CUST0140,2026-09-15 09:22:36,14152.86,SEND_MONEY,781,False,770,False,6.327803099917954,RCV0997,True,0,,,MULE_LIKE,0,0,5176.69,8976.17,0,0
TXN-SYN-C94A4861,CUST0420,2026-09-15 09:22:37,301.93,CASH_OUT,1362,False,1316,False,9.226773196983634,RCV0123,False,0,,AG004,NORMAL,0,0,5620.42,-5318.49,0,0
TXN-SYN-36882CDA,CUST0788,2026-09-15 09:25:11,12150.44,MOBILE_RECHARGE,1230,False,1192,False,1.776362265442959,RCV0617,False,0,,,NORMAL,0,0,21625.29,-9474.85,0,0
TXN-SYN-B37A908B,CUST0179,2026-09-15 09:38:01,882.48,BILL_PAY,1066,False,986,False,1.6385831726871969,RCV0581,False,0,,,NORMAL,0,0,2297.91,-1415.43,0,0
TXN-SYN-8A08DC9E,CUST0089,2026-09-15 09:42:20,3103.44,MOBILE_RECHARGE,712,False,641,False,4.963698129978603,RCV1172,False,0,,,NORMAL,0,0,9817.91,-6714.47,0,0
TXN-SYN-A7EAE53D,CUST0366,2026-09-15 10:01:05,1048.63,SEND_MONEY,305,False,225,False,2.587799816000169,RCV0955,False,0,,,NORMAL,0,0,1979.99,-931.36,0,0
TXN-SYN-7FBD4440,CUST0542,2026-09-15 10:01:31,1271.08,SEND_MONEY,1145,False,1141,False,9.120302564513745,RCV0717,False,1,,,NORMAL,0,0,11374.51,-10103.43,0,0
TXN-SYN-ABDFA692,CUST0436,2026-09-15 10:08:02,52.81,BILL_PAY,498,False,415,False,5.009618263593643,RCV0717,False,0,,,NORMAL,0,1,11697.56,-11644.75,0,0
TXN-SYN-5C1730E5,CUST0377,2026-09-15 10:20:56,618.71,BILL_PAY,192,False,123,False,2.117458620524195,RCV0580,False,0,,,NORMAL,0,2,7421.29,-6802.58,0,0
TXN-SYN-8878A00F,CUST0656,2026-09-15 10:22:19,70.39,SEND_MONEY,107,False,47,False,6.611785572983386,RCV0186,False,0,,,NORMAL,0,0,7755.87,-7685.48,0,0
TXN-SYN-DEF592F5,CUST0630,2026-09-15 10:24:01,4655.57,SEND_MONEY,749,False,677,False,3.9090599590551465,RCV0660,False,0,,,NORMAL,0,0,13395.77,-8740.2,0,0
TXN-SYN-298C6A35,CUST0073,2026-09-15 10:30:17,18782.41,CASH_IN,1171,False,1100,False,2.784920033573867,RCV1072,False,0,,AG020,NORMAL,0,1,855.36,17927.05,0,0
TXN-SYN-B0A4A947,CUST0307,2026-09-15 10:32:16,41172.48,SEND_MONEY,109,False,59,False,2.841747036590597,RCV0133,True,0,,,MULE_LIKE,0,0,10292.22,30880.26,0,0
TXN-SYN-4F8C6ECE,CUST0440,2026-09-15 10:34:42,71.85,SEND_MONEY,1045,False,1020,False,2.4691548684263553,RCV0784,False,0,,,NORMAL,0,0,2090.44,-2018.59,0,0
TXN-SYN-E9687F26,CUST0378,2026-09-15 10:38:28,56.08,CASH_OUT,412,False,382,False,6.3282931305461165,RCV0598,False,0,,AG025,NORMAL,0,0,817.13,-761.05,0,0
TXN-SYN-903E3971,CUST0529,2026-09-15 10:51:32,247.62,SEND_MONEY,1269,False,1232,False,1.2774312750901629,RCV0583,False,0,,,NORMAL,0,1,9816.6,-9568.98,0,0
TXN-SYN-2EEA99D7,CUST0262,2026-09-15 10:53:56,273.46,SEND_MONEY,706,False,672,False,4.716085707410923,RCV0448,False,0,,,NORMAL,0,2,4252.31,-3978.85,0,0
TXN-SYN-2B24F513,CUST0308,2026-09-15 10:57:25,842.87,MOBILE_RECHARGE,763,False,699,False,9.047698014219513,RCV0411,False,0,,,NORMAL,0,0,13567.7,-12724.83,0,0
TXN-SYN-CF57F748,CUST0281,2026-09-15 10:59:25,1766.02,BILL_PAY,336,False,325,False,5.115609071381858,RCV0146,False,0,,,NORMAL,0,0,1766.02,0.0,0,0
TXN-SYN-827557D9,CUST0572,2026-09-15 11:00:21,458.43,SEND_MONEY,141,False,97,False,4.307800938568164,RCV0448,False,0,,,NORMAL,0,0,208.37,250.06,0,0
TXN-SYN-F59B291B,CUST0112,2026-09-15 11:02:52,50.0,CASH_OUT,992,False,943,False,9.914150462038034,RCV0165,False,0,,AG007,NORMAL,0,0,10866.69,-10816.69,0,0
TXN-SYN-021D7D07,CUST0495,2026-09-15 11:10:48,108.53,MERCHANT_PAYMENT,1462,False,1380,False,0.9320352415092437,RCV0549,False,0,M001,,NORMAL,0,0,15758.2,-15649.67,0,0
TXN-SYN-3CD6004C,CUST0298,2026-09-15 11:16:14,1832.84,SEND_MONEY,1146,False,1111,False,7.292355094683608,RCV0414,False,0,,,NORMAL,0,1,23398.77,-21565.93,0,0
TXN-SYN-8BFA90B9,CUST0166,2026-09-15 11:16:52,1412.88,MERCHANT_PAYMENT,123,False,98,False,7.306369212628775,RCV0750,False,0,M009,,NORMAL,0,0,11426.42,-10013.54,0,0
TXN-SYN-1989E812,CUST0381,2026-09-15 11:28:49,3433.41,SEND_MONEY,491,False,449,False,2.343641879356242,RCV0193,False,0,,,NORMAL,0,0,1478.82,1954.59,0,0
TXN-SYN-6DEE2A24,CUST0328,2026-09-15 11:30:50,5358.59,SEND_MONEY,949,False,878,False,8.226377470220774,RCV0416,False,0,,,NORMAL,0,0,10794.14,-5435.55,0,0
TXN-SYN-05CD93C9,CUST0478,2026-09-15 11:31:58,1499.12,CASH_IN,1083,False,1040,False,1.9305127639074537,RCV0721,False,0,,AG019,NORMAL,0,0,1163.0,336.12,0,0
TXN-SYN-3D864974,CUST0132,2026-09-15 11:33:12,1393.19,SEND_MONEY,1116,False,1049,False,4.208652495150071,RCV0255,False,0,,,NORMAL,0,0,7224.3,-5831.11,0,0
TXN-SYN-EBD48F1E,CUST0567,2026-09-15 11:35:28,874.45,SEND_MONEY,649,False,588,False,0.8812656950055775,RCV0131,False,0,,,NORMAL,0,0,4115.6,-3241.15,0,0
TXN-SYN-6991C6C7,CUST0035,2026-09-15 11:40:37,151.16,BILL_PAY,649,False,615,False,6.0102587748869,RCV0556,False,0,,,NORMAL,0,0,2592.15,-2440.99,0,0
TXN-SYN-B6214379,CUST0439,2026-09-15 11:46:26,3695.21,BILL_PAY,896,False,845,False,2.1854846152056293,RCV0437,False,0,,,NORMAL,0,1,6361.9,-2666.69,0,0
TXN-SYN-37B3CAD9,CUST0662,2026-09-15 11:53:31,6114.18,SEND_MONEY,280,False,253,False,2.4297790512095974,RCV0174,False,0,,,NORMAL,0,0,1054.55,5059.63,0,0
TXN-SYN-EB193EFB,CUST0277,2026-09-15 11:53:32,1754.55,MOBILE_RECHARGE,402,False,349,False,3.5526721805733352,RCV0896,False,0,,,NORMAL,0,2,22316.51,-20561.96,0,0
TXN-SYN-3E316DCF,CUST0067,2026-09-15 12:05:17,11302.71,SEND_MONEY,316,False,268,False,2.4006965310717865,RCV1196,False,0,,,NORMAL,0,0,7669.01,3633.7,0,0
TXN-SYN-EC8EAB29,CUST0413,2026-09-15 12:13:17,38244.45,SEND_MONEY,339,False,291,False,2.6618147120402256,RCV0571,True,0,,,MULE_LIKE,0,0,845.81,37398.64,0,0
TXN-SYN-C6311C37,CUST0368,2026-09-15 12:14:41,1267.77,CASH_IN,472,False,436,False,4.350145943402234,RCV0048,False,0,,AG009,NORMAL,0,0,19131.28,-17863.51,0,0
TXN-SYN-E1D649A5,CUST0638,2026-09-15 12:19:57,346.91,SEND_MONEY,288,False,268,False,6.223215459666812,RCV0409,False,0,,,NORMAL,0,0,13238.42,-12891.51,0,0
TXN-SYN-A0B562C7,CUST0413,2026-09-15 12:22:44,50.0,SEND_MONEY,752,False,721,False,6.939495905101568,RCV0824,False,0,,,NORMAL,1,1,13312.02,-13262.02,0,0
TXN-SYN-9994A7D6,CUST0586,2026-09-15 12:33:38,30105.97,SEND_MONEY,1332,False,1329,False,2.3624696771511466,RCV0200,True,0,,,MULE_LIKE,0,0,4716.22,25389.75,0,0
TXN-SYN-08B61DBB,CUST0343,2026-09-15 12:34:37,1243.12,CASH_IN,1117,False,1057,False,0.5021596492080693,RCV1053,False,0,,AG005,NORMAL,0,0,8959.16,-7716.04,0,0
TXN-SYN-7D948980,CUST0298,2026-09-15 12:39:37,7217.73,CASH_OUT,1299,False,1213,False,3.2475060896720196,RCV0171,False,0,,AG009,NORMAL,0,2,12615.8,-5398.08,0,0
TXN-SYN-F4136EE9,CUST0679,2026-09-15 12:45:37,327.41,MOBILE_RECHARGE,617,False,574,False,7.15869543583235,RCV1142,False,0,,,NORMAL,0,1,6669.75,-6342.34,0,0
TXN-SYN-79D75C74,CUST0501,2026-09-15 12:54:34,101.04,SEND_MONEY,979,False,918,False,1.5049549807258555,RCV0930,False,0,,,NORMAL,0,0,1612.25,-1511.21,0,0
TXN-SYN-4DF744DC,CUST0008,2026-09-15 12:57:30,1581.53,BILL_PAY,171,False,151,False,4.140686194404425,RCV0243,False,0,,,NORMAL,0,0,6527.89,-4946.36,0,0
TXN-SYN-F7A7815D,CUST0174,2026-09-15 13:03:06,1468.46,CASH_OUT,349,False,337,False,1.7770446119681405,RCV0158,False,0,,AG010,NORMAL,0,0,9542.41,-8073.95,0,0
TXN-SYN-D6AAAE36,CUST0559,2026-09-15 13:16:34,40533.3,SEND_MONEY,1339,False,1287,False,6.660887389587625,RCV0998,True,0,,,MULE_LIKE,0,0,40139.73,393.57,0,0
TXN-SYN-AE0A8EB2,CUST0480,2026-09-15 13:21:39,36108.92,SEND_MONEY,670,False,634,False,3.4965542545288675,RCV0236,False,0,,,NORMAL,0,0,19946.21,16162.71,0,0
TXN-SYN-565E58FA,CUST0195,2026-09-15 13:23:41,25224.93,SEND_MONEY,111,False,63,False,1.163663978854761,RCV0310,True,0,,,MULE_LIKE,0,0,25224.93,0.0,0,0
TXN-SYN-691D8812,CUST0210,2026-09-15 13:54:29,20253.29,SEND_MONEY,1339,False,1292,False,1.4230092449924348,RCV0889,False,0,,,NORMAL,0,0,4010.89,16242.4,0,0
TXN-SYN-33A3A6C6,CUST0745,2026-09-15 14:10:12,289.08,CASH_OUT,769,False,692,False,1.4369160726173391,RCV0501,False,0,,AG005,NORMAL,0,0,17009.93,-16720.85,0,0
TXN-SYN-023AF2CA,CUST0103,2026-09-15 14:12:05,17809.62,SEND_MONEY,266,False,210,False,2.74071589342191,RCV0997,True,0,,,MULE_LIKE,0,0,6152.57,11657.05,0,0
TXN-SYN-414F1B59,CUST0544,2026-09-15 14:14:57,272.57,SEND_MONEY,989,False,944,False,5.1191826565780785,RCV0620,False,0,,,NORMAL,0,0,10160.32,-9887.75,0,0
TXN-SYN-B497BD0C,CUST0319,2026-09-15 14:15:19,1485.74,MOBILE_RECHARGE,1402,False,1389,False,3.1707061804491197,RCV0769,False,0,,,NORMAL,0,0,3954.55,-2468.81,0,0
TXN-SYN-456F22E5,CUST0760,2026-09-15 14:19:07,835.5,SEND_MONEY,1021,False,979,False,8.381281391219744,RCV0163,False,0,,,NORMAL,0,0,3160.63,-2325.13,0,0
TXN-SYN-6C37C6BE,CUST0442,2026-09-15 14:30:05,40026.85,CASH_IN,1416,False,1354,False,9.404733630614382,RCV0580,False,0,,AG028,NORMAL,0,0,1459.53,38567.32,0,0
TXN-SYN-3F8E09AC,CUST0437,2026-09-15 14:41:52,4864.31,CASH_IN,710,False,688,False,4.07873246657736,RCV0031,False,0,,AG008,NORMAL,0,0,1768.3,3096.01,0,0
TXN-SYN-274652D9,CUST0508,2026-09-15 14:42:43,7664.37,SEND_MONEY,673,True,656,False,7.545971985577923,RCV0507,True,0,,,SCAM_LIKE,0,0,15355.61,-7691.24,0,0
TXN-SYN-30A5672F,CUST0121,2026-09-15 14:43:15,23276.29,SEND_MONEY,1184,False,1166,False,9.962968042452259,RCV0293,True,0,,AG016,SCAM_LIKE,0,0,390.3,22885.99,0,0
TXN-SYN-AEB5EA5D,CUST0224,2026-09-15 14:43:38,2011.62,SEND_MONEY,1182,False,1150,False,9.79229815868414,RCV0708,False,0,,,NORMAL,0,0,1302.94,708.68,0,0
TXN-SYN-2602415B,CUST0188,2026-09-15 14:48:58,1827.94,MOBILE_RECHARGE,1148,False,1079,False,7.3529604802051125,RCV0826,False,0,,,NORMAL,0,0,5180.78,-3352.84,0,0
TXN-SYN-9C444669,CUST0282,2026-09-15 14:55:35,9435.64,SEND_MONEY,674,True,663,False,4.104957940605546,RCV0590,True,0,,,SCAM_LIKE,0,1,5018.91,4416.73,0,0
TXN-SYN-11D5EA2C,CUST0379,2026-09-15 15:08:50,328.14,CASH_OUT,1195,False,1150,False,0.6769566218446077,RCV0496,False,0,,AG008,NORMAL,0,0,11390.71,-11062.57,0,0
TXN-SYN-87E2887D,CUST0279,2026-09-15 15:17:43,225.72,SEND_MONEY,1228,False,1153,False,0.7028442064055129,RCV0936,False,0,,,NORMAL,0,0,26733.74,-26508.02,0,0
TXN-SYN-E4EB628F,CUST0742,2026-09-15 15:21:36,488.85,SEND_MONEY,549,False,480,False,6.552346332207045,RCV0417,False,0,,,NORMAL,0,1,10533.72,-10044.88,0,0
TXN-SYN-59B8F256,CUST0036,2026-09-15 15:33:32,22739.6,CASH_OUT,1244,False,1218,False,3.504940752098944,RCV0442,False,0,,AG011,NORMAL,0,0,708.95,22030.65,0,0
TXN-SYN-60494FD1,CUST0052,2026-09-15 15:33:32,9355.1,SEND_MONEY,354,False,350,False,6.515296853650074,RCV1092,False,0,,,NORMAL,0,0,1495.28,7859.82,0,0
TXN-SYN-EBBEC348,CUST0627,2026-09-15 15:34:43,89.38,BILL_PAY,830,False,770,False,5.948287062056128,RCV0948,False,0,,,NORMAL,0,0,8567.66,-8478.28,0,0
TXN-SYN-1D11CD91,CUST0093,2026-09-15 15:40:44,3002.84,CASH_OUT,685,False,610,False,0.2847122587682116,RCV1082,False,0,,AG016,NORMAL,0,1,9651.62,-6648.78,0,1
TXN-SYN-52F6EA43,CUST0797,2026-09-15 15:41:38,750.05,CASH_OUT,1420,False,1361,False,9.691823039377393,RCV0758,False,0,,AG020,NORMAL,0,0,81.85,668.2,0,0
TXN-SYN-0406695F,CUST0410,2026-09-15 15:42:57,479.0,MOBILE_RECHARGE,865,False,821,False,0.2315018119327117,RCV0307,False,0,,,NORMAL,0,0,3309.29,-2830.29,0,0
TXN-SYN-AE68F9F5,CUST0574,2026-09-15 15:48:43,6262.18,CASH_OUT,1418,False,1408,False,9.243639616856898,RCV0705,False,0,,AG012,NORMAL,0,0,11813.69,-5551.51,0,0
TXN-SYN-338381CF,CUST0384,2026-09-15 15:51:56,4103.06,SEND_MONEY,1256,False,1206,False,8.599992187818007,RCV0136,False,0,,,NORMAL,0,0,18059.0,-13955.94,0,0
TXN-SYN-85B58022,CUST0049,2026-09-15 15:57:26,7417.41,CASH_OUT,796,False,737,False,0.4434327386286008,RCV0616,False,0,,AG008,NORMAL,0,0,1472.8,5944.61,0,0
TXN-SYN-6E29F587,CUST0688,2026-09-15 16:11:14,47391.2,SEND_MONEY,321,False,293,False,3.5373039755718336,RCV0120,True,0,,,MULE_LIKE,0,0,498.8,46892.4,0,0
TXN-SYN-F8571131,CUST0214,2026-09-15 16:27:16,450.02,SEND_MONEY,964,False,929,False,1.6605252148153637,RCV0428,False,0,,,NORMAL,0,0,5070.39,-4620.37,0,0
TXN-SYN-5DC640F2,CUST0098,2026-09-15 16:30:16,13990.54,SEND_MONEY,621,False,614,False,3.3370420757562993,RCV0997,True,0,,AG004,MULE_LIKE,0,0,7896.53,6094.01,0,0
TXN-SYN-10E86C3B,CUST0079,2026-09-15 16:55:35,7699.74,SEND_MONEY,354,True,291,False,9.12105476783222,RCV0560,True,0,M003,,SCAM_LIKE,0,0,13816.42,-6116.68,0,0
TXN-SYN-75CE0A87,CUST0073,2026-09-15 17:00:53,106.65,CASH_IN,339,False,319,False,4.44479977977791,RCV0186,False,0,,AG005,NORMAL,0,1,5337.12,-5230.47,0,0
TXN-SYN-7F6D9AC3,CUST0154,2026-09-15 17:09:04,1259.62,SEND_MONEY,593,False,560,False,2.212215141822992,RCV0507,False,2,,,NORMAL,0,0,8071.97,-6812.35,0,0
TXN-SYN-18B30D77,CUST0550,2026-09-15 17:11:16,73.34,SEND_MONEY,1243,False,1181,False,9.637440831088595,RCV0869,False,0,,,NORMAL,0,0,1975.96,-1902.62,0,0
TXN-SYN-0F15A61B,CUST0654,2026-09-15 17:16:41,331.03,MERCHANT_PAYMENT,121,False,72,False,7.891484594482999,RCV0099,False,0,M031,,NORMAL,0,0,4034.0,-3702.97,0,0
TXN-SYN-FFC50745,CUST0023,2026-09-15 17:28:14,640.71,SEND_MONEY,761,False,757,False,6.06622251809582,RCV0775,False,0,,,NORMAL,0,0,2904.4,-2263.69,0,0
TXN-SYN-CC20A077,CUST0192,2026-09-15 17:34:17,50.0,SEND_MONEY,550,False,483,False,3.4848874291804632,RCV0898,False,1,,,NORMAL,0,0,4675.7,-4625.7,0,0
TXN-SYN-C64AC9C6,CUST0233,2026-09-15 17:35:00,658.52,SEND_MONEY,563,False,519,False,1.8557460274504778,RCV0539,False,0,,,NORMAL,0,0,11422.84,-10764.32,0,0
TXN-SYN-5784B61D,CUST0531,2026-09-15 17:37:32,31569.53,CASH_IN,1487,False,1399,False,0.7903267573291206,RCV1044,False,0,,AG017,NORMAL,0,0,9060.75,22508.78,0,0
TXN-SYN-C0BE6AA0,CUST0679,2026-09-15 17:39:03,50.0,CASH_IN,348,False,346,False,7.422972670037387,RCV0318,False,0,,AG010,NORMAL,0,2,5763.7,-5713.7,0,0
TXN-SYN-DCCB91CE,CUST0038,2026-09-15 17:45:23,4326.49,BILL_PAY,185,False,167,False,0.5047369771076682,RCV0199,False,1,,,NORMAL,0,0,45539.5,-41213.01,0,0
TXN-SYN-5951C90C,CUST0117,2026-09-15 17:49:23,41221.02,SEND_MONEY,781,False,710,False,7.69944700251679,RCV0999,True,0,,AG026,MULE_LIKE,0,0,5797.1,35423.92,0,0
TXN-SYN-D34411E9,CUST0490,2026-09-15 18:05:45,5090.6,CASH_OUT,833,False,818,False,7.504308488338632,RCV0249,False,0,,AG015,NORMAL,0,0,5090.6,0.0,0,0
TXN-SYN-70CE0D99,CUST0666,2026-09-15 18:07:41,16686.56,SEND_MONEY,1029,False,1012,False,3.7180168879499353,RCV0507,True,0,,,SCAM_LIKE,0,0,1010.0,15676.56,0,0
TXN-SYN-2BC31332,CUST0354,2026-09-15 18:14:45,1050.84,SEND_MONEY,618,False,545,False,1.0786433844424248,RCV0742,False,0,,,NORMAL,0,0,10881.73,-9830.89,0,0
TXN-SYN-D468E76B,CUST0781,2026-09-15 18:23:30,2620.32,SEND_MONEY,691,False,642,False,5.557247985992598,RCV0848,False,0,,,NORMAL,0,0,2620.32,0.0,0,0
TXN-SYN-DF10BC0E,CUST0403,2026-09-15 18:25:45,4886.23,MERCHANT_PAYMENT,1087,False,1069,False,0.8710928946143404,RCV0558,False,0,M025,,NORMAL,0,0,4886.23,0.0,0,0
TXN-SYN-DC3EB96B,CUST0629,2026-09-15 18:30:00,107.85,CASH_IN,969,False,918,False,6.030747041042436,RCV0668,False,0,,AG029,NORMAL,0,0,8332.35,-8224.5,0,0
TXN-SYN-5B3CA4D7,CUST0658,2026-09-15 18:40:31,1048.31,MOBILE_RECHARGE,1097,False,1054,False,2.7399060047259005,RCV0452,False,0,,,NORMAL,0,0,1747.02,-698.71,0,0
TXN-SYN-26B5D721,CUST0780,2026-09-15 18:42:49,9377.62,SEND_MONEY,512,False,492,False,4.764304435015529,RCV0278,False,0,,,NORMAL,0,0,23140.72,-13763.1,0,0
TXN-SYN-1BA2DE04,CUST0491,2026-09-15 19:01:00,24624.77,SEND_MONEY,314,True,228,False,8.651704734863305,RCV0275,True,0,,AG017,SCAM_LIKE,0,0,7880.18,16744.59,0,0
TXN-SYN-F1B4D09E,CUST0562,2026-09-15 19:16:20,2229.37,SEND_MONEY,1289,False,1229,False,4.694733125606825,RCV0473,False,0,,,NORMAL,0,0,2229.37,0.0,0,0
TXN-SYN-C118EF60,CUST0596,2026-09-15 19:17:09,868.37,SEND_MONEY,649,False,598,False,3.4244987561822873,RCV1028,False,0,,,NORMAL,0,0,9718.96,-8850.59,0,0
TXN-SYN-705A030D,CUST0483,2026-09-15 19:21:55,530.4,CASH_IN,197,False,157,False,6.583843069492145,RCV0875,False,0,,AG018,NORMAL,0,0,40214.68,-39684.28,0,0
TXN-SYN-1926B1E9,CUST0672,2026-09-15 19:28:40,4357.36,BILL_PAY,431,False,417,False,7.498507644364663,RCV0638,False,0,,,NORMAL,0,0,2306.89,2050.47,0,0
TXN-SYN-98476FCC,CUST0328,2026-09-15 19:31:04,3623.61,MERCHANT_PAYMENT,1438,False,1435,False,5.825587939097411,RCV0447,False,0,M037,,NORMAL,0,1,9707.03,-6083.42,0,0
TXN-SYN-7854A8DF,CUST0408,2026-09-15 19:32:45,180.97,BILL_PAY,345,False,288,False,6.653914717661468,RCV0313,False,0,,,NORMAL,0,1,1455.08,-1274.11,0,0
TXN-SYN-37097354,CUST0222,2026-09-15 19:40:45,69.1,MOBILE_RECHARGE,335,False,305,False,9.986114270374543,RCV0592,False,0,,,NORMAL,0,0,21228.19,-21159.09,0,0
TXN-SYN-D9FE12EA,CUST0031,2026-09-15 19:42:21,1819.06,CASH_IN,1072,False,991,False,4.133633959439447,RCV0190,False,0,,AG004,NORMAL,0,0,644.42,1174.64,0,0
TXN-SYN-3293CED9,CUST0510,2026-09-15 19:45:22,5685.21,CASH_IN,1487,False,1440,False,8.246314679891132,RCV0200,False,0,,AG013,NORMAL,0,0,1138.64,4546.57,0,0
TXN-SYN-8D5D11FA,CUST0118,2026-09-15 19:46:11,1758.29,SEND_MONEY,502,False,464,False,9.792381683199844,RCV0576,False,0,,,NORMAL,0,0,833.29,925.0,0,0
TXN-SYN-B71B5765,CUST0664,2026-09-15 19:49:43,1152.33,SEND_MONEY,882,False,840,False,7.6488326154212825,RCV0011,False,0,,,NORMAL,0,0,14893.39,-13741.06,0,0
TXN-SYN-139D8B1C,CUST0138,2026-09-15 19:50:39,330.3,MERCHANT_PAYMENT,163,False,162,False,2.688569129041717,RCV1197,False,2,M030,,NORMAL,0,0,1096.32,-766.02,0,0
TXN-SYN-803E544C,CUST0202,2026-09-15 19:51:50,3637.1,SEND_MONEY,1166,False,1090,False,2.9425040808846115,RCV0739,False,0,,,NORMAL,0,0,19282.06,-15644.96,0,0
TXN-SYN-920E8109,CUST0408,2026-09-15 19:54:29,25030.37,SEND_MONEY,526,False,465,False,0.16539449289876607,RCV0339,True,0,,AG001,MULE_LIKE,1,1,1273.06,23757.31,0,0
TXN-SYN-5561C0F5,CUST0361,2026-09-15 19:56:35,1152.99,CASH_OUT,1148,False,1106,False,1.3159923134454954,RCV0182,False,0,,AG002,NORMAL,0,0,778.19,374.8,0,0
TXN-SYN-76452EFE,CUST0388,2026-09-15 20:03:29,13986.56,SEND_MONEY,475,False,470,False,6.981169240835236,RCV0997,True,0,,,MULE_LIKE,0,0,21027.61,-7041.05,0,0
TXN-SYN-44060AC8,CUST0114,2026-09-15 20:11:08,270.38,SEND_MONEY,1067,False,1014,False,2.04446367065663,RCV0568,False,0,,,NORMAL,0,0,11055.06,-10784.68,0,0
TXN-SYN-984188E2,CUST0207,2026-09-15 20:32:28,16557.54,SEND_MONEY,721,True,650,False,5.278121082956208,RCV0212,True,0,,,SCAM_LIKE,0,0,3402.41,13155.13,0,0
TXN-SYN-918FCFBD,CUST0664,2026-09-15 20:32:33,7943.3,CASH_IN,327,False,278,False,0.5130008759420301,RCV0199,False,0,,AG013,NORMAL,1,1,12930.38,-4987.08,0,0
TXN-SYN-618D1494,CUST0545,2026-09-15 20:44:31,2471.88,MOBILE_RECHARGE,378,False,292,False,7.92927612751995,RCV1041,False,0,,,NORMAL,0,0,4778.03,-2306.15,0,0
TXN-SYN-36479AE5,CUST0259,2026-09-15 20:47:24,17780.25,SEND_MONEY,779,True,694,False,0.18998945572193615,RCV0825,True,0,,,SCAM_LIKE,0,0,4566.18,13214.07,0,0
TXN-SYN-3B49B954,CUST0506,2026-09-15 20:53:19,555.26,SEND_MONEY,181,False,97,False,8.893329647441108,RCV0656,False,0,,,NORMAL,0,0,18655.14,-18099.88,0,0
TXN-SYN-B7503BDC,CUST0118,2026-09-15 20:53:47,10997.97,SEND_MONEY,1397,False,1312,False,5.0649600147252185,RCV0173,True,0,,,MULE_LIKE,0,1,1141.62,9856.35,0,0
TXN-SYN-D168CAB0,CUST0736,2026-09-15 20:57:05,20700.51,SEND_MONEY,806,False,774,False,1.4076421869922018,RCV0999,True,0,M024,,MULE_LIKE,0,0,458.05,20242.46,0,0
TXN-SYN-C52A60F4,CUST0251,2026-09-15 20:57:18,12683.5,SEND_MONEY,1198,False,1109,False,5.1399871762396465,RCV0668,True,0,,,SCAM_LIKE,0,0,8360.3,4323.2,0,0
TXN-SYN-E9517110,CUST0293,2026-09-15 21:05:48,1230.88,MOBILE_RECHARGE,1148,False,1128,False,5.836050370080997,RCV1166,False,0,,,NORMAL,0,0,1896.3,-665.42,0,0
TXN-SYN-B22398C6,CUST0635,2026-09-15 21:09:14,196.17,SEND_MONEY,459,False,373,False,7.722591646531978,RCV0278,False,0,,,NORMAL,0,0,10465.59,-10269.42,0,0
TXN-SYN-18C48332,CUST0647,2026-09-15 21:11:08,1772.15,MOBILE_RECHARGE,935,False,925,False,0.39557506562613143,RCV1027,False,0,,,NORMAL,0,0,6456.0,-4683.85,0,0
TXN-SYN-17AB5715,CUST0169,2026-09-15 21:12:32,449.55,CASH_OUT,507,False,442,False,6.568075215238894,RCV0300,False,0,,AG004,NORMAL,0,0,608.94,-159.39,0,0
TXN-SYN-C8A503EB,CUST0398,2026-09-15 21:13:30,244.43,MOBILE_RECHARGE,1232,False,1155,False,6.274151112702953,RCV0073,False,0,,,NORMAL,0,0,5638.18,-5393.75,0,0
TXN-SYN-F7507BCE,CUST0489,2026-09-15 21:14:14,782.6,MERCHANT_PAYMENT,1362,False,1292,False,8.775817725333674,RCV0984,False,0,M011,,NORMAL,0,0,1975.22,-1192.62,0,0
TXN-SYN-03D7FC82,CUST0488,2026-09-15 21:15:24,13018.14,SEND_MONEY,954,False,947,False,1.2276585670330065,RCV0651,True,0,,,SCAM_LIKE,0,0,3642.61,9375.53,0,0
TXN-SYN-46919D9C,CUST0616,2026-09-15 21:17:26,1377.74,SEND_MONEY,855,False,820,False,0.31522185307112927,RCV0380,False,0,,,NORMAL,0,0,5137.33,-3759.59,0,0
TXN-SYN-CADC253F,CUST0323,2026-09-15 21:22:27,1013.69,MERCHANT_PAYMENT,275,False,189,False,1.4103811811415923,RCV0518,False,1,M030,,NORMAL,0,0,3226.38,-2212.69,0,0
TXN-SYN-01BAE11D,CUST0531,2026-09-15 21:27:48,3286.36,SEND_MONEY,924,False,903,False,7.47676996999029,RCV0608,False,0,,,NORMAL,0,1,12812.21,-9525.85,0,0
TXN-SYN-8C6C169F,CUST0243,2026-09-15 21:46:47,2268.53,MOBILE_RECHARGE,345,False,256,False,6.713035130935163,RCV0266,False,2,,,NORMAL,0,0,7594.12,-5325.59,0,0
TXN-SYN-18A619FF,CUST0785,2026-09-15 21:48:12,108.91,MOBILE_RECHARGE,1107,False,1086,False,5.414076073475852,RCV0200,False,0,,,NORMAL,0,0,13039.46,-12930.56,0,0
TXN-SYN-E632345D,CUST0096,2026-09-15 21:55:22,4872.18,SEND_MONEY,206,False,138,False,3.767274147899786,RCV0994,False,0,,,NORMAL,0,0,2697.57,2174.61,0,0
TXN-SYN-14F7B252,CUST0601,2026-09-15 21:55:49,4208.66,SEND_MONEY,808,False,785,False,4.133742958750194,RCV0356,False,0,,,NORMAL,0,0,49717.87,-45509.21,0,0
TXN-SYN-E7A70488,CUST0272,2026-09-15 22:06:23,22328.75,CASH_OUT,1128,False,1063,True,83.64604382212148,RCV0957,False,0,,AG016,CASH_OUT_RISK,0,0,334.94,21993.81,0,0
TXN-SYN-2ADD2AF5,CUST0398,2026-09-15 22:10:14,31528.14,CASH_OUT,689,False,610,True,86.59939039172107,RCV0328,False,0,,AG008,CASH_OUT_RISK,1,1,4559.43,26968.71,0,0
TXN-SYN-16B26A6E,CUST0774,2026-09-15 22:16:21,44813.16,CASH_OUT,539,False,506,True,91.49135011448342,RCV0949,False,0,,AG018,CASH_OUT_RISK,0,0,14680.48,30132.68,0,0
TXN-SYN-CD1BA028,CUST0733,2026-09-15 22:39:06,44426.11,CASH_OUT,887,False,869,True,56.85040596613354,RCV1012,False,2,,AG007,CASH_OUT_RISK,0,0,3169.79,41256.32,0,0
TXN-SYN-1111388A,CUST0643,2026-09-15 23:09:14,46583.15,CASH_OUT,1078,False,1001,True,62.19758256436126,RCV0690,False,0,,AG013,CASH_OUT_RISK,0,0,3029.04,43554.12,0,0
TXN-SYN-1245FE17,CUST0219,2026-09-15 23:33:20,15734.4,CASH_OUT,141,False,90,True,92.25653343326316,RCV0215,False,0,,AG027,CASH_OUT_RISK,0,0,8954.63,6779.77,0,0
TXN-SYN-B9E5E624,CUST0641,2026-09-16 00:31:49,103.47195180330124,MOBILE_RECHARGE,80,True,1,True,215.25899258534926,RCV0518,False,3,,,ACCOUNT_TAKEOVER_LIKE,0,0,17157.36,-17053.89,0,0
TXN-SYN-A00B17D8,CUST0248,2026-09-16 01:07:15,13170.567444464425,SEND_MONEY,27,True,0,True,231.04806206624252,RCV0681,False,4,,,ACCOUNT_TAKEOVER_LIKE,0,0,13222.89,-52.33,0,0
TXN-SYN-7572A9B0,CUST0560,2026-09-16 01:32:41,40591.58,CASH_OUT,1011,False,1000,True,51.94612718458451,RCV0203,False,0,,AG012,CASH_OUT_RISK,0,0,308.78,40282.8,0,0
TXN-SYN-50F74FD9,CUST0280,2026-09-16 01:54:17,19071.67,CASH_OUT,359,False,293,True,32.8320738536069,RCV0513,False,0,,AG003,CASH_OUT_RISK,0,0,36715.36,-17643.69,0,0
TXN-SYN-9542A155,CUST0460,2026-09-16 01:58:21,22851.04,CASH_OUT,1195,False,1142,True,25.469981791438787,RCV0514,False,0,,AG001,CASH_OUT_RISK,0,0,6199.12,16651.92,0,0
TXN-SYN-E4DBC9B3,CUST0789,2026-09-16 02:06:56,40353.44,CASH_OUT,836,False,791,True,44.18952270207506,RCV0514,False,0,,AG024,CASH_OUT_RISK,0,0,6571.52,33781.92,0,0
TXN-SYN-96B6977A,CUST0414,2026-09-16 02:41:10,17703.76254974821,MERCHANT_PAYMENT,85,True,1,True,129.75628899755907,RCV0906,False,3,M034,,ACCOUNT_TAKEOVER_LIKE,0,0,1434.81,16268.95,0,0
TXN-SYN-C4F2BC26,CUST0275,2026-09-16 02:56:33,23747.88,CASH_OUT,536,False,531,True,90.92570164403801,RCV1020,False,0,,AG021,CASH_OUT_RISK,0,0,9685.3,14062.58,0,0
TXN-SYN-47E900F6,CUST0548,2026-09-16 02:56:34,20469.97,CASH_OUT,402,False,313,True,49.88472781972802,RCV0604,False,0,,AG026,CASH_OUT_RISK,0,0,20469.97,0.0,0,0
TXN-SYN-978C04C0,CUST0387,2026-09-16 03:15:27,19357.42,CASH_OUT,1325,False,1255,True,36.10768842069334,RCV0565,False,0,M031,AG016,CASH_OUT_RISK,0,0,17207.21,2150.21,0,0
TXN-SYN-EFDD3494,CUST0730,2026-09-16 03:16:11,32139.64,CASH_OUT,207,False,136,True,86.7310928418868,RCV0463,False,0,,AG015,CASH_OUT_RISK,0,0,15377.6,16762.04,0,0
TXN-SYN-63340CD2,CUST0379,2026-09-16 03:22:11,2070.7016949959825,SEND_MONEY,58,True,0,True,372.45760637126756,RCV1178,False,5,,,ACCOUNT_TAKEOVER_LIKE,0,1,9546.95,-7476.25,0,1
TXN-SYN-CAC4064F,CUST0615,2026-09-16 03:47:39,26871.77,CASH_OUT,811,False,773,True,66.09119706840822,RCV0600,False,0,M042,AG018,CASH_OUT_RISK,0,0,8790.4,18081.37,0,0
TXN-SYN-DBFECD62,CUST0545,2026-09-16 04:15:47,2682.5377945192267,SEND_MONEY,37,True,2,True,382.78112308617216,RCV0583,False,5,,,ACCOUNT_TAKEOVER_LIKE,0,1,4201.49,-1518.95,0,0
TXN-SYN-407F05EE,CUST0719,2026-09-16 04:17:04,1759.4816410630865,CASH_IN,92,True,0,True,274.81376962682344,RCV0364,False,3,,AG004,ACCOUNT_TAKEOVER_LIKE,0,0,8336.71,-6577.23,0,0
TXN-SYN-B6ECC751,CUST0012,2026-09-16 04:21:11,5926.650404068841,SEND_MONEY,12,True,2,True,162.72785989032488,RCV0500,False,3,,,ACCOUNT_TAKEOVER_LIKE,0,0,10250.07,-4323.42,0,0
TXN-SYN-75D987E8,CUST0600,2026-09-16 04:23:17,8173.053902335374,MOBILE_RECHARGE,89,True,2,True,155.16070197141363,RCV0941,False,3,,,ACCOUNT_TAKEOVER_LIKE,0,0,5830.37,2342.68,0,0
TXN-SYN-5F8BBE27,CUST0712,2026-09-16 04:31:53,904.9565282399053,SEND_MONEY,84,True,0,True,237.07755467578866,RCV0583,False,4,,,ACCOUNT_TAKEOVER_LIKE,0,0,2230.55,-1325.59,0,0
TXN-SYN-3FD19B61,CUST0769,2026-09-16 04:53:28,81111.77408356544,SEND_MONEY,78,True,1,True,316.8317549737795,RCV0708,False,5,,,ACCOUNT_TAKEOVER_LIKE,0,0,2595.45,78516.32,0,0
TXN-SYN-2BFD610F,CUST0100,2026-09-16 05:59:08,7497.073707372205,CASH_OUT,26,True,0,True,178.92192253892748,RCV0258,False,2,,AG011,ACCOUNT_TAKEOVER_LIKE,0,0,15581.77,-8084.69,0,0
TXN-SYN-4D1BECDD,CUST0266,2026-09-16 08:01:18,1588.59,CASH_OUT,487,False,474,False,8.841143852998666,RCV0001,False,0,,AG007,NORMAL,0,0,1941.73,-353.14,0,0
TXN-SYN-0585F6C2,CUST0654,2026-09-16 08:09:45,134.18,SEND_MONEY,269,False,253,False,3.044739016157151,RCV0265,False,0,,,NORMAL,0,1,3416.84,-3282.66,0,0
TXN-SYN-99E724F7,CUST0309,2026-09-16 08:11:55,24588.92,SEND_MONEY,151,False,118,False,7.732530372171661,RCV0943,True,0,,AG003,SCAM_LIKE,0,0,212.56,24376.36,0,0
TXN-SYN-C0C42B4D,CUST0671,2026-09-16 08:24:45,16030.61,SEND_MONEY,810,False,801,False,9.228249645983714,RCV0259,True,0,,AG023,SCAM_LIKE,0,0,1005.22,15025.39,0,0
TXN-SYN-FC6ED949,CUST0530,2026-09-16 08:29:56,6773.5,SEND_MONEY,771,False,722,False,1.0806700911646283,RCV0363,False,0,,,NORMAL,0,0,469.09,6304.41,0,0
TXN-SYN-A7C49E0C,CUST0678,2026-09-16 08:32:28,17867.46,SEND_MONEY,1230,False,1179,False,0.33187630225001485,RCV0997,True,0,,,MULE_LIKE,0,0,4607.94,13259.52,0,0
TXN-SYN-070D9722,CUST0457,2026-09-16 08:38:04,120.74,MOBILE_RECHARGE,1463,False,1460,False,0.7686710338175484,RCV0690,False,0,,,NORMAL,0,0,6446.68,-6325.94,0,0
TXN-SYN-28158A57,CUST0124,2026-09-16 08:39:18,13898.93,SEND_MONEY,506,False,426,False,6.63257624856191,RCV1086,True,0,M018,,MULE_LIKE,0,1,9192.69,4706.24,0,0
TXN-SYN-405F540C,CUST0193,2026-09-16 08:40:59,415.01,SEND_MONEY,861,False,800,False,2.9432385423262284,RCV0065,False,0,,,NORMAL,0,0,111.36,303.64,0,0
TXN-SYN-659C8878,CUST0139,2026-09-16 08:51:02,461.21,SEND_MONEY,1494,False,1445,False,9.481237817754106,RCV0768,False,0,,,NORMAL,0,0,461.21,0.0,0,0
TXN-SYN-F28F1271,CUST0624,2026-09-16 09:01:25,2355.47,SEND_MONEY,1484,False,1414,False,6.162850602360239,RCV0628,False,0,,,NORMAL,0,0,50.0,2305.47,0,0
TXN-SYN-785593C0,CUST0355,2026-09-16 09:01:33,50.0,BILL_PAY,872,False,784,False,6.430968210213585,RCV1055,False,1,,,NORMAL,0,0,24212.08,-24162.08,0,0
TXN-SYN-3B25D224,CUST0280,2026-09-16 09:21:51,11518.32,SEND_MONEY,752,False,710,False,6.415044812562517,RCV0837,False,0,,,NORMAL,0,1,30834.13,-19315.81,0,1
TXN-SYN-FD2589D5,CUST0484,2026-09-16 09:23:36,4008.5,SEND_MONEY,531,False,531,False,3.1478381581281054,RCV0108,False,0,,,NORMAL,0,0,5289.92,-1281.42,0,0
TXN-SYN-456A2A95,CUST0378,2026-09-16 09:25:45,259.44,SEND_MONEY,559,False,540,False,5.032767198862631,RCV0457,False,0,,,NORMAL,0,1,563.45,-304.01,0,1
TXN-SYN-09AF9E81,CUST0571,2026-09-16 09:29:25,12967.11,SEND_MONEY,891,False,810,False,9.021173086422777,RCV0861,True,0,,,SCAM_LIKE,0,0,21819.55,-8852.44,0,0
TXN-SYN-ED65B031,CUST0094,2026-09-16 09:35:46,1807.47,MERCHANT_PAYMENT,800,False,721,False,9.161922088165571,RCV1105,False,0,M048,,NORMAL,0,0,15164.36,-13356.89,0,0
TXN-SYN-279353E9,CUST0418,2026-09-16 09:43:19,9865.68,SEND_MONEY,1260,False,1184,False,9.668241183367757,RCV1133,False,0,,,NORMAL,0,0,1605.43,8260.25,0,0
TXN-SYN-B0ECD18A,CUST0082,2026-09-16 09:46:51,3002.2,CASH_OUT,1415,False,1346,False,0.3244617377572445,RCV0928,False,1,,AG022,NORMAL,0,0,31510.46,-28508.26,0,0
TXN-SYN-3DCB71A2,CUST0228,2026-09-16 09:51:41,1408.56,SEND_MONEY,202,False,125,False,0.10468573316502638,RCV0367,False,2,,,NORMAL,0,0,9694.59,-8286.03,0,0
TXN-SYN-65E008CE,CUST0428,2026-09-16 09:53:50,26392.95,SEND_MONEY,320,False,302,False,8.08394882304023,RCV0507,False,0,,,NORMAL,0,0,3979.14,22413.81,0,0
TXN-SYN-097112F9,CUST0075,2026-09-16 10:05:31,7396.68,SEND_MONEY,963,False,874,False,5.170204310784614,RCV0679,True,0,,,SCAM_LIKE,0,0,9205.96,-1809.28,0,0
TXN-SYN-82F57DD1,CUST0292,2026-09-16 10:08:53,1692.53,CASH_OUT,764,False,756,False,2.116322340069443,RCV1051,False,0,,AG011,NORMAL,0,0,6687.75,-4995.22,0,0
TXN-SYN-E95CB646,CUST0205,2026-09-16 10:09:51,573.07,SEND_MONEY,978,False,939,False,3.2981580885636106,RCV0941,False,0,,,NORMAL,0,0,573.07,0.0,0,0
TXN-SYN-F5FB239C,CUST0636,2026-09-16 10:16:10,7466.21,SEND_MONEY,1447,False,1409,False,9.869694550592685,RCV0490,False,0,,,NORMAL,0,0,6399.66,1066.55,0,0
TXN-SYN-0234BE54,CUST0450,2026-09-16 10:26:08,1357.94,MERCHANT_PAYMENT,1402,False,1356,False,1.2694253158894298,RCV0827,False,0,M041,,NORMAL,0,0,4243.99,-2886.05,0,0
TXN-SYN-2345FC98,CUST0592,2026-09-16 10:37:58,132.47,MERCHANT_PAYMENT,364,False,279,False,8.43879411230929,RCV0998,False,0,M028,,NORMAL,0,0,17250.84,-17118.37,0,0
TXN-SYN-508BCBB3,CUST0628,2026-09-16 10:40:12,2384.02,BILL_PAY,1230,False,1180,False,4.292889503009519,RCV1028,False,0,,,NORMAL,0,0,10987.48,-8603.46,0,0
TXN-SYN-7890E44D,CUST0393,2026-09-16 10:44:57,634.43,SEND_MONEY,1226,False,1144,False,9.095373129917057,RCV0654,False,0,,,NORMAL,0,0,18397.63,-17763.2,0,0
TXN-SYN-D724FD8D,CUST0569,2026-09-16 10:45:51,374.48,MOBILE_RECHARGE,1075,False,989,False,8.429923545469949,RCV1124,False,0,,,NORMAL,0,0,2340.09,-1965.61,0,0
TXN-SYN-8144BBB8,CUST0120,2026-09-16 10:46:06,2458.23,CASH_OUT,908,False,883,False,9.259180886717914,RCV0387,False,0,,AG024,NORMAL,0,0,3172.96,-714.73,0,0
TXN-SYN-4BA56369,CUST0377,2026-09-16 10:49:10,2818.9,MOBILE_RECHARGE,532,False,488,False,0.8405023226380226,RCV0454,False,0,,,NORMAL,0,0,6287.53,-3468.63,0,0
TXN-SYN-4CEE42F6,CUST0598,2026-09-16 10:50:06,50.0,CASH_IN,982,False,940,False,3.9744488563492455,RCV0288,False,0,,AG019,NORMAL,0,0,621.67,-571.67,0,0
TXN-SYN-049DFF33,CUST0463,2026-09-16 10:54:02,16442.89,SEND_MONEY,229,True,198,False,0.7535434139725428,RCV0892,True,0,,,SCAM_LIKE,0,0,10886.32,5556.57,0,0
TXN-SYN-4CB02C47,CUST0502,2026-09-16 10:55:21,9708.14,SEND_MONEY,1066,True,982,False,9.491124568882471,RCV0985,True,2,,,SCAM_LIKE,0,0,12781.91,-3073.77,0,0
TXN-SYN-DD2D7681,CUST0183,2026-09-16 10:58:50,1808.24,SEND_MONEY,1145,False,1130,False,1.8049506574384377,RCV0923,False,0,,,NORMAL,0,0,6563.12,-4754.88,0,0
TXN-SYN-AC6442B1,CUST0425,2026-09-16 11:01:15,3555.65,SEND_MONEY,1047,False,980,False,2.314170932924833,RCV0882,False,0,,,NORMAL,0,0,9992.7,-6437.05,0,0
TXN-SYN-AB2A1C9B,CUST0672,2026-09-16 11:06:58,207.28,MERCHANT_PAYMENT,645,False,644,False,4.922086006481761,RCV0223,False,0,M037,,NORMAL,0,1,2990.38,-2783.1,0,0
TXN-SYN-057354E3,CUST0368,2026-09-16 11:19:21,450.14,SEND_MONEY,547,False,546,False,4.658476559532664,RCV0957,False,0,,,NORMAL,0,1,14665.4,-14215.26,0,0
TXN-SYN-3AC68F84,CUST0193,2026-09-16 11:19:38,4175.17,SEND_MONEY,858,False,854,False,6.026324003547025,RCV1063,False,2,,,NORMAL,0,1,212.58,3962.59,0,0
TXN-SYN-833177DE,CUST0332,2026-09-16 11:39:57,30395.11,SEND_MONEY,897,False,836,False,6.883531995402283,RCV0997,True,1,,,MULE_LIKE,0,0,4384.67,26010.44,0,0
TXN-SYN-DA56C5D2,CUST0026,2026-09-16 11:42:51,3615.27,CASH_IN,1455,False,1455,False,7.288280507965881,RCV0197,False,0,,AG029,NORMAL,0,0,7690.66,-4075.39,0,0
TXN-SYN-D48D67B1,CUST0209,2026-09-16 11:52:01,1702.21,CASH_OUT,156,False,84,False,7.5523653119995195,RCV0364,False,0,,AG027,NORMAL,0,0,9530.48,-7828.26,0,0
TXN-SYN-16E18D18,CUST0345,2026-09-16 11:54:42,229.18,SEND_MONEY,860,False,842,False,7.47740385641692,RCV1104,False,0,,,NORMAL,0,0,12398.68,-12169.5,0,0
TXN-SYN-13F9A4D6,CUST0119,2026-09-16 12:15:54,30875.38,SEND_MONEY,424,False,361,False,3.1816327042265424,RCV0975,True,0,M007,,MULE_LIKE,0,0,23400.66,7474.72,0,0
TXN-SYN-48C4DA4C,CUST0321,2026-09-16 12:17:03,16821.98,SEND_MONEY,978,True,975,False,4.8798015508325925,RCV0526,True,0,,AG021,SCAM_LIKE,0,0,7016.21,9805.77,0,0
TXN-SYN-BDA01D09,CUST0076,2026-09-16 12:18:00,2123.98,SEND_MONEY,1488,False,1428,False,9.85524133255218,RCV0502,False,0,,,NORMAL,0,0,666.76,1457.22,0,0
TXN-SYN-B3AB9B99,CUST0426,2026-09-16 12:18:33,750.67,MERCHANT_PAYMENT,814,False,764,False,0.6026739028956085,RCV1004,False,0,M021,,NORMAL,0,0,3787.86,-3037.18,0,0
TXN-SYN-A47725BC,CUST0576,2026-09-16 12:21:26,272.37,CASH_OUT,1055,False,1008,False,3.815290177381846,RCV0413,False,0,,AG020,NORMAL,0,0,1036.73,-764.36,0,0
TXN-SYN-35068244,CUST0357,2026-09-16 12:27:05,2902.68,BILL_PAY,800,False,733,False,8.64983863881746,RCV0524,False,0,,,NORMAL,0,0,16394.53,-13491.85,0,0
TXN-SYN-621FD080,CUST0497,2026-09-16 12:30:38,3182.49,MERCHANT_PAYMENT,1011,False,964,False,8.038751995898854,RCV1017,False,0,M001,,NORMAL,0,0,5507.5,-2325.01,0,0
TXN-SYN-54E7F040,CUST0535,2026-09-16 12:50:03,4534.03,CASH_OUT,1255,False,1223,False,1.0754626195472239,RCV1052,False,0,,AG027,NORMAL,0,0,12363.26,-7829.23,0,0
TXN-SYN-EFEE4562,CUST0634,2026-09-16 13:12:40,674.59,MOBILE_RECHARGE,1481,False,1447,False,4.885424664402571,RCV0687,False,0,,,NORMAL,0,0,794.15,-119.56,0,0
TXN-SYN-4720C373,CUST0743,2026-09-16 13:23:30,36816.27,SEND_MONEY,286,False,232,False,4.662959261449204,RCV0179,True,0,,,MULE_LIKE,0,0,14580.24,22236.03,0,0
TXN-SYN-DAA259EB,CUST0267,2026-09-16 13:24:02,837.8,SEND_MONEY,101,False,100,False,9.058576921967637,RCV0277,False,0,,,NORMAL,0,0,1807.74,-969.94,0,0
TXN-SYN-51372BE6,CUST0704,2026-09-16 13:25:05,665.89,MOBILE_RECHARGE,406,False,374,False,3.3395635634444587,RCV0947,False,0,,,NORMAL,0,0,36486.92,-35821.03,0,0
TXN-SYN-ED55D47F,CUST0669,2026-09-16 13:31:05,2153.81,SEND_MONEY,277,False,277,False,4.5393457075011066,RCV1083,False,0,,,NORMAL,0,0,6819.26,-4665.45,0,0
TXN-SYN-77ADE3E5,CUST0201,2026-09-16 13:31:11,1977.19,SEND_MONEY,1420,False,1373,False,5.232470752399799,RCV0415,False,0,,,NORMAL,0,0,4139.73,-2162.54,0,0
TXN-SYN-104640D5,CUST0522,2026-09-16 13:34:57,4710.27,SEND_MONEY,1485,False,1468,False,1.5770362125949189,RCV1078,False,0,,,NORMAL,0,0,24014.7,-19304.43,0,0
TXN-SYN-AE79A382,CUST0544,2026-09-16 13:37:21,6375.81,SEND_MONEY,846,False,794,False,1.7884106850779935,RCV0622,False,0,,,NORMAL,0,1,7688.38,-1312.57,0,0
TXN-SYN-343DDFBC,CUST0276,2026-09-16 13:38:45,39861.03,SEND_MONEY,1186,False,1167,False,9.771829065949959,RCV0997,True,0,,AG009,MULE_LIKE,0,0,23013.8,16847.23,0,0
TXN-SYN-D29F7212,CUST0130,2026-09-16 13:38:55,2801.42,SEND_MONEY,232,False,144,False,2.767199975422993,RCV0813,False,0,,,NORMAL,0,0,203.79,2597.63,0,0
TXN-SYN-B062AFAD,CUST0524,2026-09-16 13:49:34,27511.09,SEND_MONEY,557,False,491,False,8.008094946768324,RCV0898,True,0,,AG009,MULE_LIKE,0,0,4005.57,23505.52,0,0
TXN-SYN-82ED5FAA,CUST0445,2026-09-16 13:51:19,112.63,MERCHANT_PAYMENT,474,False,470,False,3.879350756788693,RCV0611,False,0,M030,,NORMAL,0,0,47158.03,-47045.4,0,0
TXN-SYN-01891C7A,CUST0580,2026-09-16 13:52:47,16158.97,SEND_MONEY,238,False,205,False,2.464598696375051,RCV0400,True,0,,,SCAM_LIKE,0,0,822.43,15336.54,0,0
TXN-SYN-C52484B8,CUST0532,2026-09-16 13:55:17,338.55,SEND_MONEY,801,False,737,False,7.618038952907225,RCV1075,False,0,,,NORMAL,0,0,338.55,0.0,0,0
TXN-SYN-47059385,CUST0525,2026-09-16 13:56:09,209.3,CASH_OUT,1396,False,1357,False,9.894521101400835,RCV0578,False,0,,AG006,NORMAL,0,0,9370.24,-9160.94,0,0
TXN-SYN-4757A69C,CUST0257,2026-09-16 13:56:30,7639.73,SEND_MONEY,999,False,974,False,1.4597709568062034,RCV1083,True,0,,,SCAM_LIKE,0,0,17066.66,-9426.93,0,0
TXN-SYN-BCC04507,CUST0472,2026-09-16 13:58:36,215.83,CASH_OUT,960,False,908,False,0.6344956087660358,RCV0178,False,1,,AG007,NORMAL,0,0,215.83,0.0,0,0
TXN-SYN-8E2C197F,CUST0077,2026-09-16 14:33:13,5099.13,SEND_MONEY,1429,True,1410,False,0.5365028175375408,RCV0067,True,0,M042,,SCAM_LIKE,0,0,853.74,4245.39,0,0
TXN-SYN-BF4E5329,CUST0338,2026-09-16 14:39:45,597.34,SEND_MONEY,218,False,154,False,7.785353710034054,RCV0794,False,0,,,NORMAL,0,0,597.34,0.0,0,0
TXN-SYN-939EF123,CUST0604,2026-09-16 14:40:36,274.39,SEND_MONEY,119,False,108,False,7.0753048562558005,RCV0375,False,0,,,NORMAL,0,0,5009.89,-4735.5,0,0
TXN-SYN-C1387C64,CUST0317,2026-09-16 14:53:37,2535.63,SEND_MONEY,947,False,939,False,7.887881406902152,RCV0639,False,0,,,NORMAL,0,0,12505.86,-9970.23,0,0
TXN-SYN-3E7BE0E2,CUST0213,2026-09-16 15:04:01,2603.65,CASH_OUT,1194,False,1127,False,0.5232147707626622,RCV1023,False,0,,AG008,NORMAL,0,0,7849.04,-5245.39,0,0
TXN-SYN-3158D23C,CUST0796,2026-09-16 15:08:37,13123.58,MOBILE_RECHARGE,1200,False,1193,False,7.683852430170185,RCV0368,False,0,,,NORMAL,0,0,12716.82,406.76,0,0
TXN-SYN-418C088C,CUST0088,2026-09-16 15:09:36,324.39,MERCHANT_PAYMENT,1081,False,1064,False,0.6991019350583105,RCV0908,False,0,M047,,NORMAL,0,0,17924.46,-17600.07,0,0
TXN-SYN-BA1D5259,CUST0459,2026-09-16 15:09:37,269.87,MERCHANT_PAYMENT,1001,False,972,False,7.030992499618433,RCV1149,False,0,M002,,NORMAL,0,0,40372.52,-40102.66,0,0
TXN-SYN-DB05A290,CUST0601,2026-09-16 15:15:45,35214.88,SEND_MONEY,528,False,511,False,8.199143504985758,RCV0899,True,0,,,MULE_LIKE,0,1,26963.26,8251.61,0,0
TXN-SYN-8F2C9AAF,CUST0736,2026-09-16 15:19:52,404.63,MERCHANT_PAYMENT,1447,False,1414,False,8.856427496513948,RCV0655,False,0,M022,,NORMAL,0,1,10579.28,-10174.65,0,0
TXN-SYN-5951A3C4,CUST0642,2026-09-16 15:24:46,260.75,BILL_PAY,997,False,927,False,2.7224054250604466,RCV1138,False,0,,,NORMAL,0,0,1899.33,-1638.58,0,0
TXN-SYN-5C4C505B,CUST0172,2026-09-16 15:47:14,2611.42,CASH_OUT,1429,False,1369,False,8.642147910972117,RCV0033,False,0,,AG013,NORMAL,0,0,14103.6,-11492.18,0,0
TXN-SYN-2EE975D7,CUST0135,2026-09-16 15:48:51,144.27,SEND_MONEY,867,False,794,False,2.7698978178488542,RCV0524,False,0,,,NORMAL,0,0,144.27,0.0,0,0
TXN-SYN-3338C63C,CUST0240,2026-09-16 15:50:21,633.46,SEND_MONEY,382,False,370,False,8.912626489153983,RCV0029,False,0,,,NORMAL,0,0,633.46,0.0,0,0
TXN-SYN-1D58DE8A,CUST0685,2026-09-16 15:53:37,1225.25,MERCHANT_PAYMENT,1267,False,1250,False,0.22198129030532754,RCV1155,False,0,M017,,NORMAL,0,0,38431.34,-37206.1,0,0
TXN-SYN-80A90847,CUST0628,2026-09-16 15:53:46,96.84,SEND_MONEY,729,False,649,False,6.824419246266452,RCV0170,False,0,,,NORMAL,0,1,8119.66,-8022.82,0,0
TXN-SYN-8AC66837,CUST0776,2026-09-16 15:54:05,928.28,SEND_MONEY,567,False,504,False,6.335179569538248,RCV0808,False,0,,,NORMAL,0,0,6063.54,-5135.26,0,0
TXN-SYN-B6E99BBF,CUST0382,2026-09-16 15:54:18,27681.98,SEND_MONEY,806,False,734,False,7.091322131603892,RCV0164,True,0,,,MULE_LIKE,0,0,5661.42,22020.56,0,0
TXN-SYN-BEE5AB47,CUST0291,2026-09-16 16:02:00,307.78,MOBILE_RECHARGE,522,False,522,False,0.09109943882201654,RCV0073,False,0,,,NORMAL,0,0,18534.12,-18226.34,0,0
TXN-SYN-CA47E5A4,CUST0679,2026-09-16 16:21:39,1778.97,SEND_MONEY,110,False,38,False,6.450826919667863,RCV0262,False,0,,,NORMAL,0,1,5049.49,-3270.52,0,0
TXN-SYN-E4BB0BF3,CUST0098,2026-09-16 16:32:07,24525.13,MERCHANT_PAYMENT,589,False,525,False,3.4166878157049005,RCV0177,False,0,M031,,NORMAL,0,0,9420.04,15105.1,0,0
TXN-SYN-C91C5580,CUST0505,2026-09-16 16:38:52,354.24,CASH_OUT,1036,False,984,False,6.22187934693105,RCV0691,False,0,,AG000,NORMAL,0,0,13020.48,-12666.24,0,0
TXN-SYN-E51F28DB,CUST0538,2026-09-16 16:43:17,6717.59,MOBILE_RECHARGE,772,False,748,False,0.6140658314112168,RCV0861,False,0,,,NORMAL,0,0,11076.24,-4358.65,0,0
TXN-SYN-1291D79F,CUST0499,2026-09-16 16:43:27,4136.65,CASH_OUT,626,False,550,False,4.928758971352993,RCV0790,False,0,,AG022,NORMAL,0,0,15415.04,-11278.39,0,0
TXN-SYN-D6E10B26,CUST0054,2026-09-16 16:50:12,1563.09,CASH_OUT,826,False,812,False,2.4498847254794045,RCV0485,False,0,,AG002,NORMAL,0,0,1563.09,0.0,0,0
TXN-SYN-58696765,CUST0273,2026-09-16 16:59:37,21705.73,SEND_MONEY,446,True,416,False,2.0515810795280354,RCV1071,True,0,,,SCAM_LIKE,0,0,1618.44,20087.29,0,0
TXN-SYN-DF617D1F,CUST0348,2026-09-16 17:06:41,50.13,SEND_MONEY,711,False,702,False,9.588009542588479,RCV0505,False,0,,,NORMAL,0,0,10301.31,-10251.18,0,0
TXN-SYN-0BD75255,CUST0648,2026-09-16 17:11:44,9301.92,SEND_MONEY,735,True,720,False,9.723164286576182,RCV0909,True,0,,,SCAM_LIKE,0,0,8445.82,856.1,0,0
TXN-SYN-E3361C16,CUST0565,2026-09-16 17:18:09,24294.75,SEND_MONEY,247,False,226,False,2.90509412778189,RCV1102,True,0,,,MULE_LIKE,0,0,1236.96,23057.79,0,0
TXN-SYN-EE668C46,CUST0202,2026-09-16 17:18:13,5183.13,CASH_IN,284,False,276,False,4.299949134593682,RCV0575,False,0,,AG013,NORMAL,0,1,17543.73,-12360.6,0,0
TXN-SYN-41BA858B,CUST0316,2026-09-16 17:19:09,3376.79,SEND_MONEY,760,False,688,False,2.5744199512243213,RCV0875,False,0,,,NORMAL,0,0,2747.63,629.16,0,0
TXN-SYN-5F565B2D,CUST0741,2026-09-16 17:25:47,853.24,BILL_PAY,1182,False,1116,False,8.14561831599658,RCV0920,False,0,,,NORMAL,0,0,359.75,493.49,0,0
TXN-SYN-8E982BC3,CUST0663,2026-09-16 17:27:07,2976.46,MERCHANT_PAYMENT,539,False,465,False,6.678925491386364,RCV0202,False,0,M005,,NORMAL,0,0,3290.29,-313.83,0,0
TXN-SYN-E54730B4,CUST0305,2026-09-16 17:29:05,5641.11,BILL_PAY,602,False,601,False,9.308240749901142,RCV0633,False,0,,,NORMAL,0,0,12332.8,-6691.69,0,0
TXN-SYN-8AC9296A,CUST0723,2026-09-16 17:40:20,2029.98,CASH_IN,1393,False,1347,False,0.6930855315530171,RCV1050,False,0,,AG029,NORMAL,0,0,3589.81,-1559.83,0,0
TXN-SYN-B06FDCB7,CUST0479,2026-09-16 17:46:46,100000.0,SEND_MONEY,1298,False,1210,False,4.190314170841275,RCV0110,False,0,,,NORMAL,0,0,2578.69,97421.31,0,0
TXN-SYN-8BA3A710,CUST0345,2026-09-16 17:47:45,19013.64,SEND_MONEY,284,True,231,False,3.079280518668689,RCV0083,True,0,M008,,SCAM_LIKE,0,1,8342.18,10671.46,0,0
TXN-SYN-8C28EEF6,CUST0560,2026-09-16 18:00:31,700.71,CASH_IN,125,False,60,False,5.115574331724856,RCV0815,False,0,,AG013,NORMAL,0,1,20450.18,-19749.47,0,1
TXN-SYN-20126E00,CUST0433,2026-09-16 18:04:53,40105.07,SEND_MONEY,1094,False,1072,False,9.831934097481101,RCV0999,True,1,M028,,MULE_LIKE,0,0,12554.47,27550.6,0,0
TXN-SYN-0C5AAE20,CUST0481,2026-09-16 18:14:41,6551.77,SEND_MONEY,111,True,74,False,0.596375460800902,RCV0363,True,0,,,SCAM_LIKE,0,0,25588.8,-19037.04,0,0
TXN-SYN-DB3A5631,CUST0415,2026-09-16 18:17:26,3751.69,BILL_PAY,634,False,621,False,0.120980216984522,RCV0707,False,0,,,NORMAL,0,0,13434.84,-9683.15,0,0
TXN-SYN-F31D56F0,CUST0231,2026-09-16 18:18:30,48111.71,SEND_MONEY,344,False,342,False,2.3416868619664246,RCV0315,True,0,,AG005,MULE_LIKE,0,0,15525.22,32586.49,0,0
TXN-SYN-3748481C,CUST0619,2026-09-16 18:20:58,3695.74,CASH_OUT,1197,False,1135,False,3.886309456071028,RCV0792,False,0,,AG027,NORMAL,0,0,998.97,2696.77,0,0
TXN-SYN-CAE9E708,CUST0693,2026-09-16 18:23:09,214.84,SEND_MONEY,944,False,890,False,6.59102943484481,RCV0953,False,0,,,NORMAL,0,0,5875.27,-5660.43,0,0
TXN-SYN-27547B95,CUST0771,2026-09-16 18:29:05,2983.61,SEND_MONEY,1170,False,1143,False,7.092138633046741,RCV1025,False,0,,,NORMAL,0,0,33585.46,-30601.85,0,0
TXN-SYN-9FF3EE18,CUST0490,2026-09-16 18:43:06,1841.74,MERCHANT_PAYMENT,1337,False,1308,False,3.959036304645811,RCV1183,False,0,M041,,NORMAL,0,0,5090.6,-3248.86,0,0
TXN-SYN-880D6AE3,CUST0427,2026-09-16 18:44:43,392.91,SEND_MONEY,1337,False,1322,False,0.05212518476924943,RCV0214,False,0,,,NORMAL,0,0,20688.61,-20295.7,0,0
TXN-SYN-D518FB3B,CUST0370,2026-09-16 18:44:46,573.7,MERCHANT_PAYMENT,720,False,678,False,1.499710594634972,RCV0374,False,0,M027,,NORMAL,0,0,432.87,140.83,0,0
TXN-SYN-0B42855B,CUST0179,2026-09-16 18:51:00,18593.47,SEND_MONEY,632,True,617,False,0.9890352633237398,RCV1010,True,0,,,SCAM_LIKE,0,0,2095.7,16497.77,0,0
TXN-SYN-CADB4242,CUST0208,2026-09-16 19:03:22,443.78,BILL_PAY,324,False,262,False,2.3335985154950656,RCV1122,False,0,,,NORMAL,0,0,838.93,-395.15,0,0
TXN-SYN-CF6152D0,CUST0016,2026-09-16 19:10:49,338.17,SEND_MONEY,127,False,103,False,0.9283428158451246,RCV1044,False,0,,,NORMAL,0,0,13272.78,-12934.6,0,0
TXN-SYN-80D44579,CUST0054,2026-09-16 19:23:15,2423.41,BILL_PAY,721,False,661,False,2.99320026031615,RCV0084,False,0,,,NORMAL,0,1,1563.09,860.32,0,1
TXN-SYN-472D3659,CUST0440,2026-09-16 19:25:01,17180.01,SEND_MONEY,1282,False,1262,False,8.465344931234052,RCV0068,True,0,M036,,MULE_LIKE,0,0,1081.14,16098.86,0,0
TXN-SYN-7031DE64,CUST0405,2026-09-16 19:32:43,3587.25,SEND_MONEY,357,False,270,False,8.913650378997533,RCV0919,False,0,,,NORMAL,0,0,4713.61,-1126.36,0,0
TXN-SYN-C50D13A5,CUST0125,2026-09-16 19:35:07,1255.34,SEND_MONEY,144,False,70,False,5.824577391535629,RCV0834,False,0,,,NORMAL,0,0,6476.11,-5220.77,0,0
TXN-SYN-5305CBF4,CUST0007,2026-09-16 19:42:36,355.86,SEND_MONEY,437,False,425,False,3.060155947380373,RCV0776,False,0,,,NORMAL,0,0,355.86,0.0,0,0
TXN-SYN-64C36686,CUST0438,2026-09-16 19:44:47,608.76,CASH_OUT,714,False,654,False,6.009296006037102,RCV0987,False,0,,AG016,NORMAL,0,0,16725.45,-16116.69,0,0
TXN-SYN-A91D2EC0,CUST0293,2026-09-16 19:46:07,2119.62,CASH_OUT,182,False,107,False,5.117440125678645,RCV0290,False,0,,AG027,NORMAL,0,1,1674.5,445.12,0,0
TXN-SYN-F0FB04BC,CUST0392,2026-09-16 19:54:21,1493.68,CASH_IN,1367,False,1328,False,6.008316965933784,RCV0162,False,0,,AG028,NORMAL,0,0,3412.95,-1919.27,0,0
TXN-SYN-F61DF0B0,CUST0329,2026-09-16 20:04:19,46424.96,SEND_MONEY,1014,False,979,False,6.429255636142532,RCV0774,True,0,,,MULE_LIKE,0,0,3228.84,43196.12,0,0
TXN-SYN-DC1D04E8,CUST0144,2026-09-16 20:04:46,326.21,CASH_OUT,1008,False,963,False,0.7620037959916315,RCV0928,False,0,,AG018,NORMAL,0,0,1833.14,-1506.93,0,0
TXN-SYN-B7457CC6,CUST0353,2026-09-16 20:06:12,1029.37,MERCHANT_PAYMENT,1440,False,1412,False,4.390955652508285,RCV0140,False,2,M016,,NORMAL,0,0,453.38,575.98,0,0
TXN-SYN-018A5F2F,CUST0537,2026-09-16 20:06:16,295.89,BILL_PAY,1088,False,1037,False,8.386227670511769,RCV0561,False,0,,,NORMAL,0,0,1955.79,-1659.9,0,0
TXN-SYN-77645841,CUST0120,2026-09-16 20:14:46,16945.56,SEND_MONEY,436,False,411,False,8.683011070355867,RCV0213,True,0,,,SCAM_LIKE,0,1,2815.6,14129.96,0,1
TXN-SYN-1DEE7FF8,CUST0229,2026-09-16 20:24:42,7767.24,BILL_PAY,1058,False,1013,False,2.68446976473406,RCV0099,False,0,,,NORMAL,0,0,24036.34,-16269.11,0,0
TXN-SYN-6AF86AC4,CUST0023,2026-09-16 20:30:23,367.58,SEND_MONEY,1237,False,1151,False,7.5705083455688325,RCV0908,False,0,,,NORMAL,0,0,2338.48,-1970.9,0,0
TXN-SYN-40C0C79F,CUST0320,2026-09-16 20:51:29,45119.86,SEND_MONEY,845,False,822,False,0.544475903069751,RCV0083,True,0,M038,,MULE_LIKE,0,0,13486.28,31633.58,0,0
TXN-SYN-83542596,CUST0527,2026-09-16 20:54:41,411.58,SEND_MONEY,1186,False,1181,False,6.727559076505797,RCV0384,False,0,,,NORMAL,0,0,28143.97,-27732.39,0,0
TXN-SYN-8EA0002E,CUST0335,2026-09-16 20:59:34,4743.09,SEND_MONEY,719,False,716,False,6.194955829943495,RCV0768,False,1,,,NORMAL,0,0,17354.23,-12611.14,0,0
TXN-SYN-EF10C8F1,CUST0446,2026-09-16 21:12:22,2604.97,CASH_OUT,128,False,95,False,0.7267594943717226,RCV0278,False,0,,AG004,NORMAL,0,0,636.79,1968.18,0,0
TXN-SYN-13D07845,CUST0638,2026-09-16 21:13:04,232.21,MOBILE_RECHARGE,1185,False,1174,False,9.080744025295909,RCV0705,False,0,,,NORMAL,0,0,11089.84,-10857.63,0,0
TXN-SYN-B73F48D1,CUST0485,2026-09-16 21:14:42,407.72,CASH_OUT,1358,False,1274,False,6.765615226698481,RCV0952,False,0,,AG007,NORMAL,0,0,6680.44,-6272.72,0,0
TXN-SYN-4349822E,CUST0043,2026-09-16 21:26:44,12067.52,SEND_MONEY,243,False,200,False,6.643539526593868,RCV1178,False,0,,,NORMAL,0,0,15181.33,-3113.81,0,0
TXN-SYN-D13E1D91,CUST0082,2026-09-16 21:27:55,9138.89,SEND_MONEY,873,False,789,False,9.0430730507047,RCV0092,False,0,,,NORMAL,0,1,17256.33,-8117.44,0,1
TXN-SYN-BBEA7DF9,CUST0615,2026-09-16 21:28:31,597.67,MOBILE_RECHARGE,614,False,547,False,3.2924347876357696,RCV0469,False,0,,,NORMAL,0,1,12406.67,-11809.0,0,1
TXN-SYN-8206CF48,CUST0203,2026-09-16 21:29:12,2850.82,CASH_IN,1056,False,970,False,3.1811074240831694,RCV0988,False,0,,AG029,NORMAL,0,0,24415.58,-21564.76,0,0
TXN-SYN-8B18C053,CUST0616,2026-09-16 21:32:14,372.33,BILL_PAY,164,False,120,False,9.994827040238524,RCV0897,False,0,,,NORMAL,0,0,4197.43,-3825.1,0,0
TXN-SYN-C148A46A,CUST0162,2026-09-16 21:35:02,103.84,MOBILE_RECHARGE,464,False,451,False,3.294658538444881,RCV0763,False,0,,,NORMAL,0,0,10668.98,-10565.14,0,0
TXN-SYN-916AB0B0,CUST0421,2026-09-16 21:36:33,3661.36,SEND_MONEY,319,False,242,False,4.2803163643587885,RCV0012,False,0,,,NORMAL,0,0,8937.3,-5275.94,0,0
TXN-SYN-6E1CCE54,CUST0691,2026-09-16 21:42:15,4926.38,MERCHANT_PAYMENT,401,False,330,False,0.3151662712949854,RCV0193,False,0,M043,,NORMAL,0,0,323.54,4602.84,0,0
TXN-SYN-31AE4A65,CUST0619,2026-09-16 21:45:18,18316.91,SEND_MONEY,460,True,383,False,7.846399144689324,RCV0613,True,0,M006,,SCAM_LIKE,0,1,1538.32,16778.59,0,1
TXN-SYN-211EE756,CUST0038,2026-09-16 21:52:09,623.2,SEND_MONEY,194,False,132,False,4.154885700062893,RCV0285,False,0,,,NORMAL,0,0,31801.83,-31178.63,0,0
TXN-SYN-124C72E1,CUST0095,2026-09-16 21:53:30,1536.99,SEND_MONEY,778,False,730,False,5.692064631294277,RCV0957,False,0,,,NORMAL,0,0,8009.19,-6472.2,0,0
TXN-SYN-A0827640,CUST0213,2026-09-16 21:54:04,1352.86,SEND_MONEY,952,False,868,False,3.095419918620881,RCV0744,False,0,,,NORMAL,0,1,6537.69,-5184.83,0,1
TXN-SYN-78C6E92C,CUST0609,2026-09-16 22:59:58,32937.59,CASH_OUT,1189,False,1116,True,24.98184847055085,RCV0841,False,0,,AG028,CASH_OUT_RISK,0,0,2428.66,30508.93,0,0
TXN-SYN-CF7B8D99,CUST0052,2026-09-16 23:02:40,45463.86,CASH_OUT,1298,False,1246,True,52.02844754159668,RCV0790,False,0,,AG005,CASH_OUT_RISK,0,0,2618.11,42845.75,0,0
TXN-SYN-E76F32C9,CUST0236,2026-09-16 23:46:34,47637.11,CASH_OUT,789,False,727,True,98.49932779643697,RCV0615,False,0,M016,AG002,CASH_OUT_RISK,0,0,1333.78,46303.33,0,0
TXN-SYN-7F7E81C4,CUST0411,2026-09-17 01:11:09,15002.310919505231,MERCHANT_PAYMENT,40,True,0,True,197.65393579771185,RCV0070,False,4,M030,,ACCOUNT_TAKEOVER_LIKE,0,0,225.49,14776.82,0,0
TXN-SYN-F1706603,CUST0770,2026-09-17 01:12:43,13892.714552485519,SEND_MONEY,14,True,2,True,402.50813005591,RCV0222,False,4,,,ACCOUNT_TAKEOVER_LIKE,0,0,14162.68,-269.96,0,0
TXN-SYN-B163F1BF,CUST0119,2026-09-17 01:19:46,3448.4809301934592,CASH_OUT,46,True,1,True,54.55515134305131,RCV0849,False,4,,AG000,ACCOUNT_TAKEOVER_LIKE,0,1,24895.6,-21447.12,0,0
TXN-SYN-9D3A022F,CUST0004,2026-09-17 01:43:18,5108.428614836125,BILL_PAY,41,True,0,True,185.36277248844536,RCV0033,False,4,,,ACCOUNT_TAKEOVER_LIKE,0,0,4071.88,1036.55,0,0
TXN-SYN-413707F9,CUST0488,2026-09-17 01:48:48,57093.265539636785,CASH_IN,57,True,2,True,137.67822124491386,RCV0701,False,5,,AG018,ACCOUNT_TAKEOVER_LIKE,0,0,5986.49,51106.77,0,0
TXN-SYN-089FDD55,CUST0221,2026-09-17 02:02:32,25436.82,CASH_OUT,137,False,79,True,50.97005245613759,RCV0797,False,0,M006,AG011,CASH_OUT_RISK,0,0,11297.76,14139.06,0,0
TXN-SYN-DF63C937,CUST0483,2026-09-17 02:06:28,1651.7786967209227,SEND_MONEY,61,True,0,True,250.68123815464466,RCV0730,False,4,,,ACCOUNT_TAKEOVER_LIKE,0,0,26986.59,-25334.81,0,0
TXN-SYN-08B8AE8A,CUST0089,2026-09-17 02:11:08,3801.687899794777,CASH_OUT,77,True,0,True,332.7000045309439,RCV0676,False,2,,AG018,ACCOUNT_TAKEOVER_LIKE,0,0,8475.02,-4673.33,0,0
TXN-SYN-39428C9F,CUST0024,2026-09-17 02:38:38,2154.3918623444333,SEND_MONEY,26,True,0,True,343.4823293528595,RCV0464,False,5,,,ACCOUNT_TAKEOVER_LIKE,0,0,3739.28,-1584.89,0,0
TXN-SYN-F2F7A854,CUST0371,2026-09-17 03:25:40,48704.91,CASH_OUT,1202,False,1200,True,66.56348627844585,RCV0996,False,0,,AG018,CASH_OUT_RISK,0,0,37430.76,11274.15,0,0
TXN-SYN-9817C7B1,CUST0278,2026-09-17 03:30:22,40679.1,CASH_OUT,862,False,819,True,72.45795796739986,RCV0705,False,0,M047,AG009,CASH_OUT_RISK,0,0,10125.51,30553.59,0,0
TXN-SYN-184EBF00,CUST0781,2026-09-17 03:42:18,837.7463163568995,CASH_IN,98,True,2,True,97.46316498048375,RCV1000,False,4,,AG019,ACCOUNT_TAKEOVER_LIKE,0,0,2620.32,-1782.57,0,0
TXN-SYN-4FFFC6BE,CUST0059,2026-09-17 03:58:45,7394.0182635070705,SEND_MONEY,11,True,1,True,217.61327289132308,RCV0542,False,2,,,ACCOUNT_TAKEOVER_LIKE,0,0,15569.49,-8175.48,0,0
TXN-SYN-D2944FF2,CUST0341,2026-09-17 04:05:24,61473.68123892697,MERCHANT_PAYMENT,90,True,2,True,329.6589901955531,RCV1194,False,2,M006,,ACCOUNT_TAKEOVER_LIKE,0,0,7352.34,54121.34,0,0
TXN-SYN-9767D3D5,CUST0099,2026-09-17 04:25:40,1873.120726851822,MOBILE_RECHARGE,52,True,0,True,165.2095278776809,RCV0188,False,2,,,ACCOUNT_TAKEOVER_LIKE,0,0,2436.68,-563.56,0,0
TXN-SYN-1A2D22BA,CUST0601,2026-09-17 05:20:39,468.40394136623684,SEND_MONEY,56,True,2,True,419.81407379926276,RCV0992,False,3,,,ACCOUNT_TAKEOVER_LIKE,0,1,29713.8,-29245.4,0,0
TXN-SYN-17542FA0,CUST0532,2026-09-17 05:21:29,220.59377613287805,CASH_OUT,62,True,1,True,258.4277225381038,RCV1076,False,5,,AG017,ACCOUNT_TAKEOVER_LIKE,0,1,338.55,-117.96,0,0
TXN-SYN-E118C113,CUST0084,2026-09-17 05:40:25,911.6676968051419,SEND_MONEY,74,True,0,True,343.62939812030794,RCV0520,False,4,,,ACCOUNT_TAKEOVER_LIKE,0,0,19637.3,-18725.64,0,0
TXN-SYN-8E5C7FB0,CUST0172,2026-09-17 08:02:36,177.54,BILL_PAY,205,False,202,False,8.848940747518576,RCV0303,False,0,,,NORMAL,0,1,11805.16,-11627.62,0,1
TXN-SYN-0A8A16FA,CUST0334,2026-09-17 08:07:53,5924.72,BILL_PAY,194,False,155,False,9.628719091948769,RCV0513,False,0,,,NORMAL,0,0,858.09,5066.63,0,0
TXN-SYN-43B6D641,CUST0541,2026-09-17 08:13:46,19251.28,SEND_MONEY,1400,False,1323,False,6.31182855578336,RCV0246,True,0,,,MULE_LIKE,0,0,30981.76,-11730.48,0,0
TXN-SYN-52096BB1,CUST0067,2026-09-17 08:18:28,534.08,MERCHANT_PAYMENT,285,False,246,False,8.848588964833388,RCV0827,False,0,M030,,NORMAL,0,0,8188.11,-7654.03,0,0
TXN-SYN-1C3F0442,CUST0344,2026-09-17 08:25:13,5186.1,SEND_MONEY,1352,False,1347,False,5.6772731793105455,RCV0223,False,0,,,NORMAL,0,0,3779.42,1406.68,0,0
TXN-SYN-030A47EF,CUST0779,2026-09-17 08:40:18,7771.5,MERCHANT_PAYMENT,1465,False,1453,False,8.955232284962005,RCV0278,False,0,M011,,NORMAL,0,0,15882.6,-8111.1,0,0
TXN-SYN-EDFAA599,CUST0506,2026-09-17 08:43:10,1706.76,MERCHANT_PAYMENT,1025,False,1004,False,3.2080223414635634,RCV0230,False,0,M045,,NORMAL,0,0,9605.2,-7898.44,0,0
TXN-SYN-83D39033,CUST0611,2026-09-17 09:24:17,410.48,SEND_MONEY,1126,False,1109,False,0.5984718972688852,RCV1112,False,0,,,NORMAL,0,0,2472.48,-2062.0,0,0
TXN-SYN-5B0A0C62,CUST0607,2026-09-17 09:26:08,40718.7,SEND_MONEY,1451,False,1382,False,9.542388633182936,RCV0999,True,0,,,MULE_LIKE,0,0,47458.13,-6739.43,0,0
TXN-SYN-A21225BC,CUST0431,2026-09-17 09:26:23,400.76,SEND_MONEY,1390,False,1386,False,8.216821559219019,RCV1089,False,0,,,NORMAL,0,0,565.43,-164.67,0,0
TXN-SYN-2F9F4998,CUST0790,2026-09-17 09:28:09,1050.95,CASH_IN,144,False,110,False,9.33136286760815,RCV0632,False,0,,AG015,NORMAL,0,0,1204.66,-153.7,0,0
TXN-SYN-CCBA3861,CUST0133,2026-09-17 09:47:35,1736.16,SEND_MONEY,615,False,559,False,7.704014077488569,RCV0406,False,0,,,NORMAL,0,0,406.9,1329.26,0,0
TXN-SYN-AF1D5DA1,CUST0338,2026-09-17 09:56:38,3177.41,CASH_OUT,1230,False,1159,False,1.2788246441632523,RCV0714,False,0,,AG001,NORMAL,0,1,597.34,2580.07,0,0
TXN-SYN-34251F1E,CUST0225,2026-09-17 09:59:28,279.88,SEND_MONEY,1293,False,1218,False,9.429499947200082,RCV0352,False,0,,,NORMAL,0,0,1112.2,-832.32,0,0
TXN-SYN-933E4C7B,CUST0624,2026-09-17 10:05:32,14974.16,SEND_MONEY,1081,True,1061,False,9.119941513450492,RCV1127,True,0,,AG022,SCAM_LIKE,0,0,1202.73,13771.42,0,0
TXN-SYN-490FF3CF,CUST0487,2026-09-17 10:19:24,3983.72,SEND_MONEY,830,False,761,False,7.939550847155906,RCV1096,False,0,,,NORMAL,0,0,1848.93,2134.79,0,0
TXN-SYN-77B40392,CUST0474,2026-09-17 10:22:22,41275.77,SEND_MONEY,975,False,927,False,4.613536422335595,RCV0652,True,0,,,MULE_LIKE,0,0,8151.72,33124.04,0,0
TXN-SYN-296631AB,CUST0241,2026-09-17 10:51:33,880.35,CASH_IN,1332,False,1275,False,5.338117142583449,RCV0998,False,0,,AG014,NORMAL,0,0,22238.92,-21358.57,0,0
TXN-SYN-0B690042,CUST0662,2026-09-17 10:52:53,424.2,SEND_MONEY,917,False,884,False,2.9272443783977184,RCV0707,False,0,,,NORMAL,0,0,2319.46,-1895.26,0,0
TXN-SYN-46552EED,CUST0379,2026-09-17 10:53:54,1783.28,SEND_MONEY,284,False,268,False,3.9679288146565317,RCV0793,False,0,,,NORMAL,0,0,8478.91,-6695.63,0,0
TXN-SYN-6596CA3D,CUST0206,2026-09-17 10:57:49,1084.08,SEND_MONEY,231,False,150,False,2.594347259452876,RCV0982,False,0,,,NORMAL,0,0,4712.53,-3628.45,0,0
TXN-SYN-8B2431C5,CUST0581,2026-09-17 11:05:19,9695.09,SEND_MONEY,573,True,496,False,8.58761429838704,RCV0469,True,0,M041,,SCAM_LIKE,0,0,18169.71,-8474.62,0,0
TXN-SYN-D57FB617,CUST0395,2026-09-17 11:06:41,1624.18,BILL_PAY,888,False,852,False,8.913139356064557,RCV1161,False,0,,,NORMAL,0,0,5674.06,-4049.88,0,0
TXN-SYN-463A9559,CUST0548,2026-09-17 11:07:22,3797.46,CASH_IN,909,False,834,False,2.7789112598775603,RCV1142,False,0,,AG015,NORMAL,0,0,20469.97,-16672.51,0,0
TXN-SYN-32D1A312,CUST0651,2026-09-17 11:08:12,175.48,CASH_OUT,1131,False,1046,False,4.618344345606084,RCV0559,False,0,,AG008,NORMAL,0,0,6614.57,-6439.09,0,0
TXN-SYN-1DA99D72,CUST0462,2026-09-17 11:11:26,695.38,SEND_MONEY,1488,False,1483,False,7.234464920450704,RCV0591,False,0,,,NORMAL,0,0,16536.72,-15841.34,0,0
TXN-SYN-06D7FBF6,CUST0452,2026-09-17 11:15:51,20737.28,SEND_MONEY,106,True,30,False,0.4596507973936015,RCV0963,True,0,,,SCAM_LIKE,0,0,8720.55,12016.73,0,0
TXN-SYN-375CBAE6,CUST0482,2026-09-17 11:25:40,210.4,CASH_OUT,533,False,455,False,6.596079889275789,RCV0817,False,0,,AG008,NORMAL,0,0,14716.98,-14506.58,0,0
TXN-SYN-AAE52773,CUST0405,2026-09-17 11:31:15,905.13,CASH_OUT,1021,False,1005,False,6.748520451044992,RCV0619,False,0,,AG001,NORMAL,0,1,4338.16,-3433.03,0,0
TXN-SYN-EC124B2A,CUST0574,2026-09-17 11:35:35,2033.46,MERCHANT_PAYMENT,1179,False,1097,False,9.385555985584778,RCV0631,False,0,M036,,NORMAL,0,0,10425.81,-8392.35,0,0
TXN-SYN-0C079D58,CUST0117,2026-09-17 11:35:52,3215.12,CASH_OUT,1301,False,1267,False,2.6517836728919066,RCV0074,False,0,,AG005,NORMAL,0,0,10225.09,-7009.97,0,0
TXN-SYN-EC9B050C,CUST0293,2026-09-17 11:40:53,5170.39,CASH_IN,916,False,853,False,6.845492823701994,RCV0452,False,0,,AG016,NORMAL,0,1,1785.78,3384.61,0,1
TXN-SYN-D3EB3B75,CUST0171,2026-09-17 11:52:51,2317.09,CASH_IN,949,False,872,False,9.011891219546017,RCV0194,False,0,,AG026,NORMAL,0,0,445.49,1871.6,0,0
TXN-SYN-9B7C6879,CUST0684,2026-09-17 11:59:08,1286.98,SEND_MONEY,854,False,801,False,7.3912466713654625,RCV1173,False,0,,,NORMAL,0,0,17549.3,-16262.32,0,0
TXN-SYN-7319388B,CUST0395,2026-09-17 12:08:52,56.88,MOBILE_RECHARGE,126,False,40,False,8.282127578865943,RCV1166,False,0,,,NORMAL,0,1,4661.59,-4604.71,0,0
TXN-SYN-7FC92AB8,CUST0015,2026-09-17 12:08:59,435.68,MOBILE_RECHARGE,813,False,744,False,6.9429544091531605,RCV1037,False,0,,,NORMAL,0,0,12555.98,-12120.3,0,0
TXN-SYN-775C0D56,CUST0334,2026-09-17 12:16:59,1181.29,SEND_MONEY,896,False,893,False,4.593468079461724,RCV1019,False,0,,,NORMAL,0,1,2124.75,-943.46,0,0
TXN-SYN-31BF98EE,CUST0309,2026-09-17 12:27:35,302.87,CASH_IN,191,False,139,False,7.954061289844874,RCV0249,False,0,,AG002,NORMAL,0,0,12400.74,-12097.87,0,0
TXN-SYN-3EB7CE52,CUST0207,2026-09-17 12:29:30,372.23,CASH_OUT,713,False,651,False,4.5353710676571835,RCV0920,False,0,,AG001,NORMAL,0,0,7787.45,-7415.22,0,0
TXN-SYN-5A63EB5D,CUST0582,2026-09-17 12:31:40,6589.74,SEND_MONEY,152,True,65,False,7.599546202974103,RCV0886,True,0,,AG004,SCAM_LIKE,0,0,3645.95,2943.79,0,0
TXN-SYN-6AC5CD1A,CUST0695,2026-09-17 12:33:17,1363.24,BILL_PAY,1308,False,1233,False,5.7301187699426315,RCV0480,False,1,,,NORMAL,0,0,44509.58,-43146.34,0,0
TXN-SYN-539FEF93,CUST0335,2026-09-17 12:34:57,425.89,SEND_MONEY,613,False,566,False,6.742935737000247,RCV0670,False,1,,,NORMAL,0,1,14201.44,-13775.56,0,0
TXN-SYN-31CCE092,CUST0691,2026-09-17 12:39:00,1903.02,SEND_MONEY,407,False,394,False,8.745764767182006,RCV0674,False,0,,,NORMAL,0,1,1857.82,45.2,0,0
TXN-SYN-6E504510,CUST0463,2026-09-17 12:41:20,14182.28,SEND_MONEY,206,False,168,False,0.349136146032174,RCV1073,False,0,,,NORMAL,0,0,12738.51,1443.77,0,0
TXN-SYN-9E2E791E,CUST0290,2026-09-17 12:50:12,1277.12,SEND_MONEY,967,False,894,False,7.995573771991859,RCV0616,False,0,,,NORMAL,0,0,1862.61,-585.49,0,0
TXN-SYN-BDCBCEDE,CUST0338,2026-09-17 12:51:10,1941.4,BILL_PAY,1073,False,1036,False,4.8880590773494195,RCV0139,False,0,,,NORMAL,0,2,1887.38,54.03,0,1
TXN-SYN-BE6D219C,CUST0716,2026-09-17 12:55:11,56528.57,SEND_MONEY,1297,False,1284,False,4.152746120651695,RCV0756,False,0,,,NORMAL,0,0,20562.58,35965.99,0,0
TXN-SYN-4E48A7CF,CUST0700,2026-09-17 12:55:45,6505.37,MERCHANT_PAYMENT,540,False,537,False,3.369268749640384,RCV1066,False,0,M005,,NORMAL,0,0,20668.8,-14163.43,0,0
TXN-SYN-747DC5F5,CUST0469,2026-09-17 12:56:45,3935.76,BILL_PAY,326,False,303,False,7.475406306310934,RCV0851,False,0,,,NORMAL,0,0,2426.5,1509.26,0,0
TXN-SYN-011A2D4F,CUST0436,2026-09-17 12:57:25,3227.29,MERCHANT_PAYMENT,1301,False,1262,False,9.318257230616197,RCV0703,False,0,M049,,NORMAL,0,0,9368.61,-6141.32,0,0
TXN-SYN-296A46C0,CUST0177,2026-09-17 13:01:38,357.09,SEND_MONEY,563,False,561,False,8.429406398772615,RCV0828,False,0,,,NORMAL,0,0,2793.21,-2436.12,0,0
TXN-SYN-C7C88F29,CUST0456,2026-09-17 13:08:01,6546.94,CASH_OUT,1369,False,1352,False,5.94318311147235,RCV0435,False,2,,AG001,NORMAL,0,0,29805.3,-23258.36,0,0
TXN-SYN-74DE945D,CUST0649,2026-09-17 13:09:09,1299.96,SEND_MONEY,1399,False,1321,False,0.6699109439584761,RCV0988,False,0,,,NORMAL,0,0,17938.96,-16639.0,0,0
TXN-SYN-CE7F323B,CUST0304,2026-09-17 13:34:16,6487.38,SEND_MONEY,1018,False,1014,False,4.647547351933574,RCV0874,False,0,,,NORMAL,0,0,522.62,5964.76,0,0
TXN-SYN-F58A843C,CUST0355,2026-09-17 13:36:42,1408.82,SEND_MONEY,113,False,52,False,7.981250480064295,RCV0962,False,0,,,NORMAL,0,0,16158.06,-14749.24,0,0
TXN-SYN-15CFCFC5,CUST0494,2026-09-17 13:42:28,3841.47,SEND_MONEY,1168,False,1095,False,7.706491027768476,RCV0383,False,0,,,NORMAL,0,0,24530.58,-20689.11,0,0
TXN-SYN-0156308A,CUST0183,2026-09-17 13:55:40,2406.0,SEND_MONEY,1380,False,1314,False,3.9451674267627492,RCV0569,False,0,,,NORMAL,0,0,4978.16,-2572.16,0,0
TXN-SYN-78EB66F0,CUST0433,2026-09-17 13:56:55,232.31,SEND_MONEY,397,False,335,False,4.338275533004671,RCV0740,False,0,,,NORMAL,0,1,18064.59,-17832.28,0,0
TXN-SYN-162F5038,CUST0291,2026-09-17 14:01:43,2461.62,MOBILE_RECHARGE,346,False,259,False,9.960481249190183,RCV0420,False,0,,,NORMAL,0,1,14888.85,-12427.23,0,0
TXN-SYN-646194B1,CUST0204,2026-09-17 14:04:20,5141.84,SEND_MONEY,1071,False,1019,False,6.48918754506992,RCV0335,False,0,,,NORMAL,0,0,478.15,4663.69,0,0
TXN-SYN-CA2D2750,CUST0431,2026-09-17 14:05:57,281.32,MERCHANT_PAYMENT,462,False,413,False,1.0587431821312931,RCV0043,False,0,M012,,NORMAL,0,1,532.5,-251.18,0,0
TXN-SYN-5EF6C131,CUST0214,2026-09-17 14:10:37,8596.62,BILL_PAY,459,False,420,False,0.28610143599235194,RCV0624,False,0,,,NORMAL,0,0,4146.32,4450.3,0,0
TXN-SYN-34C894C0,CUST0721,2026-09-17 14:11:57,1100.43,CASH_OUT,862,False,853,False,4.088918347053914,RCV0951,False,0,,AG025,NORMAL,0,0,1100.43,0.0,0,0
TXN-SYN-1ACB7881,CUST0319,2026-09-17 14:27:47,569.83,MERCHANT_PAYMENT,216,False,198,False,0.2959727321213035,RCV0652,False,2,M029,,NORMAL,0,0,2720.14,-2150.32,0,0
TXN-SYN-AD57A5AC,CUST0176,2026-09-17 14:28:41,17012.56,SEND_MONEY,1187,False,1125,False,9.591050920796887,RCV1007,False,0,,,NORMAL,0,0,604.96,16407.6,0,0
TXN-SYN-5391CEA8,CUST0383,2026-09-17 14:44:23,6318.67,CASH_IN,818,False,806,False,4.841844983225968,RCV0574,False,0,,AG023,NORMAL,0,0,3043.88,3274.79,0,0
TXN-SYN-F4D5DD9A,CUST0123,2026-09-17 14:47:49,244.57,MERCHANT_PAYMENT,482,False,406,False,0.5782224921932111,RCV0399,False,0,M020,,NORMAL,0,0,10573.23,-10328.66,0,0
TXN-SYN-B5A259F1,CUST0100,2026-09-17 14:48:47,28775.9,SEND_MONEY,379,False,297,False,0.960527195895543,RCV0897,True,0,,,MULE_LIKE,0,0,13964.83,14811.07,0,0
TXN-SYN-0CED06C1,CUST0760,2026-09-17 14:52:22,1550.22,CASH_IN,660,False,602,False,6.982598633062064,RCV0402,False,0,,AG008,NORMAL,0,0,2579.35,-1029.13,0,0
TXN-SYN-6DFCB164,CUST0461,2026-09-17 14:58:47,1037.54,CASH_IN,1077,False,1051,False,4.566170333997222,RCV0708,False,0,,AG019,NORMAL,0,0,8439.08,-7401.54,0,0
TXN-SYN-2BA91AAB,CUST0307,2026-09-17 15:01:48,13824.96,CASH_OUT,692,False,619,False,2.605584534513685,RCV0558,False,0,,AG014,NORMAL,0,0,16468.27,-2643.31,0,0
TXN-SYN-D1D47940,CUST0614,2026-09-17 15:04:36,1695.81,SEND_MONEY,558,False,536,False,6.070602679233543,RCV1113,False,0,,,NORMAL,0,0,5306.3,-3610.49,0,0
TXN-SYN-B4F8B7C8,CUST0056,2026-09-17 15:04:59,3254.01,MOBILE_RECHARGE,100,False,86,False,1.428502873008386,RCV1186,False,0,,,NORMAL,0,0,8166.92,-4912.91,0,0
TXN-SYN-43923546,CUST0175,2026-09-17 15:06:29,10201.0,SEND_MONEY,632,False,553,False,9.525739900083327,RCV0768,False,0,,,NORMAL,0,0,12872.14,-2671.14,0,0
TXN-SYN-2D790D0E,CUST0554,2026-09-17 15:22:30,984.44,CASH_IN,180,False,134,False,7.603437152006035,RCV0078,False,0,,AG014,NORMAL,0,0,7172.39,-6187.95,0,0
TXN-SYN-E426DCF5,CUST0446,2026-09-17 15:24:27,1875.78,MOBILE_RECHARGE,907,False,832,False,8.848907214308044,RCV0720,False,0,,,NORMAL,0,1,1620.88,254.9,0,1
TXN-SYN-D4EB328C,CUST0056,2026-09-17 15:29:27,7650.41,MERCHANT_PAYMENT,965,False,912,False,3.507521877148745,RCV0449,False,0,M030,,NORMAL,1,1,5710.46,1939.94,0,0
TXN-SYN-7B057B5F,CUST0517,2026-09-17 15:35:35,992.74,SEND_MONEY,1266,False,1238,False,2.414058665449179,RCV1010,False,0,,,NORMAL,0,0,12444.58,-11451.84,0,0
TXN-SYN-3C62E7CA,CUST0420,2026-09-17 15:38:51,724.19,SEND_MONEY,753,False,700,False,8.284380027437223,RCV1026,False,0,,,NORMAL,0,0,2961.18,-2236.98,0,0
TXN-SYN-C19CA712,CUST0333,2026-09-17 16:06:14,1222.89,MOBILE_RECHARGE,1272,False,1220,False,3.787821955903171,RCV0764,False,0,,,NORMAL,0,0,2073.59,-850.7,0,0
TXN-SYN-81FA986D,CUST0764,2026-09-17 16:07:49,1516.95,CASH_OUT,618,False,605,False,9.945655682085766,RCV0666,False,0,,AG009,NORMAL,0,0,4187.5,-2670.55,0,0
TXN-SYN-0B96E65E,CUST0047,2026-09-17 16:10:32,11283.89,CASH_OUT,1145,False,1089,False,1.0852431502912419,RCV0228,False,0,,AG001,NORMAL,0,0,3007.06,8276.83,0,0
TXN-SYN-53702D7E,CUST0557,2026-09-17 16:17:06,562.44,CASH_OUT,1029,False,1009,False,0.8471849688008526,RCV0074,False,0,,AG027,NORMAL,0,0,6931.37,-6368.93,0,0
TXN-SYN-DFF658B4,CUST0607,2026-09-17 16:34:41,5692.16,CASH_OUT,325,False,298,False,4.36049220621891,RCV1035,False,0,,AG012,NORMAL,0,1,44088.41,-38396.25,0,0
TXN-SYN-C9B14D07,CUST0488,2026-09-17 16:43:56,661.01,CASH_OUT,1419,False,1419,False,0.6583734717925893,RCV1058,False,0,,AG011,NORMAL,0,1,16207.85,-15546.84,0,0
TXN-SYN-9966241F,CUST0332,2026-09-17 16:44:15,37268.02,SEND_MONEY,960,False,924,False,1.17060623744776,RCV0223,True,0,,AG024,MULE_LIKE,0,0,8719.74,28548.28,0,0
TXN-SYN-076BFBF5,CUST0412,2026-09-17 16:45:01,323.47,MOBILE_RECHARGE,997,False,939,False,0.2966351417905033,RCV0460,False,0,,,NORMAL,0,0,7316.87,-6993.4,0,0
TXN-SYN-25FCC5A0,CUST0386,2026-09-17 16:46:20,655.37,MOBILE_RECHARGE,233,False,176,False,0.12154474689816341,RCV0347,False,1,,,NORMAL,0,0,655.37,0.0,0,0
TXN-SYN-3C76D8B6,CUST0628,2026-09-17 16:48:30,86.0,CASH_OUT,1434,False,1390,False,3.9936874839469096,RCV0386,False,0,,AG029,NORMAL,0,0,6113.96,-6027.96,0,0
TXN-SYN-A1C51D24,CUST0659,2026-09-17 16:53:11,138.16,MOBILE_RECHARGE,324,False,274,False,9.525081557696254,RCV0760,False,0,,,NORMAL,0,0,159.86,-21.7,0,0
TXN-SYN-733C9107,CUST0298,2026-09-17 16:58:27,323.66,CASH_OUT,182,False,125,False,2.781291554866124,RCV0057,False,0,,AG023,NORMAL,0,0,10816.45,-10492.79,0,0
TXN-SYN-6D6D598B,CUST0512,2026-09-17 17:00:52,4553.65,MERCHANT_PAYMENT,151,False,106,False,8.615903527724992,RCV0876,False,0,M002,,NORMAL,0,0,10153.54,-5599.89,0,0
TXN-SYN-F21CEFDB,CUST0786,2026-09-17 17:15:46,2546.65,CASH_OUT,483,False,448,False,4.822780273560653,RCV1042,False,0,,AG026,NORMAL,0,0,9472.68,-6926.03,0,0
TXN-SYN-8208E645,CUST0057,2026-09-17 17:20:50,26085.38,SEND_MONEY,486,False,410,False,8.5499227599434,RCV0997,True,0,,,MULE_LIKE,0,0,108.18,25977.2,0,0
TXN-SYN-146F0AE6,CUST0481,2026-09-17 17:24:31,715.3,SEND_MONEY,145,False,57,False,2.4830465276808464,RCV0886,False,0,,,NORMAL,0,1,19243.13,-18527.83,0,0
TXN-SYN-3D427469,CUST0465,2026-09-17 17:24:56,2445.04,MERCHANT_PAYMENT,979,False,915,False,6.5171643758196645,RCV0176,False,0,M030,,NORMAL,0,0,2538.21,-93.17,0,0
TXN-SYN-E2CB4570,CUST0344,2026-09-17 17:28:21,36277.87,SEND_MONEY,1041,False,1033,False,3.880490309488238,RCV0998,True,0,,,MULE_LIKE,0,1,4482.76,31795.11,0,0
TXN-SYN-1A75129A,CUST0627,2026-09-17 17:35:30,12107.88,SEND_MONEY,664,False,664,False,4.814353459576055,RCV0081,False,0,,,NORMAL,0,0,7154.61,4953.27,0,0
TXN-SYN-69A52B62,CUST0342,2026-09-17 17:37:28,14570.3,SEND_MONEY,1140,False,1125,False,8.389448238513177,RCV0423,False,0,,,NORMAL,0,0,5990.4,8579.9,0,0
TXN-SYN-C6034CF1,CUST0542,2026-09-17 17:57:39,916.83,MERCHANT_PAYMENT,996,False,953,False,1.0187026709559421,RCV0370,False,0,M023,,NORMAL,0,0,9931.17,-9014.34,0,0
TXN-SYN-E4438751,CUST0384,2026-09-17 17:59:26,3689.84,SEND_MONEY,902,False,835,False,2.8918744629594983,RCV1061,False,0,,,NORMAL,0,0,13407.02,-9717.18,0,0
TXN-SYN-D587727B,CUST0039,2026-09-17 18:08:17,15266.76,SEND_MONEY,545,False,514,False,6.818675585264362,RCV0999,True,0,M025,,MULE_LIKE,0,0,1990.45,13276.31,0,0
TXN-SYN-BDC45DDE,CUST0029,2026-09-17 18:08:42,7336.13,SEND_MONEY,341,False,320,False,1.4473293333807224,RCV0058,False,0,,,NORMAL,0,0,13532.71,-6196.58,0,0
TXN-SYN-FFE48BF8,CUST0023,2026-09-17 18:10:13,148.78,CASH_OUT,1011,False,960,False,8.335345671092572,RCV0033,False,0,,AG016,NORMAL,0,1,1944.3,-1795.52,0,0
TXN-SYN-146F1077,CUST0685,2026-09-17 18:11:10,298.6,CASH_IN,984,False,943,False,2.159921081477576,RCV1141,False,0,,AG029,NORMAL,0,0,26029.31,-25730.71,0,0
TXN-SYN-889C053A,CUST0698,2026-09-17 18:17:54,1034.28,SEND_MONEY,944,False,864,False,7.9417996487863105,RCV0068,False,0,,,NORMAL,0,0,17566.11,-16531.83,0,0
TXN-SYN-617FD8B6,CUST0620,2026-09-17 18:20:13,2626.31,SEND_MONEY,602,False,543,False,7.3896706579530855,RCV0804,False,0,,,NORMAL,0,0,15960.63,-13334.32,0,0
TXN-SYN-2BAD9845,CUST0436,2026-09-17 18:21:38,1218.22,MERCHANT_PAYMENT,868,False,779,False,6.065938312734143,RCV0631,False,0,M001,,NORMAL,0,1,8345.06,-7126.84,0,0
TXN-SYN-28C483F2,CUST0540,2026-09-17 18:21:57,31925.28,SEND_MONEY,1208,False,1179,False,8.373780294652269,RCV0490,True,0,,AG003,MULE_LIKE,0,0,13002.45,18922.83,0,0
TXN-SYN-CF04C8D8,CUST0373,2026-09-17 18:22:54,239.28,MOBILE_RECHARGE,1161,False,1146,False,5.983786233249969,RCV0631,False,0,,,NORMAL,0,0,1251.71,-1012.43,0,0
TXN-SYN-6D17F8FD,CUST0745,2026-09-17 18:25:41,28623.3,SEND_MONEY,1008,False,991,False,5.853087956597411,RCV1090,True,0,,,MULE_LIKE,0,0,11436.31,17186.99,0,0
TXN-SYN-9A3F3F2E,CUST0231,2026-09-17 18:29:08,41233.03,SEND_MONEY,349,False,270,False,3.335536146013144,RCV0997,True,0,M010,,MULE_LIKE,0,0,22042.52,19190.51,0,0
TXN-SYN-542475AC,CUST0425,2026-09-17 18:30:29,1637.35,SEND_MONEY,695,False,633,False,9.638527342220858,RCV1068,False,0,,,NORMAL,0,0,8383.44,-6746.09,0,0
TXN-SYN-8712CBF8,CUST0351,2026-09-17 18:36:09,7906.48,SEND_MONEY,853,False,768,False,8.5520698501837,RCV0494,False,0,,,NORMAL,0,0,2335.91,5570.57,0,0
TXN-SYN-57C2E4C6,CUST0636,2026-09-17 18:49:45,16827.15,SEND_MONEY,815,True,788,False,9.406108551210316,RCV0873,True,0,,,SCAM_LIKE,0,0,6552.02,10275.13,0,0
TXN-SYN-C5D01615,CUST0064,2026-09-17 18:55:31,388.5,CASH_OUT,786,False,753,False,4.271869967268872,RCV0662,False,0,,AG001,NORMAL,0,0,4485.51,-4097.01,0,0
TXN-SYN-9E42FE3A,CUST0779,2026-09-17 19:02:29,42825.1,SEND_MONEY,319,False,298,False,2.5098648552318137,RCV0449,True,0,M010,,MULE_LIKE,0,1,14260.38,28564.72,0,0
TXN-SYN-4AE4C738,CUST0115,2026-09-17 19:05:26,11522.16,SEND_MONEY,1147,True,1125,False,6.120085299594553,RCV0446,True,0,,,SCAM_LIKE,0,0,11522.16,0.0,0,0
TXN-SYN-6708B20C,CUST0512,2026-09-17 19:06:45,196.68,SEND_MONEY,590,False,587,False,3.1579629876402304,RCV0556,False,0,,,NORMAL,0,1,7353.6,-7156.92,0,0
TXN-SYN-16E9189C,CUST0132,2026-09-17 19:10:22,426.32,SEND_MONEY,150,False,122,False,1.042469660518095,RCV0887,False,0,,,NORMAL,0,0,6058.08,-5631.76,0,0
TXN-SYN-DC8EEC5B,CUST0064,2026-09-17 19:10:27,1023.12,SEND_MONEY,718,False,702,False,5.268171660504134,RCV0332,False,0,,,NORMAL,1,1,3666.11,-2642.99,0,1
TXN-SYN-26576EE3,CUST0609,2026-09-17 19:15:43,330.36,CASH_OUT,417,False,353,False,0.6169145106971119,RCV0468,False,0,,AG015,NORMAL,0,1,8530.44,-8200.08,0,1
TXN-SYN-AB812FEA,CUST0270,2026-09-17 19:16:47,7055.71,SEND_MONEY,553,True,507,False,4.08293393789216,RCV0463,True,0,,,SCAM_LIKE,0,0,2582.41,4473.3,0,0
TXN-SYN-790BA897,CUST0383,2026-09-17 19:28:25,753.09,CASH_IN,476,False,436,False,1.1898584399968082,RCV1095,False,0,,AG028,NORMAL,0,1,4135.48,-3382.39,0,0
TXN-SYN-E778D355,CUST0771,2026-09-17 19:33:03,34176.29,SEND_MONEY,112,False,80,False,1.5717802690573723,RCV0318,True,1,,,MULE_LIKE,0,0,25935.0,8241.29,0,0
TXN-SYN-AE852147,CUST0207,2026-09-17 19:41:37,1101.69,CASH_IN,436,False,353,False,7.632090719640939,RCV0988,False,0,,AG025,NORMAL,0,1,5933.65,-4831.96,0,1
TXN-SYN-AF8FF6AC,CUST0208,2026-09-17 19:42:34,100.71,MERCHANT_PAYMENT,1138,False,1049,False,0.8985791800004683,RCV0957,False,0,M029,,NORMAL,0,0,740.14,-639.43,0,0
TXN-SYN-A52EC7EF,CUST0361,2026-09-17 19:47:40,743.35,SEND_MONEY,1148,False,1088,False,0.846761552426899,RCV0757,False,0,,,NORMAL,0,0,871.89,-128.54,0,0
TXN-SYN-D49A6C78,CUST0515,2026-09-17 19:49:34,545.39,SEND_MONEY,995,False,964,False,9.402302414249576,RCV1039,False,0,,,NORMAL,0,0,9153.65,-8608.26,0,0
TXN-SYN-30F8F6AE,CUST0707,2026-09-17 19:52:36,2978.33,SEND_MONEY,431,False,388,False,3.122854685267412,RCV0677,False,0,,,NORMAL,0,0,1967.5,1010.83,0,0
TXN-SYN-3C5C1176,CUST0303,2026-09-17 19:57:57,32692.39,SEND_MONEY,642,False,631,False,7.690614733811709,RCV0999,True,0,M026,,MULE_LIKE,0,0,6993.81,25698.58,0,0
TXN-SYN-7DB948F9,CUST0173,2026-09-17 20:10:39,101.12,MOBILE_RECHARGE,1025,False,1022,False,3.2022549447677493,RCV0289,False,0,,,NORMAL,0,0,4337.74,-4236.62,0,0
TXN-SYN-0E49D3B3,CUST0112,2026-09-17 20:15:08,80.8,MOBILE_RECHARGE,244,False,178,False,9.24777636257478,RCV1071,False,0,,,NORMAL,0,0,9063.91,-8983.11,0,0
TXN-SYN-BE674D53,CUST0662,2026-09-17 20:15:18,213.46,CASH_OUT,1477,False,1416,False,1.4893241212780206,RCV0585,False,0,,AG007,NORMAL,0,1,1940.41,-1726.95,0,0
TXN-SYN-A8BDBE5A,CUST0415,2026-09-17 20:29:24,1057.42,SEND_MONEY,371,False,316,False,2.716869710690041,RCV1062,False,0,,,NORMAL,0,0,12224.44,-11167.02,0,0
TXN-SYN-9AC3E75B,CUST0683,2026-09-17 20:44:14,493.16,SEND_MONEY,651,False,570,False,0.02172270375283003,RCV0206,False,0,,,NORMAL,0,0,667.85,-174.69,0,0
TXN-SYN-62ADF580,CUST0510,2026-09-17 20:48:21,50.0,SEND_MONEY,1051,False,998,False,6.833457750793165,RCV0001,False,0,,,NORMAL,0,0,2275.28,-2225.28,0,0
TXN-SYN-3EAE207C,CUST0335,2026-09-17 20:49:21,17717.36,SEND_MONEY,1029,False,973,False,2.3130007307799696,RCV1107,True,0,M004,,SCAM_LIKE,0,2,11446.33,6271.03,0,0
TXN-SYN-5CF4EA1D,CUST0373,2026-09-17 20:53:47,928.26,SEND_MONEY,664,False,632,False,4.4504528331486535,RCV0420,False,2,,,NORMAL,0,1,998.6,-70.35,0,0
TXN-SYN-E4EE2574,CUST0706,2026-09-17 21:03:51,131.74,MERCHANT_PAYMENT,996,False,996,False,0.11046360056648385,RCV0697,False,0,M040,,NORMAL,0,0,9815.38,-9683.64,0,0
TXN-SYN-B59AA6A4,CUST0254,2026-09-17 21:08:05,234.14,SEND_MONEY,709,False,652,False,2.775324742105271,RCV0704,False,0,,,NORMAL,0,0,38298.25,-38064.12,0,0
TXN-SYN-A5B0026C,CUST0386,2026-09-17 21:14:24,2063.23,CASH_OUT,344,False,318,False,2.351697010699809,RCV0008,False,0,,AG015,NORMAL,0,1,655.37,1407.86,0,0
TXN-SYN-DE8AF51B,CUST0384,2026-09-17 21:35:59,532.62,CASH_IN,209,False,161,False,7.984842429304254,RCV0055,False,0,,AG018,NORMAL,0,1,10977.73,-10445.11,0,0
TXN-SYN-026E7360,CUST0487,2026-09-17 21:38:00,4747.9,SEND_MONEY,419,False,370,False,7.330713701675182,RCV0364,False,0,,,NORMAL,0,1,2916.33,1831.57,0,0
TXN-SYN-3174AE2C,CUST0107,2026-09-17 21:38:25,391.19,SEND_MONEY,689,False,610,False,0.28631193835652824,RCV0032,False,0,,,NORMAL,0,0,2526.88,-2135.68,0,0
TXN-SYN-98EDB46E,CUST0572,2026-09-17 21:50:04,496.87,SEND_MONEY,662,False,644,False,2.5929675886577375,RCV0137,False,0,,,NORMAL,0,0,333.4,163.47,0,0
TXN-SYN-E1DA5AF2,CUST0343,2026-09-17 21:52:04,20315.3,SEND_MONEY,860,False,788,False,2.9897048767168255,RCV1026,False,0,,,NORMAL,0,0,6387.14,13928.16,0,0
TXN-SYN-3DF28AE6,CUST0649,2026-09-17 21:55:00,700.62,MERCHANT_PAYMENT,987,False,904,False,2.879493696326371,RCV1047,False,0,M029,,NORMAL,0,1,14611.16,-13910.54,0,0
TXN-SYN-EE732E0A,CUST0098,2026-09-17 21:58:10,4025.83,MOBILE_RECHARGE,357,False,282,False,0.3593018218597299,RCV0404,False,0,,,NORMAL,0,0,12441.05,-8415.22,0,0
TXN-SYN-B56815EE,CUST0009,2026-09-17 21:59:45,1833.28,MERCHANT_PAYMENT,386,False,356,False,1.5305654482313802,RCV1146,False,0,M043,,NORMAL,0,0,16165.24,-14331.96,0,0
TXN-SYN-EB4A4B40,CUST0473,2026-09-17 22:45:17,19001.31,CASH_OUT,164,False,95,True,35.602418543132345,RCV0695,False,0,,AG020,CASH_OUT_RISK,0,0,9277.05,9724.26,0,0
TXN-SYN-7407B8BE,CUST0097,2026-09-17 23:29:29,48252.09,CASH_OUT,995,False,982,True,81.848119616155,RCV0006,False,0,,AG019,CASH_OUT_RISK,0,0,12428.58,35823.51,0,0
TXN-SYN-E4BD907D,CUST0702,2026-09-18 00:21:37,5989.153981117362,SEND_MONEY,35,True,0,True,386.89035535679,RCV0259,False,4,,,ACCOUNT_TAKEOVER_LIKE,0,0,20995.07,-15005.92,0,0
TXN-SYN-205972F1,CUST0194,2026-09-18 00:21:44,4399.665024107353,SEND_MONEY,90,True,0,True,144.31031687225203,RCV0302,False,5,,,ACCOUNT_TAKEOVER_LIKE,0,0,254.84,4144.83,0,0
TXN-SYN-C4789B13,CUST0424,2026-09-18 00:24:34,4168.236820930935,SEND_MONEY,27,True,2,True,99.28028535676737,RCV0920,False,4,,,ACCOUNT_TAKEOVER_LIKE,0,0,4168.236820930935,0.0,0,0
TXN-SYN-54B18247,CUST0336,2026-09-18 00:36:04,3970.3185814514522,CASH_IN,38,True,1,True,457.0723639007912,RCV1031,False,4,,AG017,ACCOUNT_TAKEOVER_LIKE,0,0,331.62,3638.7,0,0
TXN-SYN-37EB2A59,CUST0201,2026-09-18 00:49:03,3651.552424833686,CASH_OUT,75,True,0,True,164.5161426974731,RCV1033,False,4,,AG006,ACCOUNT_TAKEOVER_LIKE,0,0,3418.89,232.67,0,0
TXN-SYN-5EF96921,CUST0738,2026-09-18 01:14:29,1280.4325096795028,SEND_MONEY,26,True,0,True,273.2894963004933,RCV0730,False,4,,,ACCOUNT_TAKEOVER_LIKE,0,0,27168.73,-25888.3,0,0
TXN-SYN-FCA7DE3D,CUST0487,2026-09-18 01:19:09,2171.7066061643172,SEND_MONEY,74,True,2,True,214.59718353335987,RCV0430,False,3,,,ACCOUNT_TAKEOVER_LIKE,0,2,3526.85,-1355.14,0,0
TXN-SYN-CDF98E34,CUST0059,2026-09-18 01:19:32,37201.53,CASH_OUT,706,False,645,True,34.828318057747964,RCV0201,False,0,,AG001,CASH_OUT_RISK,0,1,14206.91,22994.62,0,0
TXN-SYN-BED8DAF0,CUST0650,2026-09-18 01:26:06,41614.85,CASH_OUT,1016,False,1003,True,52.40722583700575,RCV0241,False,0,,AG011,CASH_OUT_RISK,0,0,14865.89,26748.96,0,0
TXN-SYN-51D7F062,CUST0107,2026-09-18 01:27:16,8291.519469569563,SEND_MONEY,34,True,2,True,76.83658911679295,RCV0062,False,5,,,ACCOUNT_TAKEOVER_LIKE,0,1,1814.98,6476.54,0,0
TXN-SYN-B572C98D,CUST0196,2026-09-18 01:40:02,29203.02,CASH_OUT,823,False,783,True,44.84520243738261,RCV1069,False,0,,AG013,CASH_OUT_RISK,0,0,40913.9,-11710.88,0,0
TXN-SYN-0B2035D5,CUST0056,2026-09-18 01:49:34,44490.59,CASH_OUT,527,False,493,True,54.2474301299955,RCV0497,False,0,,AG018,CASH_OUT_RISK,0,2,6357.11,38133.48,0,0
TXN-SYN-AF86472C,CUST0540,2026-09-18 02:11:49,48223.19,CASH_OUT,1462,False,1435,True,58.64564119573535,RCV0568,False,0,,AG010,CASH_OUT_RISK,0,1,16787.02,31436.17,0,0
TXN-SYN-636536C9,CUST0659,2026-09-18 02:38:19,2852.590085399409,MERCHANT_PAYMENT,54,True,2,True,354.7097121304947,RCV0793,False,2,M014,,ACCOUNT_TAKEOVER_LIKE,0,1,149.01,2703.58,0,0
TXN-SYN-8C549908,CUST0012,2026-09-18 03:43:30,170.24952789007202,SEND_MONEY,82,True,0,True,279.76134085680195,RCV0607,False,4,,,ACCOUNT_TAKEOVER_LIKE,0,0,9529.5,-9359.25,0,0
TXN-SYN-BEBFEB42,CUST0124,2026-09-18 04:05:31,1571.9612322340945,CASH_OUT,13,True,1,True,474.42867033257824,RCV0975,False,3,,AG029,ACCOUNT_TAKEOVER_LIKE,0,0,9715.61,-8143.65,0,0
TXN-SYN-AE1FF1E8,CUST0739,2026-09-18 04:07:15,418.11680376914757,MOBILE_RECHARGE,41,True,2,True,61.13001345047261,RCV1161,False,2,,,ACCOUNT_TAKEOVER_LIKE,0,0,181.74,236.38,0,0
TXN-SYN-F6035B0C,CUST0235,2026-09-18 04:08:23,3773.538716495181,SEND_MONEY,54,True,1,True,147.08330562940435,RCV0872,False,4,,,ACCOUNT_TAKEOVER_LIKE,0,0,2857.08,916.46,0,0
TXN-SYN-36BDE02D,CUST0771,2026-09-18 04:38:18,2870.8048195702536,BILL_PAY,62,True,1,True,403.079131573412,RCV0818,False,4,,,ACCOUNT_TAKEOVER_LIKE,0,1,27583.26,-24712.45,0,0
TXN-SYN-F985CBE4,CUST0436,2026-09-18 05:06:43,217.88643134792878,MOBILE_RECHARGE,21,True,2,True,382.2679720638612,RCV0960,False,5,,,ACCOUNT_TAKEOVER_LIKE,0,2,7326.94,-7109.05,0,0
TXN-SYN-4EE7278C,CUST0400,2026-09-18 05:27:23,2163.371547324863,BILL_PAY,28,True,2,True,160.408541374795,RCV0596,False,4,,,ACCOUNT_TAKEOVER_LIKE,0,0,21746.73,-19583.35,0,0
TXN-SYN-E5AB0D0C,CUST0230,2026-09-18 08:07:16,786.37,MERCHANT_PAYMENT,230,False,200,False,4.469552867806511,RCV0877,False,0,M046,,NORMAL,0,0,15407.74,-14621.37,0,0
TXN-SYN-53C3D109,CUST0640,2026-09-18 08:09:52,23379.83,SEND_MONEY,197,True,130,False,0.3685182072579163,RCV0063,True,0,,,SCAM_LIKE,0,0,9378.55,14001.28,0,0
TXN-SYN-1BD14ECD,CUST0490,2026-09-18 08:24:41,2138.94,SEND_MONEY,1440,False,1403,False,7.745910311105995,RCV0393,False,0,,,NORMAL,0,0,3466.17,-1327.23,0,0
TXN-SYN-CAA0C5B9,CUST0450,2026-09-18 08:27:55,2823.74,SEND_MONEY,1434,False,1403,False,5.982487928791823,RCV0897,False,0,,,NORMAL,0,0,3522.48,-698.74,0,0
TXN-SYN-B3E20FEB,CUST0440,2026-09-18 08:33:40,35139.82,SEND_MONEY,1445,False,1358,False,2.177991151164216,RCV1054,True,0,,,MULE_LIKE,0,0,6447.43,28692.39,0,0
TXN-SYN-39595781,CUST0091,2026-09-18 08:49:57,637.97,BILL_PAY,337,False,292,False,0.0987960664205656,RCV1187,False,0,,,NORMAL,0,0,72.52,565.45,0,0
TXN-SYN-4A3744E2,CUST0168,2026-09-18 08:58:36,472.79,MERCHANT_PAYMENT,1200,False,1142,False,6.159262657416345,RCV1102,False,0,M026,,NORMAL,0,0,1177.76,-704.97,0,0
TXN-SYN-CD3CA6E9,CUST0492,2026-09-18 09:10:49,18729.88,SEND_MONEY,954,False,942,False,7.899327210558801,RCV0780,True,0,,,MULE_LIKE,0,0,18729.88,0.0,0,0
TXN-SYN-198FBBE4,CUST0133,2026-09-18 09:17:16,6824.68,CASH_OUT,888,False,853,False,2.126029840560979,RCV1099,False,0,,AG010,NORMAL,0,1,672.75,6151.93,0,0
TXN-SYN-45D571B2,CUST0696,2026-09-18 09:20:08,62.1,SEND_MONEY,833,False,819,False,4.715825960942325,RCV0625,False,0,,,NORMAL,0,0,377.62,-315.52,0,0
TXN-SYN-7D7A6E7A,CUST0079,2026-09-18 09:21:32,1112.35,SEND_MONEY,1164,False,1078,False,0.9983555962682233,RCV1031,False,0,,,NORMAL,0,0,12287.25,-11174.9,0,0
TXN-SYN-615908E4,CUST0289,2026-09-18 09:24:39,28509.42,MOBILE_RECHARGE,164,False,130,False,7.169988580831188,RCV0466,False,0,,,NORMAL,0,0,22055.49,6453.93,0,0
TXN-SYN-47598035,CUST0411,2026-09-18 09:25:47,3490.13,CASH_OUT,216,False,187,False,9.117278483416326,RCV0672,False,0,,AG000,NORMAL,0,0,3180.86,309.27,0,0
TXN-SYN-5E2513FB,CUST0142,2026-09-18 09:29:52,314.05,CASH_OUT,716,False,709,False,6.384887847991355,RCV1092,False,0,,AG008,NORMAL,0,0,1025.68,-711.63,0,0
TXN-SYN-274A988D,CUST0658,2026-09-18 09:30:08,1569.38,BILL_PAY,1145,False,1057,False,1.215619686917434,RCV0681,False,0,,,NORMAL,0,0,1630.57,-61.19,0,0
TXN-SYN-E0E87A2D,CUST0045,2026-09-18 09:33:49,392.03,SEND_MONEY,1454,False,1422,False,0.6360143637779736,RCV0787,False,0,,,NORMAL,0,0,13276.81,-12884.78,0,0
TXN-SYN-B1D1B0C5,CUST0389,2026-09-18 09:36:20,505.86,CASH_OUT,336,False,261,False,0.982088890488636,RCV0589,False,0,,AG029,NORMAL,0,0,18982.66,-18476.8,0,0
TXN-SYN-E28C80EC,CUST0258,2026-09-18 09:39:27,5736.03,CASH_OUT,1463,False,1412,False,1.5676943733500226,RCV0697,False,0,,AG028,NORMAL,0,0,587.84,5148.19,0,0
TXN-SYN-60BAEDBC,CUST0471,2026-09-18 09:48:45,3037.45,SEND_MONEY,695,False,693,False,3.173487462098313,RCV0409,False,0,,,NORMAL,0,0,7391.56,-4354.11,0,0
TXN-SYN-33B33889,CUST0295,2026-09-18 09:51:03,3608.01,MOBILE_RECHARGE,667,False,638,False,2.6609692794324937,RCV0798,False,0,,,NORMAL,0,0,9938.01,-6330.0,0,0
TXN-SYN-122C590C,CUST0099,2026-09-18 09:51:33,766.32,SEND_MONEY,242,False,226,False,4.594171683526067,RCV0739,False,1,,,NORMAL,0,0,2295.79,-1529.47,0,0
TXN-SYN-215B63C4,CUST0508,2026-09-18 10:00:06,11433.86,CASH_OUT,247,False,179,False,9.3425392201115,RCV0607,False,0,,AG018,NORMAL,0,0,14073.74,-2639.88,0,0
TXN-SYN-CA4A106E,CUST0621,2026-09-18 10:09:45,129.5,MERCHANT_PAYMENT,903,False,899,False,6.539436721799263,RCV0994,False,0,M021,,NORMAL,0,0,24261.08,-24131.58,0,0
TXN-SYN-5E2BA680,CUST0389,2026-09-18 10:17:03,449.66,MERCHANT_PAYMENT,612,False,585,False,6.282307556008476,RCV0725,False,0,M009,,NORMAL,1,1,15287.3,-14837.64,0,1
TXN-SYN-A14E0578,CUST0779,2026-09-18 10:20:15,8242.11,SEND_MONEY,424,False,390,False,6.226077218524555,RCV0185,False,0,,,NORMAL,0,1,19021.17,-10779.06,0,0
TXN-SYN-3E0038E6,CUST0182,2026-09-18 10:25:44,10627.67,MOBILE_RECHARGE,266,False,214,False,9.279656919942846,RCV1032,False,0,,,NORMAL,0,0,2449.38,8178.29,0,0
TXN-SYN-D8499F99,CUST0080,2026-09-18 10:28:35,614.32,MOBILE_RECHARGE,1338,False,1301,False,9.59134308945273,RCV0544,False,0,,,NORMAL,0,0,1054.67,-440.35,0,0
TXN-SYN-696B4660,CUST0137,2026-09-18 10:34:25,34778.32,SEND_MONEY,791,False,762,False,5.540098543941463,RCV0993,True,0,,,MULE_LIKE,0,0,2486.02,32292.3,0,0
TXN-SYN-0A9B1C08,CUST0747,2026-09-18 10:41:22,465.25,SEND_MONEY,1194,False,1138,False,8.003606536565963,RCV1056,False,0,,,NORMAL,0,0,153.06,312.19,0,0
TXN-SYN-BBF1053D,CUST0340,2026-09-18 11:05:55,27311.19,SEND_MONEY,1360,False,1293,False,5.898419118882183,RCV0556,True,0,M048,,MULE_LIKE,0,0,7160.26,20150.93,0,0
TXN-SYN-72BDADAD,CUST0338,2026-09-18 11:12:21,15440.18,MERCHANT_PAYMENT,1294,False,1230,False,0.820947265907741,RCV0004,False,0,M037,,NORMAL,0,1,1905.38,13534.8,0,0
TXN-SYN-D27F6CB1,CUST0474,2026-09-18 11:12:21,1153.69,BILL_PAY,140,False,132,False,5.248167503647412,RCV0026,False,0,,,NORMAL,0,0,12883.73,-11730.04,0,0
TXN-SYN-0E85AD39,CUST0295,2026-09-18 11:17:06,5242.77,SEND_MONEY,519,False,444,False,0.29708305346752617,RCV0712,False,0,,,NORMAL,0,1,9033.72,-3790.95,0,0
TXN-SYN-BCD5AD8D,CUST0329,2026-09-18 11:28:06,3172.76,MOBILE_RECHARGE,1292,False,1236,False,0.025203000752956894,RCV0005,False,0,,,NORMAL,0,0,14027.87,-10855.11,0,0
TXN-SYN-D17140FA,CUST0112,2026-09-18 11:41:37,49604.11,SEND_MONEY,1480,False,1469,False,1.7724148855101418,RCV0835,True,0,,AG029,MULE_LIKE,0,1,7780.6,41823.51,0,0
TXN-SYN-CD9E7490,CUST0068,2026-09-18 11:41:38,1154.03,MERCHANT_PAYMENT,607,False,592,False,0.8947312281038722,RCV1127,False,0,M044,,NORMAL,0,0,8586.62,-7432.59,0,0
TXN-SYN-8304CEE6,CUST0507,2026-09-18 11:52:28,22583.51,SEND_MONEY,627,False,611,False,6.603358305141276,RCV0997,True,0,,AG007,MULE_LIKE,0,0,10105.2,12478.31,0,0
TXN-SYN-B308FC5B,CUST0776,2026-09-18 12:10:09,335.42,MOBILE_RECHARGE,1237,False,1179,False,0.8433271486953497,RCV0773,False,0,,,NORMAL,0,0,5036.49,-4701.07,0,0
TXN-SYN-9A3F61D9,CUST0610,2026-09-18 12:39:52,168.35,BILL_PAY,113,False,89,False,8.933565746596509,RCV0524,False,0,,,NORMAL,0,0,5545.86,-5377.51,0,0
TXN-SYN-985302F7,CUST0387,2026-09-18 12:41:01,18748.32,SEND_MONEY,549,True,464,False,3.161070551278314,RCV0893,True,0,M000,,SCAM_LIKE,0,0,17923.95,824.37,0,0
TXN-SYN-05BA3DFE,CUST0627,2026-09-18 12:41:50,206.0,SEND_MONEY,1278,False,1233,False,0.3095579091934353,RCV0832,False,0,,,NORMAL,0,1,7862.22,-7656.22,0,0
TXN-SYN-0C2A6B7F,CUST0200,2026-09-18 13:07:04,6884.57,SEND_MONEY,1330,False,1287,False,2.9868810632995646,RCV0032,False,0,,,NORMAL,0,0,25292.36,-18407.79,0,0
TXN-SYN-07F8A2B2,CUST0130,2026-09-18 13:09:57,5315.39,MOBILE_RECHARGE,632,False,594,False,6.054165843517491,RCV0183,False,0,,,NORMAL,0,0,1502.6,3812.79,0,0
TXN-SYN-EB858561,CUST0437,2026-09-18 13:14:35,515.3,CASH_OUT,560,False,554,False,2.6091857965016807,RCV0750,False,1,,AG000,NORMAL,0,0,3316.3,-2801.0,0,0
TXN-SYN-9719A1A7,CUST0740,2026-09-18 13:17:47,183.19,MERCHANT_PAYMENT,496,False,473,False,1.7829326163655235,RCV0342,False,0,M048,,NORMAL,0,0,183.19,0.0,0,0
TXN-SYN-43E7300A,CUST0251,2026-09-18 13:21:21,12207.69,CASH_OUT,425,False,376,False,4.173916240061003,RCV0502,False,0,,AG002,NORMAL,0,0,9224.94,2982.75,0,0
TXN-SYN-22A3DEB7,CUST0509,2026-09-18 13:23:41,194.95,SEND_MONEY,1415,False,1408,False,2.1022588464253977,RCV0585,False,0,,,NORMAL,0,0,28128.35,-27933.4,0,0
TXN-SYN-76D46C23,CUST0567,2026-09-18 13:27:39,884.64,SEND_MONEY,1497,False,1469,False,3.763766197225885,RCV0947,False,0,,,NORMAL,0,0,3035.22,-2150.58,0,0
TXN-SYN-81E3C01F,CUST0324,2026-09-18 13:30:44,6020.99,MERCHANT_PAYMENT,1011,False,1003,False,9.798736518515414,RCV0485,False,2,M033,,NORMAL,0,0,42445.42,-36424.43,0,0
TXN-SYN-DCF32302,CUST0060,2026-09-18 13:32:23,6199.62,SEND_MONEY,842,True,815,False,6.445257852567621,RCV1161,True,0,,,SCAM_LIKE,0,0,23749.08,-17549.46,0,0
TXN-SYN-2413CC63,CUST0322,2026-09-18 13:33:09,269.48,CASH_OUT,1152,False,1144,False,7.0016944815632804,RCV0674,False,0,,AG024,NORMAL,0,0,5011.47,-4741.99,0,0
TXN-SYN-E0754A24,CUST0647,2026-09-18 13:36:41,1701.29,SEND_MONEY,1154,False,1150,False,2.8557325857777647,RCV0794,False,0,,,NORMAL,0,0,5786.88,-4085.59,0,0
TXN-SYN-A0B60B60,CUST0752,2026-09-18 13:38:11,14263.99,SEND_MONEY,545,False,517,False,2.50340267381386,RCV0421,True,0,,,SCAM_LIKE,0,0,6709.59,7554.4,0,0
TXN-SYN-AEFBC6EE,CUST0667,2026-09-18 13:43:45,4399.65,MERCHANT_PAYMENT,870,False,825,False,9.77967241053244,RCV0243,False,0,M014,,NORMAL,0,0,4399.65,0.0,0,0
TXN-SYN-96486051,CUST0169,2026-09-18 13:46:44,299.19,SEND_MONEY,364,False,299,False,9.090880711144433,RCV0665,False,0,,,NORMAL,0,0,529.24,-230.06,0,0
TXN-SYN-95313DE2,CUST0337,2026-09-18 13:58:22,7347.85,SEND_MONEY,1088,False,1074,False,4.408696278606917,RCV0506,False,0,,,NORMAL,0,0,1501.2,5846.65,0,0
TXN-SYN-7AE666CF,CUST0479,2026-09-18 14:10:41,843.0,SEND_MONEY,1256,False,1241,False,1.9694117324489147,RCV0095,False,0,,,NORMAL,0,0,51289.34,-50446.34,0,0
TXN-SYN-E89F0F5A,CUST0488,2026-09-18 14:12:33,352.18,SEND_MONEY,590,False,514,False,0.705237637959274,RCV0049,False,0,,,NORMAL,0,1,13616.71,-13264.53,0,1
TXN-SYN-35B69E4C,CUST0400,2026-09-18 14:13:12,2278.52,MOBILE_RECHARGE,1443,False,1436,False,6.888664844255561,RCV0900,False,0,,,NORMAL,0,1,11955.05,-9676.53,0,0
TXN-SYN-9C19E33E,CUST0391,2026-09-18 14:20:12,1559.08,MERCHANT_PAYMENT,1433,False,1400,False,8.539903767014971,RCV0005,False,0,M000,,NORMAL,0,0,1559.08,0.0,0,0
TXN-SYN-CB790FEE,CUST0705,2026-09-18 14:21:16,7599.49,MOBILE_RECHARGE,463,False,381,False,3.393365831630998,RCV0357,False,0,,,NORMAL,0,0,20009.92,-12410.44,0,0
TXN-SYN-A711558D,CUST0751,2026-09-18 14:21:53,760.31,SEND_MONEY,867,False,820,False,2.853986613822973,RCV0574,False,0,,,NORMAL,0,0,2257.76,-1497.45,0,0
TXN-SYN-F27B24F7,CUST0503,2026-09-18 14:24:20,2388.91,BILL_PAY,1034,False,957,False,5.053536682378262,RCV0122,False,0,,,NORMAL,0,0,16255.45,-13866.54,0,0
TXN-SYN-78CDF7D5,CUST0263,2026-09-18 14:25:33,377.89,CASH_OUT,652,False,643,False,2.6827821251271344,RCV0516,False,0,,AG023,NORMAL,0,0,15845.06,-15467.17,0,0
TXN-SYN-4BDAA9A1,CUST0252,2026-09-18 14:25:45,2429.65,CASH_OUT,1412,False,1376,False,9.000081694893002,RCV0705,False,0,,AG019,NORMAL,0,0,4130.92,-1701.27,0,0
TXN-SYN-2D212F03,CUST0517,2026-09-18 14:34:34,894.49,MOBILE_RECHARGE,996,False,955,False,7.689962375812144,RCV0703,False,0,,,NORMAL,0,1,10535.94,-9641.45,0,0
TXN-SYN-1E8B9644,CUST0197,2026-09-18 14:38:09,50.0,SEND_MONEY,686,False,649,False,7.275933433047434,RCV1117,False,0,,,NORMAL,0,0,763.1,-713.1,0,0
TXN-SYN-45890CDD,CUST0687,2026-09-18 14:39:43,1647.77,SEND_MONEY,372,False,320,False,6.139874071316246,RCV0789,False,0,,,NORMAL,0,0,1093.47,554.3,0,0
TXN-SYN-56D33A60,CUST0641,2026-09-18 14:45:37,90.76,MERCHANT_PAYMENT,1169,False,1156,False,9.1667190913718,RCV1155,False,0,M037,,NORMAL,0,0,12893.89,-12803.13,0,0
TXN-SYN-9F9D309C,CUST0393,2026-09-18 14:47:40,67.87,SEND_MONEY,1153,False,1127,False,9.562446552387966,RCV0014,False,0,,,NORMAL,0,0,12476.56,-12408.69,0,0
TXN-SYN-3F3E4689,CUST0741,2026-09-18 14:58:20,1320.17,CASH_OUT,273,False,262,False,3.5307717844318076,RCV0266,False,0,,AG019,NORMAL,0,0,483.12,837.05,0,0
TXN-SYN-7510851B,CUST0047,2026-09-18 15:09:45,178.42,MERCHANT_PAYMENT,537,False,528,False,2.873573707628548,RCV0659,False,0,M010,,NORMAL,0,1,4662.43,-4484.01,0,1
TXN-SYN-FFFA5393,CUST0226,2026-09-18 15:16:54,4223.24,MERCHANT_PAYMENT,1452,False,1376,False,7.642204838423085,RCV0662,False,0,M006,,NORMAL,0,0,1744.58,2478.66,0,0
TXN-SYN-14062428,CUST0628,2026-09-18 15:19:44,1807.76,BILL_PAY,1226,False,1146,False,9.059891506492022,RCV1018,False,0,,,NORMAL,0,1,4908.37,-3100.61,0,1
TXN-SYN-58368E4E,CUST0068,2026-09-18 15:21:15,1538.45,MOBILE_RECHARGE,1456,False,1447,False,6.1828882119100514,RCV0882,False,0,,,NORMAL,0,1,7843.36,-6304.91,0,0
TXN-SYN-0BD37B7E,CUST0274,2026-09-18 15:27:37,287.11,BILL_PAY,848,False,845,False,9.020192994895433,RCV1043,False,0,,,NORMAL,0,0,12828.26,-12541.14,0,0
TXN-SYN-70D73953,CUST0796,2026-09-18 15:28:37,5873.26,MOBILE_RECHARGE,685,False,636,False,6.90920570071195,RCV0651,False,0,,,NORMAL,0,0,12818.51,-6945.25,0,0
TXN-SYN-0CEF9027,CUST0265,2026-09-18 15:39:04,5039.38,CASH_IN,242,False,191,False,8.527233778347565,RCV0229,False,0,,AG018,NORMAL,0,0,2032.08,3007.3,0,0
TXN-SYN-214F3C94,CUST0123,2026-09-18 16:01:53,128.17,MOBILE_RECHARGE,1484,False,1424,False,3.986056009080694,RCV0272,False,2,,,NORMAL,0,0,7130.34,-7002.17,0,0
TXN-SYN-0FC2CFB5,CUST0278,2026-09-18 16:04:18,7031.58,SEND_MONEY,339,False,255,False,4.078168082796595,RCV0143,False,0,,,NORMAL,0,0,16236.22,-9204.64,0,0
TXN-SYN-36387BDF,CUST0017,2026-09-18 16:06:57,478.05,SEND_MONEY,263,False,196,False,7.4929036054925025,RCV0402,False,0,,,NORMAL,0,0,7990.77,-7512.72,0,0
TXN-SYN-A1D10A06,CUST0172,2026-09-18 16:09:06,3471.32,SEND_MONEY,183,False,153,False,5.442497144956385,RCV0192,False,0,,,NORMAL,0,0,9867.22,-6395.91,0,0
TXN-SYN-D8A16A73,CUST0628,2026-09-18 16:10:13,3797.5,CASH_OUT,233,False,159,False,2.856259885622431,RCV0027,False,0,,AG012,NORMAL,1,2,4391.6,-594.1,0,1
TXN-SYN-6ED8028C,CUST0678,2026-09-18 16:16:29,2534.62,MOBILE_RECHARGE,110,False,110,False,5.401074389217909,RCV0578,False,0,,,NORMAL,0,0,7259.84,-4725.22,0,0
TXN-SYN-6DD63902,CUST0647,2026-09-18 16:18:45,142.87,MERCHANT_PAYMENT,362,False,353,False,0.03640450689499808,RCV0061,False,0,M048,,NORMAL,0,1,5276.18,-5133.31,0,0
TXN-SYN-829EA62B,CUST0745,2026-09-18 16:20:10,46933.62,SEND_MONEY,1475,False,1393,False,3.1242217682420312,RCV0313,True,0,M039,,MULE_LIKE,0,1,15733.06,31200.56,0,0
TXN-SYN-136699F5,CUST0180,2026-09-18 16:20:16,11560.26,SEND_MONEY,483,False,440,False,6.287340150599929,RCV0067,True,0,,,MULE_LIKE,0,0,11484.09,76.17,0,0
TXN-SYN-06C5C80E,CUST0204,2026-09-18 16:22:53,798.7,MERCHANT_PAYMENT,597,False,534,False,2.697678726007565,RCV0827,False,0,M027,,NORMAL,0,0,2032.71,-1234.01,0,0
TXN-SYN-3010FE28,CUST0416,2026-09-18 16:59:25,3408.65,CASH_IN,527,False,469,False,5.209845425084007,RCV0514,False,0,,AG028,NORMAL,0,0,1914.72,1493.93,0,0
TXN-SYN-CCF39818,CUST0207,2026-09-18 17:00:39,6044.09,SEND_MONEY,340,True,273,False,1.1709408113999809,RCV0023,True,0,M025,,SCAM_LIKE,0,1,4967.26,1076.83,0,0
TXN-SYN-68364A15,CUST0707,2026-09-18 17:03:21,6319.66,CASH_IN,1076,False,1040,False,4.495989060077373,RCV0349,False,0,,AG012,NORMAL,0,1,2220.21,4099.45,0,0
TXN-SYN-1AEA5DA5,CUST0284,2026-09-18 17:14:27,7554.8,CASH_OUT,1402,False,1322,False,8.957263555151146,RCV0195,False,0,,AG008,NORMAL,0,0,11701.9,-4147.1,0,0
TXN-SYN-07D24526,CUST0317,2026-09-18 17:20:23,39220.59,SEND_MONEY,991,False,935,False,2.8815213577740306,RCV0348,True,0,,,MULE_LIKE,0,0,10511.82,28708.77,0,0
TXN-SYN-AFC3205F,CUST0565,2026-09-18 17:22:59,50.0,CASH_IN,1095,False,1082,False,7.272719958564209,RCV1129,False,0,,AG013,NORMAL,0,0,5079.92,-5029.92,0,0
TXN-SYN-3F974BF8,CUST0587,2026-09-18 17:34:25,2863.8,SEND_MONEY,1388,False,1380,False,0.03322889284172126,RCV0229,False,0,,,NORMAL,0,0,23219.53,-20355.73,0,0
TXN-SYN-0D50066D,CUST0435,2026-09-18 17:34:51,25140.92,SEND_MONEY,266,False,240,False,7.71272616208134,RCV1164,True,0,,AG008,MULE_LIKE,0,0,1752.33,23388.59,0,0
TXN-SYN-5B199D03,CUST0094,2026-09-18 17:41:51,4724.47,MOBILE_RECHARGE,764,False,721,False,5.264985273282413,RCV0948,False,0,,,NORMAL,0,0,8485.92,-3761.45,0,0
TXN-SYN-24C16A15,CUST0277,2026-09-18 17:44:05,48837.61,SEND_MONEY,792,False,722,False,6.784911686505812,RCV0999,True,0,,AG025,MULE_LIKE,0,0,19379.09,29458.52,0,0
TXN-SYN-70F8DA88,CUST0680,2026-09-18 17:49:31,16206.66,CASH_OUT,561,False,548,False,7.411844252529017,RCV0992,False,0,,AG001,NORMAL,0,0,7664.33,8542.33,0,0
TXN-SYN-D227ABAA,CUST0014,2026-09-18 17:53:05,138.91,CASH_OUT,472,False,388,False,3.6803787406851485,RCV0486,False,0,,AG028,NORMAL,0,0,34534.81,-34395.9,0,0
TXN-SYN-EE126C50,CUST0139,2026-09-18 18:00:53,17248.46,SEND_MONEY,761,False,703,False,7.600358554624314,RCV0999,True,0,,AG018,MULE_LIKE,0,0,461.21,16787.25,0,0
TXN-SYN-AB8AEAF5,CUST0579,2026-09-18 18:05:37,6582.38,MERCHANT_PAYMENT,257,False,234,False,5.219673094475673,RCV0789,False,0,M049,,NORMAL,0,0,2234.89,4347.49,0,0
TXN-SYN-3B67BB1F,CUST0682,2026-09-18 18:16:51,1459.26,CASH_OUT,1148,False,1127,False,8.915112545312555,RCV0685,False,0,,AG009,NORMAL,0,0,10096.1,-8636.84,0,0
TXN-SYN-D40747AA,CUST0546,2026-09-18 18:17:06,6210.35,MOBILE_RECHARGE,1155,False,1149,False,4.085228957638626,RCV0929,False,0,,,NORMAL,0,0,26267.08,-20056.73,0,0
TXN-SYN-34DC9150,CUST0327,2026-09-18 18:18:34,40668.95,SEND_MONEY,256,False,210,False,9.223255782209328,RCV1121,True,0,,,MULE_LIKE,0,0,9637.03,31031.92,0,0
TXN-SYN-3187A18E,CUST0489,2026-09-18 18:31:15,12882.75,CASH_OUT,626,False,620,False,8.491280587853684,RCV0485,False,0,,AG016,NORMAL,0,0,1677.06,11205.69,0,0
TXN-SYN-0055C16E,CUST0479,2026-09-18 18:37:04,175.66,CASH_OUT,1290,False,1272,False,5.898824509170309,RCV0110,False,0,,AG001,NORMAL,0,1,34473.9,-34298.24,1,0
TXN-SYN-52902D78,CUST0622,2026-09-18 18:54:27,887.06,SEND_MONEY,1065,False,1049,False,2.1794490090153418,RCV0587,False,0,,,NORMAL,0,0,2618.89,-1731.83,0,0
TXN-SYN-35B5DFF7,CUST0148,2026-09-18 19:09:09,1995.47,BILL_PAY,981,False,943,False,8.68075628621159,RCV0947,False,1,,,NORMAL,0,0,13314.7,-11319.23,0,0
TXN-SYN-8C0B8A4E,CUST0045,2026-09-18 19:11:10,35585.78,SEND_MONEY,940,False,885,False,1.0511912985239669,RCV0605,True,0,,,MULE_LIKE,0,1,10055.61,25530.17,0,0
TXN-SYN-D145FC88,CUST0222,2026-09-18 19:15:03,6602.3,SEND_MONEY,1441,False,1358,False,3.3945019254280604,RCV0552,True,0,,,SCAM_LIKE,0,0,14175.16,-7572.86,0,0
TXN-SYN-42A2DED2,CUST0397,2026-09-18 19:25:01,6119.12,SEND_MONEY,185,True,140,False,1.2854595760451049,RCV0390,True,0,,,SCAM_LIKE,0,0,7876.3,-1757.18,0,0
TXN-SYN-7E155917,CUST0713,2026-09-18 19:30:19,32307.53,SEND_MONEY,946,False,882,False,6.236994980607433,RCV0997,True,0,,,MULE_LIKE,0,0,193.23,32114.3,0,0
TXN-SYN-E71ABA70,CUST0282,2026-09-18 19:30:41,36834.53,SEND_MONEY,333,False,295,False,0.9314050904487658,RCV1180,True,0,,,MULE_LIKE,0,0,5649.87,31184.66,0,0
TXN-SYN-3175FA7D,CUST0713,2026-09-18 19:38:00,828.12,CASH_OUT,1181,False,1162,False,1.1881791626807192,RCV0038,False,0,,AG008,NORMAL,1,1,16250.38,-15422.26,0,0
TXN-SYN-D7C1C71D,CUST0787,2026-09-18 19:38:10,2532.99,BILL_PAY,826,False,786,False,5.061051489073335,RCV0398,False,0,,,NORMAL,0,0,8783.07,-6250.08,0,0
TXN-SYN-28485D97,CUST0468,2026-09-18 19:38:15,483.31,SEND_MONEY,942,False,923,False,7.656132840221652,RCV0435,False,0,,,NORMAL,0,0,1128.12,-644.81,0,0
TXN-SYN-2B21E71F,CUST0440,2026-09-18 19:39:10,2124.94,CASH_OUT,167,False,109,False,4.851285119573397,RCV0453,False,0,,AG002,NORMAL,0,1,13620.53,-11495.59,0,0
TXN-SYN-59FA98A0,CUST0034,2026-09-18 19:39:59,1060.45,BILL_PAY,1233,False,1197,False,1.9938081901062699,RCV0558,False,0,,,NORMAL,0,0,32474.84,-31414.39,0,0
TXN-SYN-5127AD1B,CUST0258,2026-09-18 19:43:36,1248.07,MERCHANT_PAYMENT,1042,False,1041,False,5.738275735838572,RCV0409,False,0,M020,,NORMAL,0,1,2303.9,-1055.83,0,1
TXN-SYN-FAF6DEF0,CUST0637,2026-09-18 19:44:12,8435.9,MOBILE_RECHARGE,282,False,230,False,6.085346432772384,RCV0929,False,0,,,NORMAL,0,0,740.81,7695.09,0,0
TXN-SYN-AC1648A9,CUST0745,2026-09-18 20:00:46,729.58,CASH_OUT,731,False,648,False,7.837444475649681,RCV0413,False,0,,AG008,NORMAL,0,1,21973.17,-21243.59,0,0
TXN-SYN-CA0AF88B,CUST0733,2026-09-18 20:08:20,107.4,BILL_PAY,785,False,754,False,6.135143681111254,RCV1040,False,0,,,NORMAL,0,0,9063.55,-8956.15,0,0
TXN-SYN-5391CF48,CUST0710,2026-09-18 20:10:33,18558.16,SEND_MONEY,701,False,614,False,2.5248076039059963,RCV0883,True,2,,AG020,SCAM_LIKE,0,0,18968.26,-410.1,0,0
TXN-SYN-E69A8B18,CUST0485,2026-09-18 20:10:49,1263.91,SEND_MONEY,1429,False,1356,False,5.285022874278358,RCV0640,False,0,,,NORMAL,0,0,5112.26,-3848.35,0,0
TXN-SYN-A636A349,CUST0794,2026-09-18 20:27:12,2294.7,CASH_IN,751,False,703,False,2.579395067869006,RCV0919,False,0,,AG011,NORMAL,0,0,6563.4,-4268.7,0,0
TXN-SYN-52C3D49E,CUST0186,2026-09-18 20:35:05,1249.84,SEND_MONEY,1499,False,1449,False,1.8125025555155194,RCV0830,False,0,,,NORMAL,0,0,2327.83,-1077.99,0,0
TXN-SYN-81F64710,CUST0171,2026-09-18 20:36:29,24448.64,SEND_MONEY,911,False,838,False,7.318727372865008,RCV0575,True,0,,,MULE_LIKE,0,0,1381.29,23067.35,0,0
TXN-SYN-55A64731,CUST0610,2026-09-18 20:37:32,9820.95,SEND_MONEY,591,False,528,False,2.760480797712992,RCV0540,True,0,M019,,SCAM_LIKE,0,1,4201.48,5619.47,0,0
TXN-SYN-1D2CCE2C,CUST0613,2026-09-18 20:38:10,3491.38,SEND_MONEY,1357,False,1288,False,9.490970889284263,RCV0973,False,2,,,NORMAL,0,0,2045.4,1445.98,0,0
TXN-SYN-DA268701,CUST0702,2026-09-18 20:43:54,1489.54,SEND_MONEY,784,False,755,False,0.8748020004275525,RCV0942,False,2,,,NORMAL,0,1,17993.89,-16504.35,0,0
TXN-SYN-5F790B5C,CUST0493,2026-09-18 20:59:40,10314.89,SEND_MONEY,212,False,125,False,8.515501879056375,RCV0491,False,0,,,NORMAL,0,0,10314.89,0.0,0,0
TXN-SYN-F0DE3D5A,CUST0756,2026-09-18 21:05:36,3364.12,MERCHANT_PAYMENT,930,False,887,False,7.169617014858501,RCV0172,False,0,M035,,NORMAL,0,0,7515.4,-4151.28,0,0
TXN-SYN-C79B6480,CUST0256,2026-09-18 21:12:10,1503.07,BILL_PAY,278,False,218,False,0.02546250911317882,RCV0643,False,1,,,NORMAL,0,0,17225.48,-15722.41,0,0
TXN-SYN-FB42ACD7,CUST0642,2026-09-18 21:18:33,104.82,CASH_OUT,1092,False,1026,False,3.976004577462895,RCV0640,False,0,,AG003,NORMAL,0,0,1353.14,-1248.32,0,0
TXN-SYN-86FFAB04,CUST0062,2026-09-18 21:20:04,34661.52,SEND_MONEY,824,False,802,False,9.149081706762841,RCV0954,True,0,,,MULE_LIKE,0,0,1965.76,32695.76,0,0
TXN-SYN-49253EA7,CUST0462,2026-09-18 21:52:36,54.32,MOBILE_RECHARGE,287,False,238,False,9.877372121355908,RCV1098,False,0,,,NORMAL,0,0,13896.5,-13842.18,0,0
TXN-SYN-05FCE1F5,CUST0204,2026-09-18 21:58:05,367.11,CASH_OUT,493,False,474,False,9.250442712030205,RCV0831,False,0,,AG017,NORMAL,0,1,1724.21,-1357.1,0,0
TXN-SYN-0C072ABF,CUST0111,2026-09-18 23:07:06,27826.41,CASH_OUT,1056,False,1016,True,34.30581673770631,RCV0509,False,0,,AG013,CASH_OUT_RISK,0,0,17692.94,10133.47,0,0
TXN-SYN-C6F10119,CUST0091,2026-09-18 23:51:38,27338.47,CASH_OUT,1408,False,1358,True,70.61682479729541,RCV0465,False,0,M016,AG024,CASH_OUT_RISK,0,1,355.24,26983.22,0,0
TXN-SYN-4628C85B,CUST0649,2026-09-19 00:01:54,2427.6786083485385,CASH_OUT,18,True,2,True,185.19207211748832,RCV0144,False,5,,AG001,ACCOUNT_TAKEOVER_LIKE,0,0,12292.74,-9865.06,0,0
TXN-SYN-BC7FEA5A,CUST0128,2026-09-19 00:09:01,2512.4891291076556,SEND_MONEY,30,True,0,True,351.789283660785,RCV0658,False,5,,,ACCOUNT_TAKEOVER_LIKE,0,0,1443.01,1069.48,0,0
TXN-SYN-B8C807A2,CUST0130,2026-09-19 00:27:34,21571.286390822028,MERCHANT_PAYMENT,66,True,1,True,294.02764275410186,RCV0029,False,3,M007,,ACCOUNT_TAKEOVER_LIKE,0,1,2773.53,18797.75,0,0
TXN-SYN-775A009E,CUST0688,2026-09-19 00:48:03,1315.4351874471508,MERCHANT_PAYMENT,89,True,0,True,475.1378907907377,RCV0127,False,3,M040,,ACCOUNT_TAKEOVER_LIKE,0,0,23945.0,-22629.56,0,0
TXN-SYN-43DC876C,CUST0783,2026-09-19 00:53:01,4100.482125785792,SEND_MONEY,50,True,1,True,403.45518587492563,RCV0257,False,3,,,ACCOUNT_TAKEOVER_LIKE,0,0,12442.28,-8341.8,0,0
TXN-SYN-F756E8F0,CUST0374,2026-09-19 01:09:37,2826.1977939588596,SEND_MONEY,90,True,2,True,467.98068914431445,RCV0661,False,3,,,ACCOUNT_TAKEOVER_LIKE,0,0,2270.15,556.05,0,0
TXN-SYN-528F8720,CUST0646,2026-09-19 01:17:53,41138.95,CASH_OUT,194,False,131,True,45.58035599301812,RCV0817,False,0,,AG000,CASH_OUT_RISK,0,0,12692.9,28446.05,0,0
TXN-SYN-4F60ED36,CUST0475,2026-09-19 01:33:12,48242.18,CASH_OUT,1295,False,1214,True,76.0341346915244,RCV0709,False,0,,AG025,CASH_OUT_RISK,0,0,6276.83,41965.35,0,0
TXN-SYN-88F58140,CUST0275,2026-09-19 01:40:30,27637.09,CASH_OUT,369,False,333,True,21.467990116327478,RCV0220,False,0,,AG000,CASH_OUT_RISK,0,0,12497.81,15139.28,0,0
TXN-SYN-584574C1,CUST0113,2026-09-19 01:40:35,616.9260259850186,CASH_OUT,87,True,2,True,191.62152795998472,RCV0415,False,3,,AG009,ACCOUNT_TAKEOVER_LIKE,0,0,2798.75,-2181.83,0,0
TXN-SYN-843C35D4,CUST0448,2026-09-19 02:12:40,4419.254198129986,SEND_MONEY,12,True,1,True,125.39009793770354,RCV0173,False,4,,,ACCOUNT_TAKEOVER_LIKE,0,0,811.31,3607.94,0,0
TXN-SYN-95782BB4,CUST0466,2026-09-19 02:31:55,47872.97,CASH_OUT,1149,False,1123,True,60.510643240479034,RCV0064,False,0,,AG021,CASH_OUT_RISK,0,0,1806.74,46066.23,0,0
TXN-SYN-19BAF314,CUST0575,2026-09-19 02:53:21,509.01386129105646,SEND_MONEY,64,True,0,True,374.6897875048575,RCV0129,False,3,,,ACCOUNT_TAKEOVER_LIKE,0,0,649.07,-140.05,0,0
TXN-SYN-1CFF735B,CUST0496,2026-09-19 03:07:36,36828.0,CASH_OUT,228,False,201,True,85.49195885741851,RCV0635,False,0,,AG022,CASH_OUT_RISK,0,0,14226.52,22601.48,0,0
TXN-SYN-35F81403,CUST0632,2026-09-19 03:41:55,30143.5,CASH_OUT,949,False,913,True,24.501595537176843,RCV0522,False,0,M042,AG026,CASH_OUT_RISK,0,0,11665.76,18477.74,0,0
TXN-SYN-B94B09FA,CUST0393,2026-09-19 03:52:45,27650.55,CASH_OUT,1314,False,1299,True,36.579724979364656,RCV0018,False,0,,AG026,CASH_OUT_RISK,0,1,9374.39,18276.16,0,0
TXN-SYN-7E0EC980,CUST0042,2026-09-19 03:55:59,510.69030008975324,SEND_MONEY,67,True,2,True,113.3431909883343,RCV1128,False,3,,,ACCOUNT_TAKEOVER_LIKE,0,0,7762.12,-7251.43,0,0
TXN-SYN-E5254282,CUST0681,2026-09-19 04:14:12,1098.9919983560417,CASH_OUT,35,True,1,True,332.61370905629167,RCV0412,False,2,,AG004,ACCOUNT_TAKEOVER_LIKE,0,0,3480.76,-2381.77,0,0
TXN-SYN-2599EFE4,CUST0518,2026-09-19 05:01:46,4659.221632836769,BILL_PAY,12,True,0,True,493.796666024652,RCV0141,False,5,,,ACCOUNT_TAKEOVER_LIKE,0,0,1764.02,2895.2,0,0
TXN-SYN-34250923,CUST0240,2026-09-19 05:05:07,2512.293825630466,MERCHANT_PAYMENT,96,True,2,True,373.0233992634011,RCV0454,False,3,M035,,ACCOUNT_TAKEOVER_LIKE,0,0,633.46,1878.83,0,0
TXN-SYN-9A3F921D,CUST0080,2026-09-19 05:44:17,7247.928564450237,SEND_MONEY,71,True,0,True,247.75170048181414,RCV0198,False,3,,,ACCOUNT_TAKEOVER_LIKE,0,1,966.6,6281.33,0,0
TXN-SYN-718D6DE7,CUST0454,2026-09-19 05:56:53,16146.0430566934,SEND_MONEY,44,True,2,True,187.36893572334614,RCV0005,False,5,,,ACCOUNT_TAKEOVER_LIKE,0,0,2173.55,13972.49,0,0
TXN-SYN-8F13B417,CUST0726,2026-09-19 08:03:54,1018.55,SEND_MONEY,478,False,449,False,3.5559539408103125,RCV0924,False,0,,,NORMAL,0,0,9024.09,-8005.54,0,0
TXN-SYN-A84CF743,CUST0264,2026-09-19 08:05:25,5821.43,MERCHANT_PAYMENT,1459,False,1392,False,2.397090782424447,RCV0291,False,0,M028,,NORMAL,0,0,7811.48,-1990.04,0,0
TXN-SYN-86056C05,CUST0341,2026-09-19 08:05:42,221.41,SEND_MONEY,824,False,760,False,0.09253920216963474,RCV0047,False,1,,,NORMAL,0,0,15083.96,-14862.55,0,0
TXN-SYN-A431270A,CUST0440,2026-09-19 08:07:55,209.11,MERCHANT_PAYMENT,112,False,51,False,6.113173870530813,RCV0780,False,0,M031,,NORMAL,0,2,11321.41,-11112.3,0,1
TXN-SYN-2B262BFF,CUST0639,2026-09-19 08:08:26,8040.88,BILL_PAY,1022,False,994,False,2.179086217058969,RCV0015,False,0,,,NORMAL,0,0,3555.18,4485.7,0,0
TXN-SYN-E98A0FC1,CUST0325,2026-09-19 08:09:20,166.1,CASH_IN,1493,False,1440,False,2.619592299176039,RCV0746,False,0,,AG001,NORMAL,0,0,11610.6,-11444.5,0,0
TXN-SYN-415E3C1E,CUST0099,2026-09-19 08:10:43,327.71,CASH_OUT,493,False,478,False,4.812434553768366,RCV1128,False,0,,AG015,NORMAL,0,1,1989.9,-1662.19,0,0
TXN-SYN-E2F807FF,CUST0648,2026-09-19 08:14:11,64852.34,SEND_MONEY,819,False,790,False,1.8947962009551722,RCV0683,False,0,,,NORMAL,0,0,8659.85,56192.49,0,0
TXN-SYN-27095984,CUST0024,2026-09-19 08:22:47,12191.23,SEND_MONEY,605,True,559,False,2.0727066601845245,RCV0189,True,0,,AG001,SCAM_LIKE,0,0,2946.84,9244.39,0,0
TXN-SYN-00CBFDAC,CUST0264,2026-09-19 08:24:47,21316.17,SEND_MONEY,1144,True,1067,False,1.9482535629723952,RCV1199,True,0,,,SCAM_LIKE,1,1,7148.13,14168.04,0,0
TXN-SYN-C1EC9666,CUST0510,2026-09-19 08:28:45,6948.71,CASH_IN,715,False,640,False,0.42342278772383835,RCV0856,False,0,,AG016,NORMAL,0,0,1830.23,5118.48,0,0
TXN-SYN-A892AED7,CUST0560,2026-09-19 08:38:30,750.64,CASH_IN,633,False,604,False,4.26569004711536,RCV1055,False,0,,AG026,NORMAL,0,0,13867.02,-13116.38,0,0
TXN-SYN-F6EDD646,CUST0333,2026-09-19 08:42:51,206.48,CASH_IN,222,False,183,False,3.4890393997847258,RCV0490,False,0,,AG011,NORMAL,0,0,1790.02,-1583.54,0,0
TXN-SYN-48EC5302,CUST0491,2026-09-19 08:43:14,24020.86,SEND_MONEY,1467,False,1410,False,0.2592589429929082,RCV0868,True,0,,,SCAM_LIKE,0,0,13461.71,10559.15,0,0
TXN-SYN-B467407C,CUST0428,2026-09-19 09:08:28,11211.54,SEND_MONEY,545,True,477,False,7.906029647697554,RCV0634,True,0,,,SCAM_LIKE,0,0,9582.6,1628.94,0,0
TXN-SYN-EFD1D4A8,CUST0326,2026-09-19 09:14:20,33468.63,SEND_MONEY,517,False,437,False,9.968214498961826,RCV0308,True,0,,AG009,MULE_LIKE,0,0,16717.52,16751.11,0,0
TXN-SYN-851ED733,CUST0144,2026-09-19 09:16:29,45712.76,SEND_MONEY,593,False,574,False,8.93608885851233,RCV0045,True,0,,,MULE_LIKE,0,0,1079.68,44633.08,0,0
TXN-SYN-76633218,CUST0138,2026-09-19 09:27:51,48722.63,SEND_MONEY,633,False,628,False,3.894049389788753,RCV0941,True,0,,,MULE_LIKE,0,0,840.98,47881.65,0,0
TXN-SYN-7B28E0E0,CUST0675,2026-09-19 09:34:12,6895.61,SEND_MONEY,533,False,472,False,1.309824931932273,RCV0717,True,0,,,SCAM_LIKE,0,0,9216.15,-2320.54,0,0
TXN-SYN-1BFF2898,CUST0432,2026-09-19 09:37:10,20848.69,SEND_MONEY,1166,False,1112,False,5.901085520935618,RCV0006,True,0,,AG010,MULE_LIKE,0,0,288.35,20560.34,0,0
TXN-SYN-25D9C30C,CUST0459,2026-09-19 09:50:15,50.0,CASH_IN,393,False,361,False,9.212284125406086,RCV0131,False,0,,AG012,NORMAL,0,0,27004.97,-26954.97,0,0
TXN-SYN-0228888F,CUST0535,2026-09-19 10:00:55,5591.12,CASH_IN,1218,False,1148,False,6.216924551932246,RCV1069,False,0,,AG017,NORMAL,0,0,10405.95,-4814.83,0,0
TXN-SYN-05A0A61F,CUST0726,2026-09-19 10:03:13,1681.29,CASH_OUT,850,False,766,False,5.259218260706709,RCV0895,False,0,,AG018,NORMAL,0,1,6355.58,-4674.29,0,0
TXN-SYN-AF0BEA63,CUST0230,2026-09-19 10:08:35,2671.67,MERCHANT_PAYMENT,1032,False,995,False,7.099265666954027,RCV0653,False,0,M048,,NORMAL,0,0,10533.95,-7862.28,0,0
TXN-SYN-23407D1E,CUST0041,2026-09-19 10:10:58,16960.92,SEND_MONEY,1251,True,1227,False,7.830085399381601,RCV0800,True,0,,,SCAM_LIKE,0,0,15665.42,1295.5,0,0
TXN-SYN-0231C64F,CUST0221,2026-09-19 10:14:12,2138.21,CASH_IN,1499,False,1493,False,4.214096868121544,RCV0317,False,0,,AG028,NORMAL,0,0,14125.58,-11987.37,0,0
TXN-SYN-D9A6145D,CUST0323,2026-09-19 10:17:58,216.11,MERCHANT_PAYMENT,858,False,846,False,9.626005813808687,RCV0690,False,0,M019,,NORMAL,0,0,2857.6,-2641.49,0,0
TXN-SYN-22041858,CUST0541,2026-09-19 10:19:27,1265.85,SEND_MONEY,1071,False,1023,False,9.034173552698558,RCV0677,False,0,,,NORMAL,0,0,25116.52,-23850.67,0,0
TXN-SYN-932F2C07,CUST0012,2026-09-19 10:19:30,334.85,CASH_IN,1328,False,1272,False,8.036934518773025,RCV0914,False,0,,AG020,NORMAL,0,0,8192.46,-7857.61,0,0
TXN-SYN-F6971B3A,CUST0084,2026-09-19 10:21:28,176.73,MERCHANT_PAYMENT,727,False,724,False,8.865085864860799,RCV0514,False,0,M010,,NORMAL,0,0,13395.43,-13218.7,0,0
TXN-SYN-B802B588,CUST0571,2026-09-19 10:26:08,4409.29,SEND_MONEY,771,False,770,False,9.373395631247,RCV0023,False,0,,,NORMAL,0,0,17393.33,-12984.04,0,0
TXN-SYN-FFCDCA53,CUST0035,2026-09-19 10:32:25,1195.64,CASH_IN,566,False,566,False,1.2154106932419406,RCV1156,False,0,,AG018,NORMAL,0,0,1371.66,-176.01,0,0
TXN-SYN-5258225B,CUST0671,2026-09-19 10:33:11,529.45,MOBILE_RECHARGE,1457,False,1437,False,6.577784072381785,RCV0231,False,0,,,NORMAL,0,0,6013.68,-5484.23,0,0
TXN-SYN-792370EA,CUST0561,2026-09-19 10:34:48,648.26,MERCHANT_PAYMENT,1436,False,1367,False,1.0395740698027145,RCV0507,False,0,M014,,NORMAL,0,0,21335.87,-20687.61,0,0
TXN-SYN-A135A9F8,CUST0673,2026-09-19 10:43:20,23697.92,SEND_MONEY,1477,False,1446,False,7.090137242870318,RCV0999,True,0,M020,,MULE_LIKE,0,0,912.45,22785.47,0,0
TXN-SYN-50F9419A,CUST0759,2026-09-19 10:47:28,658.77,SEND_MONEY,1023,False,1005,False,8.492858321555218,RCV0127,False,0,,,NORMAL,0,0,3614.47,-2955.7,0,0
TXN-SYN-C7A872CA,CUST0377,2026-09-19 10:51:33,12336.07,SEND_MONEY,327,True,284,False,3.3230255821851906,RCV0074,True,0,,AG003,SCAM_LIKE,0,0,5792.01,6544.06,0,0
TXN-SYN-E03BFC11,CUST0259,2026-09-19 11:04:20,50.0,SEND_MONEY,919,False,834,False,5.360483960671381,RCV0198,False,0,,,NORMAL,0,0,6768.52,-6718.52,0,0
TXN-SYN-5CF80F68,CUST0793,2026-09-19 11:05:56,2409.52,SEND_MONEY,309,False,305,False,8.08447920159119,RCV0991,False,0,,,NORMAL,0,0,1622.68,786.84,0,0
TXN-SYN-D80874D4,CUST0288,2026-09-19 11:13:25,376.58,MOBILE_RECHARGE,1118,False,1037,False,5.267420407675476,RCV0177,False,0,,,NORMAL,0,0,18697.29,-18320.71,0,0
TXN-SYN-54672BDA,CUST0721,2026-09-19 11:13:39,3676.37,CASH_OUT,255,False,180,False,3.3870826174823634,RCV0711,False,1,,AG000,NORMAL,0,0,1100.43,2575.94,0,0
TXN-SYN-F225C52B,CUST0724,2026-09-19 11:17:56,5410.98,SEND_MONEY,746,False,693,False,1.36772503200153,RCV0656,False,0,,,NORMAL,0,0,11342.8,-5931.83,0,0
TXN-SYN-658C83E0,CUST0735,2026-09-19 11:21:48,12966.16,SEND_MONEY,1328,False,1314,False,6.964248538745844,RCV0212,True,0,,,SCAM_LIKE,0,0,8333.96,4632.2,0,0
TXN-SYN-CDA326DB,CUST0129,2026-09-19 11:23:50,253.58,MERCHANT_PAYMENT,938,False,907,False,1.8727221693783236,RCV0610,False,0,M025,,NORMAL,0,0,1087.89,-834.31,0,0
TXN-SYN-DF3C24F5,CUST0380,2026-09-19 11:25:24,3069.23,SEND_MONEY,482,False,416,False,4.243381397962756,RCV1100,False,0,,,NORMAL,0,0,4844.32,-1775.09,0,0
TXN-SYN-37F00AA9,CUST0774,2026-09-19 11:26:37,1581.13,BILL_PAY,696,False,615,False,4.241255880993737,RCV1072,False,0,,,NORMAL,0,0,18447.07,-16865.94,0,0
TXN-SYN-6EA5BD6A,CUST0654,2026-09-19 11:31:01,204.22,MERCHANT_PAYMENT,133,False,63,False,4.289237077401594,RCV0927,False,0,M011,,NORMAL,0,0,2947.89,-2743.67,0,0
TXN-SYN-728F804A,CUST0213,2026-09-19 11:32:23,11954.9,SEND_MONEY,598,False,529,False,4.685469497914722,RCV0448,False,0,,,NORMAL,0,0,5500.72,6454.18,0,0
TXN-SYN-044146EA,CUST0530,2026-09-19 11:33:32,39474.95,SEND_MONEY,1092,False,1038,False,5.866084631754741,RCV1083,True,0,,,MULE_LIKE,0,0,2570.56,36904.39,0,0
TXN-SYN-8B27138C,CUST0589,2026-09-19 11:39:03,5901.44,SEND_MONEY,350,False,266,False,4.24789356068057,RCV0161,False,0,,,NORMAL,0,0,7431.02,-1529.58,0,0
TXN-SYN-270CBEF9,CUST0168,2026-09-19 11:39:05,519.08,CASH_OUT,842,False,755,False,9.025338826385754,RCV0797,False,0,,AG012,NORMAL,0,0,825.28,-306.19,0,0
TXN-SYN-5C874787,CUST0033,2026-09-19 11:39:08,7230.14,SEND_MONEY,1360,True,1352,False,5.469634752944371,RCV0503,True,0,,,SCAM_LIKE,0,0,2398.28,4831.86,0,0
TXN-SYN-A82EA5EC,CUST0516,2026-09-19 11:39:24,1625.89,MERCHANT_PAYMENT,973,False,893,False,8.38240237620952,RCV1042,False,0,M007,,NORMAL,0,0,6472.94,-4847.05,0,0
TXN-SYN-1ADCC625,CUST0555,2026-09-19 11:56:49,5484.48,CASH_OUT,1065,False,1007,False,6.724015487964106,RCV0862,False,0,,AG007,NORMAL,0,0,392.97,5091.51,0,0
TXN-SYN-56970029,CUST0356,2026-09-19 12:10:36,249.59,SEND_MONEY,1123,False,1085,False,9.001409657065468,RCV1195,False,0,,,NORMAL,0,0,13199.96,-12950.37,0,0
TXN-SYN-4D0D281F,CUST0455,2026-09-19 12:17:24,550.5,SEND_MONEY,1347,False,1304,False,2.5336600537265994,RCV0161,False,0,,,NORMAL,0,0,198.33,352.17,0,0
TXN-SYN-4C34D5C1,CUST0224,2026-09-19 12:17:44,1345.25,SEND_MONEY,1358,False,1319,False,6.854869885928732,RCV0553,False,0,,,NORMAL,0,0,1391.52,-46.27,0,0
TXN-SYN-8BF83A85,CUST0338,2026-09-19 12:18:46,1167.39,SEND_MONEY,827,False,738,False,7.4370616198335835,RCV0751,False,0,,,NORMAL,0,0,5289.08,-4121.69,0,0
TXN-SYN-492A4638,CUST0114,2026-09-19 12:34:42,758.88,MERCHANT_PAYMENT,115,False,54,False,2.013007854746421,RCV1018,False,1,M035,,NORMAL,0,0,7460.17,-6701.29,0,0
TXN-SYN-A73BFB82,CUST0153,2026-09-19 12:44:03,1970.5,CASH_IN,709,False,680,False,6.801118854469727,RCV0265,False,0,,AG016,NORMAL,0,0,1970.5,0.0,0,0
TXN-SYN-DC715F03,CUST0766,2026-09-19 12:44:44,3257.05,BILL_PAY,1484,False,1432,False,7.286688817626303,RCV1193,False,0,,,NORMAL,0,0,27593.75,-24336.7,0,0
TXN-SYN-1A6932D9,CUST0298,2026-09-19 12:58:05,2143.42,MOBILE_RECHARGE,482,False,440,False,0.16204809267711284,RCV0208,False,0,,,NORMAL,0,0,8193.25,-6049.83,0,0
TXN-SYN-9C6EB7A6,CUST0683,2026-09-19 13:06:09,7947.39,MOBILE_RECHARGE,123,False,36,False,3.390741484817763,RCV0581,False,0,,,NORMAL,0,0,609.62,7337.77,0,0
TXN-SYN-C7653034,CUST0242,2026-09-19 13:13:13,5257.01,CASH_OUT,1316,False,1289,False,7.474114683271265,RCV0487,False,0,,AG006,NORMAL,0,0,8532.07,-3275.06,0,0
TXN-SYN-1787A585,CUST0733,2026-09-19 13:14:02,2178.59,SEND_MONEY,456,False,409,False,3.560930851664217,RCV1074,False,0,,,NORMAL,0,1,7944.03,-5765.44,0,0
TXN-SYN-5A74373B,CUST0144,2026-09-19 13:30:04,419.0,SEND_MONEY,520,False,514,False,6.149100858019407,RCV0791,False,0,,,NORMAL,0,1,15957.37,-15538.37,0,0
TXN-SYN-0DDFEAF2,CUST0674,2026-09-19 13:48:18,1714.54,CASH_OUT,862,False,783,False,4.547827098328612,RCV0431,False,0,,AG019,NORMAL,0,0,3000.94,-1286.4,0,0
TXN-SYN-B8EB0A2D,CUST0167,2026-09-19 14:00:14,500.94,SEND_MONEY,491,False,403,False,2.417595479050335,RCV0779,False,0,,,NORMAL,0,0,9224.5,-8723.56,0,0
TXN-SYN-53FDB93E,CUST0006,2026-09-19 14:01:13,8215.2,SEND_MONEY,525,False,516,False,8.199469174081,RCV0132,True,0,M038,,SCAM_LIKE,0,0,6044.12,2171.08,0,0
TXN-SYN-67488351,CUST0424,2026-09-19 14:02:20,2302.38,MERCHANT_PAYMENT,1086,False,1043,False,9.784531482143263,RCV0964,False,0,M047,,NORMAL,0,0,4168.24,-1865.86,0,0
TXN-SYN-5C6C6CB0,CUST0486,2026-09-19 14:15:14,2482.28,CASH_OUT,863,False,836,False,0.4767939374179675,RCV0976,False,0,,AG002,NORMAL,0,0,7624.5,-5142.22,0,0
TXN-SYN-A3275A8C,CUST0414,2026-09-19 14:19:30,736.61,CASH_IN,474,False,448,False,5.310449679749583,RCV0275,False,0,,AG006,NORMAL,0,0,4688.6,-3951.99,0,0
TXN-SYN-915E554A,CUST0422,2026-09-19 14:25:06,5171.0,MOBILE_RECHARGE,1061,False,1021,False,9.016312294863601,RCV0804,False,0,,,NORMAL,0,0,4816.2,354.8,0,0
TXN-SYN-945000A9,CUST0081,2026-09-19 14:39:48,329.76,MERCHANT_PAYMENT,187,False,172,False,3.299748952902765,RCV0134,False,1,M030,,NORMAL,0,0,580.17,-250.41,0,0
TXN-SYN-04D8377A,CUST0341,2026-09-19 14:40:18,28234.0,SEND_MONEY,764,False,706,False,2.0193816194186587,RCV0454,False,0,,,NORMAL,0,1,13226.14,15007.86,0,0
TXN-SYN-7EBBB153,CUST0209,2026-09-19 14:47:38,21151.63,MERCHANT_PAYMENT,297,False,250,False,1.3635170989990797,RCV0490,False,1,M004,,NORMAL,0,0,7964.82,13186.81,0,0
TXN-SYN-E46E4074,CUST0599,2026-09-19 15:00:52,23998.36,SEND_MONEY,1092,True,1065,False,6.0421988009285155,RCV1073,True,0,M032,,SCAM_LIKE,0,0,8805.87,15192.49,0,0
TXN-SYN-C9BE533B,CUST0205,2026-09-19 15:03:38,3649.92,CASH_IN,549,False,532,False,6.897754559960694,RCV0520,False,0,,AG013,NORMAL,0,0,573.07,3076.85,0,0
TXN-SYN-4A859A6B,CUST0285,2026-09-19 15:06:17,10313.41,SEND_MONEY,1049,False,1016,False,1.7862790041878374,RCV0045,True,0,,,MULE_LIKE,0,0,3382.09,6931.32,0,0
TXN-SYN-7E10982C,CUST0252,2026-09-19 15:13:15,847.47,SEND_MONEY,107,False,39,False,7.313450951852715,RCV1165,False,2,,,NORMAL,0,0,3563.83,-2716.36,0,0
TXN-SYN-F220E33C,CUST0720,2026-09-19 15:24:53,4350.25,CASH_IN,746,False,671,False,2.527004912961761,RCV0408,False,0,,AG016,NORMAL,0,0,2396.52,1953.73,0,0
TXN-SYN-3885A436,CUST0478,2026-09-19 15:34:18,819.05,SEND_MONEY,325,False,269,False,2.878196133761506,RCV0371,False,0,,,NORMAL,0,0,1230.22,-411.17,0,0
TXN-SYN-FED46915,CUST0248,2026-09-19 15:47:08,88.96,CASH_OUT,356,False,349,False,0.5420266350439251,RCV0131,False,0,,AG022,NORMAL,0,0,13209.81,-13120.85,0,0
TXN-SYN-09F74669,CUST0571,2026-09-19 15:52:50,6122.12,BILL_PAY,147,False,130,False,8.868729054172443,RCV0686,False,0,,,NORMAL,0,1,13065.32,-6943.2,0,0
TXN-SYN-6FAAC51E,CUST0293,2026-09-19 15:53:23,3906.47,CASH_OUT,545,False,485,False,1.7520236292404001,RCV1171,False,0,,AG018,NORMAL,0,0,2462.7,1443.77,0,0
TXN-SYN-89930A5A,CUST0710,2026-09-19 16:04:57,21941.92,SEND_MONEY,402,False,316,False,5.038887967912736,RCV0528,True,0,,AG000,MULE_LIKE,0,1,18899.91,3042.01,0,0
TXN-SYN-71B6115B,CUST0309,2026-09-19 16:17:39,3742.2,MERCHANT_PAYMENT,414,False,381,False,2.1301598339812813,RCV0471,False,0,M033,,NORMAL,0,0,8368.12,-4625.92,0,0
TXN-SYN-755574F4,CUST0184,2026-09-19 16:21:20,6395.46,SEND_MONEY,495,False,472,False,0.9478541400348539,RCV0271,False,0,,,NORMAL,0,0,12867.14,-6471.68,0,0
TXN-SYN-90A29287,CUST0397,2026-09-19 16:41:16,14077.73,MERCHANT_PAYMENT,1368,False,1319,False,4.99618411998762,RCV0746,False,0,M042,,NORMAL,0,1,7290.57,6787.16,0,0
TXN-SYN-CF58FC7A,CUST0007,2026-09-19 17:01:38,17896.77,SEND_MONEY,876,True,820,False,9.949012513467144,RCV0026,True,0,,AG021,SCAM_LIKE,0,0,355.86,17540.91,0,0
TXN-SYN-13C11738,CUST0619,2026-09-19 17:08:34,10690.99,BILL_PAY,879,False,811,False,6.591135216215474,RCV1029,False,0,,,NORMAL,0,0,4334.76,6356.23,0,0
TXN-SYN-C285A505,CUST0292,2026-09-19 17:17:39,190.83,CASH_IN,747,False,696,False,0.8431752685655247,RCV1107,False,0,,AG004,NORMAL,0,0,5438.95,-5248.12,0,0
TXN-SYN-7EF06DB6,CUST0069,2026-09-19 17:19:06,12607.99,CASH_IN,282,False,210,False,7.479102774734984,RCV0580,False,0,,AG007,NORMAL,0,0,14696.98,-2088.99,0,0
TXN-SYN-85398BB1,CUST0361,2026-09-19 17:20:15,710.62,MOBILE_RECHARGE,672,False,598,False,8.19262004722029,RCV0360,False,0,,,NORMAL,0,0,846.18,-135.56,0,0
TXN-SYN-51ADAE0D,CUST0469,2026-09-19 17:20:31,1115.72,BILL_PAY,713,False,688,False,7.961080420937186,RCV0579,False,0,,,NORMAL,0,0,2803.82,-1688.1,0,0
TXN-SYN-28B8E1FF,CUST0677,2026-09-19 17:35:24,218.88,SEND_MONEY,1113,False,1110,False,9.185216027705179,RCV0398,False,0,,,NORMAL,0,0,1616.96,-1398.08,0,0
TXN-SYN-ABE217C9,CUST0107,2026-09-19 17:45:46,837.98,SEND_MONEY,1268,False,1247,False,1.6010155570177353,RCV1069,False,0,,,NORMAL,0,0,3434.11,-2596.13,0,0
TXN-SYN-A3B067C4,CUST0578,2026-09-19 17:47:59,791.98,SEND_MONEY,1405,False,1346,False,0.01902843224855899,RCV0648,False,0,,,NORMAL,0,0,5620.24,-4828.26,0,0
TXN-SYN-BAC85039,CUST0686,2026-09-19 17:52:26,2522.59,SEND_MONEY,164,False,96,False,6.957452483567053,RCV0166,False,0,,,NORMAL,0,0,42819.74,-40297.15,0,0
TXN-SYN-DC453D88,CUST0318,2026-09-19 17:52:57,643.92,BILL_PAY,1003,False,1000,False,8.466549135022941,RCV0616,False,0,,,NORMAL,0,0,13551.41,-12907.49,0,0
TXN-SYN-BA5D1070,CUST0386,2026-09-19 17:56:06,626.97,BILL_PAY,258,False,196,False,4.257616149303052,RCV0407,False,0,,,NORMAL,0,0,1359.3,-732.33,0,0
TXN-SYN-941470EF,CUST0567,2026-09-19 17:56:46,484.3,SEND_MONEY,390,False,358,False,8.232523574151253,RCV0742,False,0,,,NORMAL,0,0,2497.57,-2013.27,0,0
TXN-SYN-12579990,CUST0557,2026-09-19 17:57:18,529.69,SEND_MONEY,1008,False,996,False,6.057374006205106,RCV0350,False,0,,,NORMAL,0,0,5339.14,-4809.45,0,0
TXN-SYN-DFDD99FA,CUST0267,2026-09-19 17:58:03,738.64,SEND_MONEY,1312,False,1249,False,4.084600572955543,RCV0043,False,0,,,NORMAL,0,0,1322.77,-584.13,0,0
TXN-SYN-7BF3D0EE,CUST0494,2026-09-19 18:04:16,789.74,MERCHANT_PAYMENT,239,False,211,False,4.301427320968263,RCV0946,False,0,M034,,NORMAL,0,0,17634.21,-16844.47,0,0
TXN-SYN-674BEFE3,CUST0409,2026-09-19 18:13:21,153.25,MOBILE_RECHARGE,1496,False,1445,False,6.718920156363726,RCV0002,False,0,,,NORMAL,0,0,814.29,-661.04,0,0
TXN-SYN-460F0CE6,CUST0572,2026-09-19 18:15:35,3255.61,CASH_IN,1302,False,1228,False,4.593411106089331,RCV0150,False,0,,AG007,NORMAL,0,0,387.89,2867.72,0,0
TXN-SYN-F5903F97,CUST0343,2026-09-19 18:18:10,461.14,CASH_IN,282,False,242,False,0.2966822306473982,RCV0816,False,0,,AG013,NORMAL,0,0,9869.18,-9408.04,0,0
TXN-SYN-7C8CFB83,CUST0547,2026-09-19 18:28:44,159.06,MOBILE_RECHARGE,133,False,85,False,6.905385581155655,RCV1149,False,0,,,NORMAL,0,0,259.71,-100.65,0,0
TXN-SYN-398DC78B,CUST0320,2026-09-19 18:31:31,315.73,SEND_MONEY,700,False,649,False,6.236277495178657,RCV0572,False,0,,,NORMAL,0,0,18758.54,-18442.81,0,0
TXN-SYN-2DFD9A15,CUST0704,2026-09-19 18:38:46,2864.0,SEND_MONEY,555,False,496,False,1.2731926225529133,RCV0425,False,0,,,NORMAL,0,0,18576.4,-15712.4,0,0
TXN-SYN-D6A975B6,CUST0708,2026-09-19 18:41:12,23613.84,SEND_MONEY,530,True,448,False,2.687367801147973,RCV0278,True,0,,,SCAM_LIKE,0,0,3734.3,19879.54,0,0
TXN-SYN-D15D3F9B,CUST0677,2026-09-19 18:41:52,295.37,CASH_IN,1340,False,1276,False,1.8139161442148966,RCV0547,False,0,,AG025,NORMAL,0,1,1150.93,-855.56,0,0
TXN-SYN-24235FB7,CUST0445,2026-09-19 18:46:00,15614.85,SEND_MONEY,997,True,940,False,4.725897794155661,RCV0286,True,0,,,SCAM_LIKE,0,0,23635.33,-8020.48,0,0
TXN-SYN-AB036B2C,CUST0578,2026-09-19 18:48:44,7436.45,SEND_MONEY,1131,False,1082,False,7.773731292105488,RCV0827,False,0,,,NORMAL,0,1,3206.11,4230.34,0,0
TXN-SYN-F078E4EE,CUST0463,2026-09-19 18:49:26,4337.4,SEND_MONEY,274,False,186,False,1.4456583380048027,RCV0802,False,0,,,NORMAL,0,0,13099.45,-8762.05,0,0
TXN-SYN-D98C5A8A,CUST0521,2026-09-19 18:51:45,27142.55,SEND_MONEY,601,False,597,False,4.263898947694251,RCV0829,True,0,,,MULE_LIKE,0,0,27142.55,0.0,0,0
TXN-SYN-78D5869B,CUST0347,2026-09-19 18:57:53,1756.99,SEND_MONEY,1060,False,1028,False,5.595499271312923,RCV0045,False,0,,,NORMAL,0,0,2066.99,-310.0,0,0
TXN-SYN-BD4CB739,CUST0747,2026-09-19 18:58:58,2522.5,MERCHANT_PAYMENT,602,False,572,False,7.417785368110011,RCV1018,False,0,M049,,NORMAL,0,0,309.15,2213.35,0,0
TXN-SYN-A697AFAE,CUST0273,2026-09-19 19:15:13,323.31,MERCHANT_PAYMENT,505,False,457,False,5.779571954552444,RCV0260,False,0,M002,,NORMAL,0,0,6640.26,-6316.95,0,0
TXN-SYN-4E946250,CUST0453,2026-09-19 19:33:07,87.7,BILL_PAY,660,False,608,False,7.09272011669813,RCV0833,False,0,,,NORMAL,0,0,87.7,0.0,0,0
TXN-SYN-A8B548EA,CUST0457,2026-09-19 19:35:12,940.69,MERCHANT_PAYMENT,404,False,354,False,4.74891305822751,RCV0109,False,0,M024,,NORMAL,0,0,3283.71,-2343.02,0,0
TXN-SYN-9D84535B,CUST0332,2026-09-19 19:37:44,601.72,SEND_MONEY,855,False,769,False,8.915206489847922,RCV0677,False,0,,,NORMAL,0,0,12798.07,-12196.35,0,0
TXN-SYN-D10A6477,CUST0397,2026-09-19 19:44:38,7750.71,SEND_MONEY,451,True,391,False,2.5547623586357937,RCV1148,True,0,,,SCAM_LIKE,0,1,8987.36,-1236.65,0,0
TXN-SYN-53A7CD48,CUST0151,2026-09-19 19:51:57,3543.72,MERCHANT_PAYMENT,955,False,910,False,2.5843186128027384,RCV0576,False,0,M038,,NORMAL,0,0,1514.4,2029.32,0,0
TXN-SYN-622E6972,CUST0311,2026-09-19 19:54:02,5325.13,CASH_OUT,320,False,276,False,0.41530029181384376,RCV0578,False,0,,AG026,NORMAL,0,0,339.43,4985.7,0,0
TXN-SYN-D8223839,CUST0549,2026-09-19 19:55:15,1132.57,SEND_MONEY,325,False,267,False,8.390366115940365,RCV0881,False,0,,,NORMAL,0,0,2899.72,-1767.15,0,0
TXN-SYN-DD82B319,CUST0275,2026-09-19 19:57:03,69.57,SEND_MONEY,1351,False,1322,False,7.685280549977632,RCV0873,False,0,,,NORMAL,0,1,15021.03,-14951.46,0,1
TXN-SYN-1F68D6D4,CUST0002,2026-09-19 20:07:17,130.17,SEND_MONEY,1449,False,1408,False,3.5690013407970533,RCV1073,False,0,,,NORMAL,0,0,6619.64,-6489.47,0,0
TXN-SYN-64C0560C,CUST0134,2026-09-19 20:17:28,455.83,MOBILE_RECHARGE,1167,False,1098,False,9.619939098668226,RCV0993,False,0,,,NORMAL,0,0,9510.19,-9054.36,0,0
TXN-SYN-63FF22CA,CUST0558,2026-09-19 20:22:03,363.46,SEND_MONEY,1032,False,1010,False,2.7097357691559076,RCV0344,False,0,,,NORMAL,0,0,806.64,-443.18,0,0
TXN-SYN-89467E58,CUST0646,2026-09-19 20:22:52,592.02,SEND_MONEY,1266,False,1259,False,4.57884902182112,RCV0271,False,0,,,NORMAL,0,1,18382.11,-17790.09,0,1
TXN-SYN-B09BF153,CUST0458,2026-09-19 20:30:48,1288.32,SEND_MONEY,1423,False,1383,False,8.549179514805612,RCV0474,False,0,,,NORMAL,0,0,128.05,1160.27,0,0
TXN-SYN-14F60AD7,CUST0638,2026-09-19 20:34:06,21481.91,MERCHANT_PAYMENT,691,False,689,False,6.8467674326264945,RCV0998,False,0,M008,,NORMAL,0,0,9538.75,11943.16,0,0
TXN-SYN-3E8F8FD2,CUST0194,2026-09-19 20:49:49,417.02,SEND_MONEY,665,False,580,False,9.871000859241166,RCV1011,False,0,,,NORMAL,0,0,2327.25,-1910.23,0,0
TXN-SYN-80082332,CUST0385,2026-09-19 20:53:40,700.1,CASH_OUT,842,False,799,False,1.3773409888780863,RCV0061,False,0,,AG001,NORMAL,0,0,7471.03,-6770.93,0,0
TXN-SYN-50A16418,CUST0578,2026-09-19 20:55:32,1810.47,MOBILE_RECHARGE,179,False,98,False,4.524458924226671,RCV0753,False,0,,,NORMAL,0,2,4616.22,-2805.75,0,0
TXN-SYN-BAC253F4,CUST0742,2026-09-19 20:57:03,1098.56,CASH_OUT,1488,False,1460,False,1.8060796366764587,RCV0639,False,0,,AG003,NORMAL,0,0,7185.43,-6086.87,0,0
TXN-SYN-A0B4A626,CUST0372,2026-09-19 21:07:36,48832.12,SEND_MONEY,1135,False,1102,False,4.243410483565139,RCV0385,True,0,,AG004,MULE_LIKE,0,0,12323.05,36509.07,0,0
TXN-SYN-16437564,CUST0164,2026-09-19 21:14:50,123.97,CASH_OUT,409,False,325,False,3.4918784867026833,RCV0173,False,0,,AG001,NORMAL,0,0,8492.1,-8368.13,0,0
TXN-SYN-359F6962,CUST0140,2026-09-19 21:29:15,208.56,BILL_PAY,131,False,102,False,1.9068772066366657,RCV0989,False,0,,,NORMAL,0,0,7420.74,-7212.18,0,0
TXN-SYN-FB86814F,CUST0766,2026-09-19 21:34:00,1736.08,CASH_IN,342,False,264,False,0.9013734725533895,RCV0423,False,0,,AG008,NORMAL,0,1,21509.58,-19773.5,0,0
TXN-SYN-03E34FB2,CUST0739,2026-09-19 21:38:53,746.17,MOBILE_RECHARGE,145,False,129,False,3.9863433484553443,RCV0587,False,0,,,NORMAL,0,0,299.93,446.24,0,0
TXN-SYN-8ECA5662,CUST0412,2026-09-19 21:42:21,4403.14,SEND_MONEY,1082,False,1008,False,1.7278920456672842,RCV0279,False,0,,,NORMAL,0,0,4985.74,-582.6,0,0
TXN-SYN-864A9677,CUST0645,2026-09-19 21:44:43,3062.43,SEND_MONEY,293,False,215,False,5.350367320449106,RCV0117,False,0,,,NORMAL,0,0,8728.45,-5666.02,0,0
TXN-SYN-5C1FDF6D,CUST0229,2026-09-19 22:40:32,37337.55,CASH_OUT,1296,False,1226,True,41.93151952601543,RCV0921,False,0,,AG000,CASH_OUT_RISK,0,0,18613.31,18724.24,0,0
TXN-SYN-75D6DB9C,CUST0158,2026-09-19 23:38:03,24816.65,CASH_OUT,1236,False,1150,True,33.762728456415935,RCV0624,False,0,M032,AG006,CASH_OUT_RISK,0,0,1558.27,23258.38,0,0
TXN-SYN-104BE313,CUST0474,2026-09-19 23:51:07,26258.94,CASH_OUT,580,False,492,True,81.94400942241207,RCV0310,False,0,,AG020,CASH_OUT_RISK,0,0,11417.48,14841.46,0,0
TXN-SYN-DAB78F3E,CUST0242,2026-09-20 00:00:01,2619.2194633290505,BILL_PAY,26,True,2,True,188.00328725963425,RCV0128,False,4,,,ACCOUNT_TAKEOVER_LIKE,0,1,7440.38,-4821.16,0,1
TXN-SYN-DB100F0F,CUST0018,2026-09-20 00:44:54,385.3107417138671,MERCHANT_PAYMENT,26,True,0,True,338.88999285112016,RCV0370,False,2,M031,,ACCOUNT_TAKEOVER_LIKE,0,0,322.83,62.48,0,0
TXN-SYN-239DB729,CUST0729,2026-09-20 01:07:20,38179.74,CASH_OUT,242,False,214,True,93.49169280465787,RCV0211,False,0,,AG005,CASH_OUT_RISK,0,0,450.48,37729.26,0,0
TXN-SYN-955E9888,CUST0277,2026-09-20 01:10:43,3083.987258075548,MOBILE_RECHARGE,80,True,0,True,389.26108004033097,RCV0637,False,5,,,ACCOUNT_TAKEOVER_LIKE,0,0,23061.4,-19977.42,0,0
TXN-SYN-0A4D3721,CUST0619,2026-09-20 01:17:12,36944.14,CASH_OUT,397,False,357,True,76.44297413682767,RCV0227,False,1,M011,AG003,CASH_OUT_RISK,0,1,5242.79,31701.35,0,0
TXN-SYN-7E911E5C,CUST0287,2026-09-20 01:46:51,31887.7,CASH_OUT,660,False,580,True,36.90280300559502,RCV1147,False,0,,AG012,CASH_OUT_RISK,0,0,50.0,31837.7,0,0
TXN-SYN-6FF1AB47,CUST0333,2026-09-20 02:02:57,185.77546335453627,MERCHANT_PAYMENT,66,True,0,True,217.85319494535233,RCV0785,False,5,M035,,ACCOUNT_TAKEOVER_LIKE,0,1,1394.14,-1208.36,0,0
TXN-SYN-AE623932,CUST0714,2026-09-20 03:02:24,15121.172476295033,SEND_MONEY,16,True,2,True,324.74676051018696,RCV0146,False,2,,,ACCOUNT_TAKEOVER_LIKE,0,0,16860.2,-1739.03,0,0
TXN-SYN-2B41427F,CUST0037,2026-09-20 03:08:00,20980.11,CASH_OUT,1268,False,1251,True,25.312833629818627,RCV0571,False,0,M037,AG011,CASH_OUT_RISK,0,0,13122.18,7857.93,0,0
TXN-SYN-62BB89C5,CUST0607,2026-09-20 03:18:02,551.8499934236692,SEND_MONEY,59,True,0,True,77.2302026035162,RCV0682,False,4,,,ACCOUNT_TAKEOVER_LIKE,0,0,31289.66,-30737.81,0,0
TXN-SYN-9F0A7492,CUST0475,2026-09-20 03:19:04,100000.0,SEND_MONEY,66,True,0,True,434.4748512167706,RCV0881,False,2,,,ACCOUNT_TAKEOVER_LIKE,0,0,27259.5,72740.5,0,0
TXN-SYN-431543C1,CUST0739,2026-09-20 03:46:12,7260.398280201531,SEND_MONEY,34,True,2,True,90.77135720241111,RCV0438,False,3,,,ACCOUNT_TAKEOVER_LIKE,0,1,448.68,6811.72,0,0
TXN-SYN-6E352345,CUST0677,2026-09-20 03:46:55,979.3053352946629,CASH_IN,30,True,1,True,278.33241724796164,RCV0037,False,4,,AG007,ACCOUNT_TAKEOVER_LIKE,0,2,937.04,42.27,0,0
TXN-SYN-EFBCC0DF,CUST0644,2026-09-20 03:49:55,3267.564117231769,MOBILE_RECHARGE,12,True,1,True,119.46322187339103,RCV0325,False,2,,,ACCOUNT_TAKEOVER_LIKE,0,0,1730.49,1537.07,0,0
TXN-SYN-64599D92,CUST0146,2026-09-20 04:38:15,27792.69094545844,SEND_MONEY,51,True,2,True,160.60695229455467,RCV0457,False,5,,,ACCOUNT_TAKEOVER_LIKE,0,0,434.74,27357.95,0,0
TXN-SYN-7AA19A5F,CUST0721,2026-09-20 04:57:23,61223.904877211586,MERCHANT_PAYMENT,14,True,2,True,448.1439773168409,RCV0006,False,5,M008,,ACCOUNT_TAKEOVER_LIKE,0,1,2388.4,58835.5,0,1
TXN-SYN-7A29BB37,CUST0283,2026-09-20 05:18:34,18127.70770360703,SEND_MONEY,76,True,1,True,443.8444120016115,RCV0133,False,4,,,ACCOUNT_TAKEOVER_LIKE,0,0,18127.70770360703,0.0,0,0
TXN-SYN-000C91F4,CUST0007,2026-09-20 05:42:14,6400.043163123135,MERCHANT_PAYMENT,93,True,0,True,309.699607309574,RCV0034,False,5,M017,,ACCOUNT_TAKEOVER_LIKE,0,1,9126.32,-2726.27,0,0
TXN-SYN-A83542A1,CUST0120,2026-09-20 08:04:28,1271.78,CASH_IN,267,False,234,False,5.242859833747512,RCV0212,False,0,,AG010,NORMAL,0,0,7525.58,-6253.8,0,0
TXN-SYN-AEEC8B8C,CUST0349,2026-09-20 08:16:05,10616.61,BILL_PAY,1070,False,1014,False,9.331133313435577,RCV0182,False,0,,,NORMAL,0,0,4552.15,6064.46,0,0
TXN-SYN-08E57A30,CUST0587,2026-09-20 08:19:03,8225.28,MERCHANT_PAYMENT,830,False,813,False,1.073492161556473,RCV0693,False,0,M002,,NORMAL,0,0,18130.6,-9905.32,0,0
TXN-SYN-1C6FA010,CUST0736,2026-09-20 08:41:45,5082.13,MERCHANT_PAYMENT,1416,False,1379,False,7.914918608357383,RCV0684,False,1,M028,,NORMAL,0,0,7187.73,-2105.6,0,0
TXN-SYN-BE8417BE,CUST0582,2026-09-20 08:46:55,446.29,MOBILE_RECHARGE,416,False,360,False,5.129788419143418,RCV0326,False,0,,,NORMAL,0,0,4234.71,-3788.42,0,0
TXN-SYN-0014ADBC,CUST0738,2026-09-20 08:51:19,411.93,MERCHANT_PAYMENT,541,False,512,False,2.5491075496875792,RCV0032,False,0,M033,,NORMAL,0,0,21991.07,-21579.14,0,0
TXN-SYN-A68D6B8F,CUST0334,2026-09-20 08:58:23,244.07,BILL_PAY,1083,False,994,False,3.8883651704739997,RCV0604,False,0,,,NORMAL,0,0,1936.06,-1691.99,0,0
TXN-SYN-C86B6285,CUST0140,2026-09-20 09:00:34,664.67,BILL_PAY,700,False,674,False,2.241219022605161,RCV0910,False,0,,,NORMAL,0,1,5978.3,-5313.63,0,0
TXN-SYN-26CC094F,CUST0212,2026-09-20 09:01:22,1749.21,SEND_MONEY,1155,False,1094,False,4.348016211961592,RCV0153,False,0,,,NORMAL,0,0,11947.73,-10198.52,0,0
TXN-SYN-692E83AA,CUST0773,2026-09-20 09:08:43,27541.63,SEND_MONEY,312,False,272,False,7.044585257353936,RCV0208,True,0,,,MULE_LIKE,0,0,3214.82,24326.81,0,0
TXN-SYN-46665682,CUST0495,2026-09-20 09:11:59,6209.59,MOBILE_RECHARGE,497,False,449,False,5.502066808344759,RCV0076,False,0,,,NORMAL,0,0,11845.78,-5636.19,0,0
TXN-SYN-E5267AE6,CUST0601,2026-09-20 09:25:43,18199.25,SEND_MONEY,1454,False,1440,False,5.612935429484027,RCV0997,True,0,,,MULE_LIKE,0,0,22402.45,-4203.2,0,0
TXN-SYN-D6E2EEDE,CUST0423,2026-09-20 09:40:02,3517.15,MOBILE_RECHARGE,167,False,80,False,5.556171546824029,RCV0756,False,0,,,NORMAL,0,0,5187.06,-1669.91,0,0
TXN-SYN-A22AC2DB,CUST0268,2026-09-20 09:44:20,966.62,MOBILE_RECHARGE,1286,False,1272,False,7.538137129783689,RCV0697,False,0,,,NORMAL,0,0,26692.24,-25725.62,0,0
TXN-SYN-3CEB9C16,CUST0644,2026-09-20 09:45:56,11312.38,SEND_MONEY,727,False,720,False,1.8613589775334793,RCV0404,True,0,M038,,MULE_LIKE,0,1,2242.85,9069.53,0,0
TXN-SYN-22DD160D,CUST0057,2026-09-20 09:47:18,37501.69,SEND_MONEY,897,False,866,False,8.424542043725145,RCV0383,True,0,,AG024,MULE_LIKE,0,0,8767.24,28734.45,0,0
TXN-SYN-1CCA2D4D,CUST0668,2026-09-20 09:47:31,513.3,CASH_OUT,1459,False,1441,False,5.197424864372673,RCV0846,False,0,,AG027,NORMAL,0,0,26437.06,-25923.76,0,0
TXN-SYN-4BDCBC3C,CUST0571,2026-09-20 09:48:50,59.4,SEND_MONEY,185,False,146,False,9.06490124460262,RCV0204,False,0,,,NORMAL,0,2,11329.52,-11270.12,0,0
TXN-SYN-5E06226A,CUST0340,2026-09-20 09:50:04,35930.28,SEND_MONEY,1027,False,1002,False,4.852906340617153,RCV0860,True,0,,,MULE_LIKE,0,0,12198.0,23732.28,0,0
TXN-SYN-A1E74D5F,CUST0023,2026-09-20 10:00:08,78.0,MERCHANT_PAYMENT,1010,False,960,False,9.346519527072205,RCV0539,False,0,M002,,NORMAL,0,0,1645.05,-1567.05,0,0
TXN-SYN-E3019784,CUST0756,2026-09-20 10:18:30,218.53,CASH_OUT,672,False,601,False,2.6323100506527664,RCV0030,False,0,,AG006,NORMAL,0,0,6477.58,-6259.05,0,0
TXN-SYN-9938BBCC,CUST0627,2026-09-20 10:21:07,1879.68,CASH_OUT,1185,False,1168,False,7.424468588177112,RCV0186,False,0,,AG020,NORMAL,0,0,6905.19,-5025.51,0,0
TXN-SYN-DCCE37EF,CUST0763,2026-09-20 10:22:30,310.57,BILL_PAY,1202,False,1140,False,4.725699097250722,RCV0332,False,0,,,NORMAL,0,0,1839.22,-1528.65,0,0
TXN-SYN-D139D64A,CUST0004,2026-09-20 10:28:30,4135.95,BILL_PAY,1241,False,1178,False,3.504862838980766,RCV0128,False,0,,,NORMAL,0,0,4417.39,-281.44,0,0
TXN-SYN-EAFB92F1,CUST0432,2026-09-20 10:37:40,4243.41,SEND_MONEY,1352,False,1327,False,9.695803540468194,RCV0590,False,0,,,NORMAL,0,0,7141.8,-2898.39,0,0
TXN-SYN-9CA299EF,CUST0079,2026-09-20 10:50:40,10169.34,CASH_OUT,841,False,784,False,0.5634207857262175,RCV1054,False,0,,AG007,NORMAL,0,0,10052.27,117.07,0,0
TXN-SYN-DA33BCEA,CUST0636,2026-09-20 10:52:55,8128.63,MERCHANT_PAYMENT,331,False,288,False,6.0705799250569035,RCV0889,False,0,M048,,NORMAL,0,0,7836.42,292.21,0,0
TXN-SYN-2F8C25E3,CUST0204,2026-09-20 11:02:57,199.61,SEND_MONEY,967,False,900,False,3.823850082979531,RCV0646,False,0,,,NORMAL,0,0,1452.79,-1253.18,0,0
TXN-SYN-62F153A0,CUST0160,2026-09-20 11:03:57,484.12,MOBILE_RECHARGE,1241,False,1206,False,1.9204039439110354,RCV0665,False,0,,,NORMAL,0,0,16903.27,-16419.15,0,0
TXN-SYN-14A8FC48,CUST0044,2026-09-20 11:23:47,2660.59,CASH_OUT,1287,False,1222,False,5.938250989731627,RCV0557,False,0,,AG017,NORMAL,0,0,30093.64,-27433.05,0,0
TXN-SYN-17908519,CUST0707,2026-09-20 11:34:54,10100.87,SEND_MONEY,654,False,597,False,9.358127584827265,RCV0858,True,0,,,MULE_LIKE,0,0,3040.1,7060.77,0,0
TXN-SYN-D0CC92C0,CUST0680,2026-09-20 11:54:39,1193.6,MERCHANT_PAYMENT,625,False,574,False,8.362753514478158,RCV0105,False,0,M005,,NORMAL,0,0,10511.77,-9318.17,0,0
TXN-SYN-5CF52BF9,CUST0799,2026-09-20 11:55:11,4613.12,SEND_MONEY,1176,False,1092,False,1.2340934998328534,RCV0610,False,0,,,NORMAL,0,0,1149.55,3463.57,0,0
TXN-SYN-34619586,CUST0143,2026-09-20 11:57:53,326.57,CASH_OUT,644,False,559,False,7.772618885141224,RCV0434,False,0,,AG020,NORMAL,0,0,842.67,-516.1,0,0
TXN-SYN-8BBD48E1,CUST0712,2026-09-20 11:58:53,10154.75,SEND_MONEY,192,True,162,False,1.247430781370864,RCV0380,True,0,,,SCAM_LIKE,0,0,1788.69,8366.06,0,0
TXN-SYN-C28C2346,CUST0214,2026-09-20 12:08:42,439.0,BILL_PAY,1035,False,950,False,4.483125112361538,RCV0107,False,0,,,NORMAL,0,0,4888.04,-4449.04,0,0
TXN-SYN-D2381BA2,CUST0619,2026-09-20 12:10:06,815.68,SEND_MONEY,1427,False,1357,False,0.6272217141445879,RCV0210,False,0,,,NORMAL,0,2,9205.46,-8389.78,0,1
TXN-SYN-F0C8C90B,CUST0628,2026-09-20 12:28:08,891.71,MERCHANT_PAYMENT,212,False,176,False,5.811336736901933,RCV0502,False,0,M034,,NORMAL,0,0,4306.73,-3415.02,0,0
TXN-SYN-28810E41,CUST0313,2026-09-20 12:41:27,17990.06,SEND_MONEY,739,False,685,False,2.801557859102716,RCV0546,True,0,,,MULE_LIKE,0,0,29163.87,-11173.81,0,0
TXN-SYN-881C3E8B,CUST0782,2026-09-20 12:49:29,1919.26,CASH_OUT,985,False,984,False,9.63124194420589,RCV0881,False,0,,AG018,NORMAL,0,0,1520.67,398.59,0,0
TXN-SYN-469224D9,CUST0333,2026-09-20 12:55:18,50.0,SEND_MONEY,693,False,693,False,9.426208646664163,RCV0418,False,0,,,NORMAL,0,1,1152.46,-1102.46,0,0
TXN-SYN-68333194,CUST0498,2026-09-20 12:55:51,379.83,SEND_MONEY,1344,False,1298,False,4.080682030359308,RCV0370,False,0,,,NORMAL,0,0,32376.08,-31996.25,0,0
TXN-SYN-6619766E,CUST0247,2026-09-20 12:57:41,988.85,SEND_MONEY,680,False,649,False,0.7205939743987211,RCV0860,False,0,,,NORMAL,0,0,33602.36,-32613.51,0,0
TXN-SYN-A5B3C904,CUST0609,2026-09-20 12:58:24,62.91,SEND_MONEY,1271,False,1225,False,8.326738070872013,RCV0386,False,0,,,NORMAL,0,0,7163.76,-7100.85,0,0
TXN-SYN-068333D2,CUST0057,2026-09-20 13:03:42,8846.02,SEND_MONEY,1274,False,1269,False,4.327415828546897,RCV0422,False,0,,,NORMAL,0,1,15950.86,-7104.83,0,0
TXN-SYN-C171A06C,CUST0153,2026-09-20 13:08:48,1590.03,CASH_IN,1189,False,1147,False,8.531453165585916,RCV0422,False,0,,AG008,NORMAL,0,0,1970.5,-380.47,0,0
TXN-SYN-BFDD2ABD,CUST0534,2026-09-20 13:12:31,632.65,MERCHANT_PAYMENT,905,False,889,False,8.701430055517372,RCV0553,False,0,M048,,NORMAL,0,0,58047.64,-57414.99,0,0
TXN-SYN-F7C2BF4C,CUST0119,2026-09-20 13:34:51,23101.89,SEND_MONEY,686,False,681,False,8.234508081895735,RCV0218,True,0,,AG006,MULE_LIKE,0,0,21321.08,1780.81,0,0
TXN-SYN-67A3F8FF,CUST0791,2026-09-20 13:46:56,165.32,CASH_OUT,912,False,866,False,9.224342836561245,RCV0605,False,0,,AG017,NORMAL,0,0,11840.96,-11675.64,0,0
TXN-SYN-FF1B29C6,CUST0247,2026-09-20 13:51:33,3714.3,SEND_MONEY,899,False,867,False,6.084864126597913,RCV0363,False,0,,,NORMAL,1,1,22731.19,-19016.89,0,0
TXN-SYN-C5A23CF5,CUST0782,2026-09-20 13:59:35,295.33,SEND_MONEY,161,False,127,False,8.592692700348403,RCV0681,False,0,,,NORMAL,0,1,1620.32,-1324.98,0,1
TXN-SYN-F346D98D,CUST0747,2026-09-20 14:02:33,653.57,BILL_PAY,815,False,785,False,2.0288208238927363,RCV0274,False,0,,,NORMAL,0,1,1046.94,-393.37,0,0
TXN-SYN-25A3736B,CUST0396,2026-09-20 14:03:51,3330.5,MERCHANT_PAYMENT,1374,False,1311,False,7.426317468131435,RCV0380,False,0,M016,,NORMAL,0,0,8785.82,-5455.32,0,0
TXN-SYN-7C47B46A,CUST0156,2026-09-20 14:07:20,1006.03,MERCHANT_PAYMENT,1171,False,1093,False,3.257226231664986,RCV0603,False,0,M042,,NORMAL,0,0,19290.16,-18284.14,0,0
TXN-SYN-0E58ADEB,CUST0056,2026-09-20 14:12:35,215.21,SEND_MONEY,105,False,33,False,8.654929660622834,RCV1086,False,0,,,NORMAL,0,0,15890.48,-15675.27,0,0
TXN-SYN-C8BBE6D9,CUST0297,2026-09-20 14:17:54,183.54,CASH_OUT,943,False,893,False,8.944653793150906,RCV0704,False,0,,AG013,NORMAL,0,0,9975.57,-9792.03,0,0
TXN-SYN-089407B2,CUST0338,2026-09-20 14:22:35,57.0,CASH_OUT,912,False,866,False,5.0044844646631645,RCV0998,False,0,,AG024,NORMAL,0,0,4464.74,-4407.74,0,0
TXN-SYN-82E38789,CUST0138,2026-09-20 14:28:37,2136.2,BILL_PAY,1386,False,1321,False,8.908267535742686,RCV0230,False,1,,,NORMAL,0,0,12811.39,-10675.19,0,0
TXN-SYN-7D55F644,CUST0328,2026-09-20 14:33:40,2417.27,MERCHANT_PAYMENT,508,False,428,False,5.175418053439092,RCV1129,False,0,M012,,NORMAL,0,0,8693.13,-6275.86,0,0
TXN-SYN-47E4D9A7,CUST0266,2026-09-20 14:48:16,7008.59,SEND_MONEY,1160,False,1145,False,9.560446873780412,RCV1152,True,0,,,SCAM_LIKE,0,0,1891.28,5117.31,0,0
TXN-SYN-0C754B63,CUST0629,2026-09-20 14:53:55,181.25,SEND_MONEY,177,False,177,False,2.4683251682252374,RCV0967,False,0,,,NORMAL,0,0,6276.22,-6094.97,0,0
TXN-SYN-ACBC6D57,CUST0307,2026-09-20 14:56:40,9430.35,SEND_MONEY,278,False,258,False,1.6162313090388725,RCV0373,False,0,,,NORMAL,0,0,16027.72,-6597.37,0,0
TXN-SYN-D2C480F6,CUST0366,2026-09-20 15:04:48,686.7,CASH_OUT,1362,False,1294,False,1.6933185740694157,RCV0015,False,0,,AG029,NORMAL,0,0,1846.94,-1160.24,0,0
TXN-SYN-DB96F523,CUST0513,2026-09-20 15:05:18,1327.33,MOBILE_RECHARGE,263,False,195,False,6.4828032504577005,RCV0333,False,0,,,NORMAL,0,0,324.78,1002.54,0,0
TXN-SYN-40D3D96A,CUST0170,2026-09-20 15:09:27,2057.02,CASH_IN,813,False,730,False,3.0175755725023077,RCV0976,False,0,,AG015,NORMAL,0,0,2311.9,-254.88,0,0
TXN-SYN-A18713CC,CUST0097,2026-09-20 15:09:33,1720.37,MERCHANT_PAYMENT,152,False,98,False,6.278142966875447,RCV0669,False,0,M011,,NORMAL,0,0,18399.16,-16678.79,0,0
TXN-SYN-A60C62B3,CUST0543,2026-09-20 15:25:53,50.25,CASH_OUT,1339,False,1326,False,9.177258090912357,RCV0174,False,0,,AG005,NORMAL,0,0,15451.39,-15401.14,0,0
TXN-SYN-749B5AE0,CUST0165,2026-09-20 15:42:15,2144.09,SEND_MONEY,291,False,228,False,1.6859904843403684,RCV0699,False,0,,,NORMAL,0,0,3163.12,-1019.03,0,0
TXN-SYN-663848C3,CUST0330,2026-09-20 15:48:13,2994.01,MOBILE_RECHARGE,923,False,918,False,4.145263426605123,RCV0874,False,1,,,NORMAL,0,0,4032.85,-1038.84,0,0
TXN-SYN-D3394731,CUST0233,2026-09-20 15:49:20,513.85,CASH_OUT,571,False,538,False,0.2633490881888356,RCV1038,False,0,,AG026,NORMAL,0,0,8731.76,-8217.91,0,0
TXN-SYN-CD497890,CUST0685,2026-09-20 16:07:04,1384.32,SEND_MONEY,1253,False,1220,False,5.847749786665273,RCV0931,False,0,,,NORMAL,0,0,19596.64,-18212.32,0,0
TXN-SYN-892B6834,CUST0701,2026-09-20 16:24:34,524.3,MOBILE_RECHARGE,1443,False,1371,False,1.5061095306851913,RCV0401,False,0,,,NORMAL,0,0,2008.71,-1484.41,0,0
TXN-SYN-65980D63,CUST0261,2026-09-20 16:28:41,6108.08,CASH_IN,1411,False,1410,False,9.553265039086199,RCV1103,False,0,,AG001,NORMAL,0,0,1082.25,5025.83,0,0
TXN-SYN-21B847C5,CUST0217,2026-09-20 16:39:29,1914.4,CASH_OUT,1146,False,1089,False,3.771596419252905,RCV0500,False,0,,AG006,NORMAL,0,0,9666.3,-7751.9,0,0
TXN-SYN-154A6518,CUST0078,2026-09-20 16:40:53,29569.49,CASH_IN,229,False,160,False,7.4119442778286455,RCV0085,False,0,,AG016,NORMAL,0,0,29569.49,0.0,0,0
TXN-SYN-ADB6B37C,CUST0173,2026-09-20 16:41:10,15543.03,SEND_MONEY,521,False,432,False,9.176488262358436,RCV0345,True,1,,,MULE_LIKE,0,0,3278.58,12264.45,0,0
TXN-SYN-503EF3A8,CUST0558,2026-09-20 16:52:25,50.0,MERCHANT_PAYMENT,294,False,257,False,6.329572843054718,RCV0015,False,0,M037,,NORMAL,0,1,585.05,-535.05,0,0
TXN-SYN-B8A9A4D6,CUST0417,2026-09-20 16:56:01,3005.69,MERCHANT_PAYMENT,802,False,731,False,5.785853485929497,RCV0606,False,0,M011,,NORMAL,0,0,1986.93,1018.76,0,0
TXN-SYN-119680CD,CUST0735,2026-09-20 17:07:33,7365.17,SEND_MONEY,1383,False,1333,False,1.5257719184480867,RCV0695,False,0,,,NORMAL,0,0,8912.98,-1547.81,0,0
TXN-SYN-E4CAEE52,CUST0678,2026-09-20 17:08:53,649.36,CASH_OUT,506,False,459,False,4.813746526827814,RCV0794,False,0,,AG013,NORMAL,0,0,6472.31,-5822.95,0,0
TXN-SYN-7EB44491,CUST0550,2026-09-20 17:12:36,23486.78,SEND_MONEY,1064,False,1001,False,9.017193387976908,RCV0997,True,0,,,MULE_LIKE,0,0,1595.44,21891.34,0,0
TXN-SYN-CF1DFDA4,CUST0623,2026-09-20 17:18:43,1896.56,CASH_IN,937,False,865,False,6.396017485131161,RCV0408,False,0,,AG017,NORMAL,0,0,11506.03,-9609.47,0,0
TXN-SYN-B6B659E0,CUST0748,2026-09-20 17:31:35,1366.57,SEND_MONEY,423,False,343,False,1.329626294952152,RCV0290,False,0,,,NORMAL,0,0,9341.29,-7974.72,0,0
TXN-SYN-93ED4BF1,CUST0079,2026-09-20 17:33:06,70.49,CASH_IN,367,False,347,False,7.334018493349057,RCV0412,False,0,,AG021,NORMAL,0,1,10071.78,-10001.29,0,1
TXN-SYN-31DB3D23,CUST0378,2026-09-20 17:33:35,278.71,MERCHANT_PAYMENT,1076,False,1060,False,5.628398170087364,RCV1016,False,0,M034,,NORMAL,0,0,487.44,-208.74,0,0
TXN-SYN-DC0C3607,CUST0690,2026-09-20 17:34:07,2306.45,SEND_MONEY,411,False,322,False,2.9106859594114454,RCV0222,False,0,,,NORMAL,0,0,8630.94,-6324.49,0,0
TXN-SYN-2E734465,CUST0055,2026-09-20 17:38:49,1063.97,BILL_PAY,192,False,184,False,3.941900867641329,RCV1133,False,0,,,NORMAL,0,0,120.55,943.42,0,0
TXN-SYN-262341FC,CUST0119,2026-09-20 17:42:40,432.11,SEND_MONEY,470,False,446,False,8.807538380567184,RCV1159,False,0,,,NORMAL,0,1,21575.48,-21143.37,0,0
TXN-SYN-6C0BF449,CUST0414,2026-09-20 18:17:32,23879.12,SEND_MONEY,520,False,500,False,8.98840907120012,RCV1192,True,0,,,SCAM_LIKE,0,0,4029.94,19849.18,0,0
TXN-SYN-691EA89E,CUST0680,2026-09-20 18:30:41,142.84,MERCHANT_PAYMENT,324,False,256,False,4.783158726665922,RCV1117,False,0,M033,,NORMAL,0,1,8182.23,-8039.39,0,0
TXN-SYN-F4F4579A,CUST0790,2026-09-20 18:34:35,648.89,CASH_OUT,692,False,652,False,2.602585403964749,RCV0566,False,0,,AG012,NORMAL,0,0,1153.42,-504.53,0,0
TXN-SYN-743B16C3,CUST0116,2026-09-20 18:35:08,748.75,SEND_MONEY,611,False,577,False,4.204554925677611,RCV1033,False,0,,,NORMAL,0,0,237.19,511.56,0,0
TXN-SYN-F2783674,CUST0531,2026-09-20 18:35:17,275.93,SEND_MONEY,932,False,915,False,1.164627488916321,RCV0884,False,0,,,NORMAL,0,0,11451.37,-11175.44,0,0
TXN-SYN-FD56BE29,CUST0615,2026-09-20 18:46:56,1750.35,CASH_OUT,306,False,292,False,5.0764942840203915,RCV1062,False,0,,AG018,NORMAL,0,0,10438.5,-8688.15,0,0
TXN-SYN-606A5A5D,CUST0486,2026-09-20 18:49:44,3521.66,SEND_MONEY,1158,False,1112,False,8.762452094193593,RCV0206,False,0,,,NORMAL,0,0,6338.95,-2817.29,0,0
TXN-SYN-677E2A61,CUST0743,2026-09-20 19:04:25,77.38,SEND_MONEY,1333,False,1272,False,0.05711553180304585,RCV0795,False,0,,,NORMAL,0,0,20139.24,-20061.86,0,0
TXN-SYN-EAC1A078,CUST0577,2026-09-20 19:05:56,30823.29,SEND_MONEY,1378,False,1292,False,0.610360685985144,RCV0045,False,0,,,NORMAL,0,0,15304.06,15519.24,0,0
TXN-SYN-599B2B88,CUST0062,2026-09-20 19:08:16,5976.12,MERCHANT_PAYMENT,1312,False,1246,False,1.042800828590188,RCV0598,False,0,M020,,NORMAL,0,0,10139.7,-4163.58,0,0
TXN-SYN-55FB6061,CUST0181,2026-09-20 19:09:02,707.41,SEND_MONEY,398,False,338,False,7.481839120488464,RCV0892,False,0,,,NORMAL,0,0,1595.16,-887.75,0,0
TXN-SYN-9412CB82,CUST0332,2026-09-20 19:55:22,9923.37,SEND_MONEY,877,False,828,False,9.848085773552613,RCV0198,False,0,,,NORMAL,0,0,11273.52,-1350.15,0,0
TXN-SYN-AA5100F4,CUST0667,2026-09-20 19:56:10,6014.91,CASH_OUT,1001,False,973,False,8.982989463567653,RCV0132,False,0,,AG002,NORMAL,0,0,4399.65,1615.26,0,0
TXN-SYN-AC4066A2,CUST0307,2026-09-20 20:01:26,51.74,SEND_MONEY,1497,False,1439,False,3.114157538811587,RCV0173,False,0,,,NORMAL,0,1,15085.24,-15033.5,0,0
TXN-SYN-1FA283D2,CUST0160,2026-09-20 20:04:01,7218.1,MOBILE_RECHARGE,230,False,163,False,1.8458466702707854,RCV0318,False,0,,,NORMAL,0,1,12798.48,-5580.38,0,0
TXN-SYN-6E2C332A,CUST0532,2026-09-20 20:04:10,50.0,BILL_PAY,546,False,531,False,4.496896733693397,RCV0862,False,0,,,NORMAL,0,0,279.57,-229.57,0,0
TXN-SYN-A4FD221B,CUST0364,2026-09-20 20:04:12,6302.55,SEND_MONEY,939,False,921,False,3.1189908000428046,RCV0162,False,0,,,NORMAL,0,0,6302.55,0.0,0,0
TXN-SYN-D6A12D0A,CUST0100,2026-09-20 20:08:35,2096.83,SEND_MONEY,1093,False,1075,False,7.030745427681897,RCV1068,False,0,,,NORMAL,0,0,16433.34,-14336.51,0,0
TXN-SYN-31291A4C,CUST0363,2026-09-20 20:08:42,7715.41,CASH_OUT,1005,False,984,False,6.600129942084604,RCV0474,False,0,,AG029,NORMAL,0,0,5890.89,1824.52,0,0
TXN-SYN-FB45ADC6,CUST0468,2026-09-20 20:21:14,11107.39,MERCHANT_PAYMENT,1033,False,951,False,9.944310025427633,RCV0020,False,0,M020,,NORMAL,0,0,966.92,10140.47,0,0
TXN-SYN-2D4ED45A,CUST0089,2026-09-20 20:30:51,535.73,MERCHANT_PAYMENT,1143,False,1140,False,7.8315956234393616,RCV0495,False,0,M012,,NORMAL,0,0,7696.13,-7160.4,0,0
TXN-SYN-8EFB977E,CUST0393,2026-09-20 20:31:40,391.51,SEND_MONEY,192,False,157,False,1.6739133043091559,RCV0870,False,0,,,NORMAL,0,0,13029.62,-12638.11,0,0
TXN-SYN-4C797109,CUST0622,2026-09-20 20:45:44,854.79,MERCHANT_PAYMENT,627,False,612,False,6.596213684755208,RCV0839,False,0,M027,,NORMAL,0,0,2185.93,-1331.14,0,0
TXN-SYN-23001818,CUST0036,2026-09-20 20:52:57,9502.99,SEND_MONEY,1367,False,1306,False,3.140261097027187,RCV0604,False,0,,,NORMAL,0,0,11724.28,-2221.28,0,0
TXN-SYN-D05DD0E5,CUST0352,2026-09-20 20:55:39,4397.08,SEND_MONEY,450,False,412,False,8.218466603180131,RCV1133,False,2,,,NORMAL,0,0,663.15,3733.93,0,0
TXN-SYN-8A2B0895,CUST0353,2026-09-20 21:08:50,147.26,SEND_MONEY,590,False,561,False,5.060446924118366,RCV0985,False,0,,,NORMAL,0,0,645.38,-498.12,0,0
TXN-SYN-BAC3D643,CUST0229,2026-09-20 21:10:40,1769.64,SEND_MONEY,935,False,915,False,7.422223837867996,RCV1064,False,0,,,NORMAL,0,1,23294.37,-21524.73,0,1
TXN-SYN-D0472A42,CUST0691,2026-09-20 21:25:05,33584.34,SEND_MONEY,815,False,755,False,9.37436802883288,RCV0997,True,0,,,MULE_LIKE,0,0,1869.12,31715.22,0,0
TXN-SYN-B704E086,CUST0779,2026-09-20 21:26:38,172.17,SEND_MONEY,752,False,715,False,9.815517379172206,RCV0920,False,0,,,NORMAL,0,0,17481.3,-17309.13,0,0
TXN-SYN-70154B38,CUST0406,2026-09-20 21:27:28,2874.84,SEND_MONEY,751,False,676,False,2.029281598675239,RCV1122,False,0,,,NORMAL,0,0,3236.54,-361.7,0,0
TXN-SYN-DDEE24BD,CUST0285,2026-09-20 21:33:37,21725.37,SEND_MONEY,127,False,112,False,9.553672807311738,RCV0984,True,0,,,SCAM_LIKE,0,0,6847.75,14877.62,0,0
TXN-SYN-300C5B06,CUST0259,2026-09-20 21:39:25,370.66,MOBILE_RECHARGE,183,False,158,False,1.0739258183227818,RCV0502,False,0,,,NORMAL,0,0,5808.73,-5438.07,0,0
TXN-SYN-A95E7709,CUST0773,2026-09-20 21:40:02,608.91,SEND_MONEY,371,False,337,False,2.09136617259691,RCV0523,False,0,,,NORMAL,0,1,8080.18,-7471.27,0,0
TXN-SYN-B3B5A648,CUST0397,2026-09-20 21:41:10,5046.53,SEND_MONEY,818,False,737,False,5.807371397973519,RCV0582,False,0,,,NORMAL,0,0,8740.03,-3693.5,0,0
TXN-SYN-0A7FA7A8,CUST0104,2026-09-20 21:41:44,1380.75,SEND_MONEY,250,False,206,False,5.982538927023807,RCV0506,False,0,,,NORMAL,0,0,5663.5,-4282.75,0,0
TXN-SYN-2E1F2F08,CUST0189,2026-09-20 21:41:44,2999.12,CASH_OUT,1086,False,1023,False,3.8785814002035526,RCV0376,False,0,,AG008,NORMAL,0,0,42470.79,-39471.67,0,0
TXN-SYN-2B2BD590,CUST0728,2026-09-20 21:43:46,7208.74,CASH_OUT,299,False,250,False,1.5551124275829564,RCV0540,False,0,,AG013,NORMAL,0,0,5888.89,1319.85,0,0
TXN-SYN-44FFAE44,CUST0483,2026-09-20 21:53:07,704.95,SEND_MONEY,539,False,509,False,5.534295611637274,RCV1003,False,0,,,NORMAL,0,0,20652.89,-19947.94,0,0
TXN-SYN-571D4D26,CUST0217,2026-09-20 22:19:46,36761.26,CASH_OUT,449,False,364,True,25.163208358562834,RCV0981,False,0,,AG019,CASH_OUT_RISK,0,1,8115.92,28645.34,0,1
TXN-SYN-7E57EE03,CUST0075,2026-09-20 22:22:15,41333.11,CASH_OUT,1490,False,1475,True,73.80147648616307,RCV0264,False,0,,AG024,CASH_OUT_RISK,0,0,8301.32,33031.79,0,0
TXN-SYN-E11AD2B5,CUST0716,2026-09-20 22:25:10,39213.65,CASH_OUT,803,False,779,True,91.65753397984011,RCV0506,False,0,M012,AG002,CASH_OUT_RISK,0,0,27755.78,11457.87,0,0
TXN-SYN-D55C6B93,CUST0026,2026-09-20 23:08:13,38156.4,CASH_OUT,892,False,817,True,97.37627646737548,RCV0816,False,0,,AG027,CASH_OUT_RISK,0,0,6875.58,31280.82,0,0
TXN-SYN-31803956,CUST0367,2026-09-21 00:03:17,3171.607643235765,SEND_MONEY,58,True,0,True,197.52718948251533,RCV1117,False,3,,,ACCOUNT_TAKEOVER_LIKE,0,0,2010.89,1160.72,0,0
TXN-SYN-4183362E,CUST0286,2026-09-21 00:58:21,26939.462731155938,MERCHANT_PAYMENT,74,True,1,True,408.4165682721362,RCV0682,False,2,M009,,ACCOUNT_TAKEOVER_LIKE,0,0,1958.48,24980.99,0,0
TXN-SYN-8808CB4B,CUST0391,2026-09-21 01:18:43,10985.331485482642,CASH_OUT,67,True,1,True,275.15014505421004,RCV0790,False,2,,AG019,ACCOUNT_TAKEOVER_LIKE,0,0,1559.08,9426.25,0,0
TXN-SYN-556CA5F4,CUST0452,2026-09-21 01:40:26,10487.33329010304,SEND_MONEY,39,True,0,True,403.61606113511215,RCV0256,False,4,,,ACCOUNT_TAKEOVER_LIKE,0,0,12726.13,-2238.79,0,0
TXN-SYN-1409EDF9,CUST0713,2026-09-21 01:50:10,1735.9582082164975,CASH_IN,60,True,1,True,432.70381300270566,RCV0467,False,5,,AG006,ACCOUNT_TAKEOVER_LIKE,0,0,11109.63,-9373.67,0,0
TXN-SYN-22A76478,CUST0416,2026-09-21 01:51:33,44896.53,CASH_OUT,792,False,720,True,86.43983560822,RCV0020,False,0,,AG008,CASH_OUT_RISK,0,0,2661.68,42234.84,0,0
TXN-SYN-9590882A,CUST0688,2026-09-21 02:36:29,22212.46,CASH_OUT,1158,False,1107,True,95.6094023109869,RCV0990,False,0,,AG018,CASH_OUT_RISK,0,0,16401.81,5810.65,0,0
TXN-SYN-BABD9643,CUST0497,2026-09-21 02:36:39,45995.73,CASH_OUT,954,False,900,True,27.658280217674196,RCV1143,False,0,,AG026,CASH_OUT_RISK,0,0,4732.5,41263.23,0,0
TXN-SYN-39A04CDD,CUST0693,2026-09-21 02:39:58,16834.2,CASH_OUT,254,False,208,True,24.45996787762624,RCV0502,False,0,,AG011,CASH_OUT_RISK,0,0,4743.18,12091.02,0,0
TXN-SYN-E17BA6EA,CUST0018,2026-09-21 02:55:22,35804.33,CASH_OUT,212,False,142,True,50.56918916076149,RCV1171,False,0,,AG014,CASH_OUT_RISK,0,0,343.66,35460.67,0,0
TXN-SYN-677CBB9F,CUST0509,2026-09-21 03:03:36,34708.69220244726,CASH_IN,12,True,1,True,444.21019696384946,RCV0337,False,5,,AG026,ACCOUNT_TAKEOVER_LIKE,0,0,14161.65,20547.04,0,0
TXN-SYN-2574136F,CUST0222,2026-09-21 03:06:43,42629.33,CASH_OUT,1432,False,1421,True,64.15017091369485,RCV0630,False,0,,AG028,CASH_OUT_RISK,0,0,12281.95,30347.38,0,0
TXN-SYN-7596E128,CUST0116,2026-09-21 03:19:38,5094.28676772029,SEND_MONEY,61,True,0,True,310.7238129252901,RCV0238,False,3,,,ACCOUNT_TAKEOVER_LIKE,0,1,339.5,4754.78,0,0
TXN-SYN-EB21927B,CUST0268,2026-09-21 03:21:36,24207.44,CASH_OUT,488,False,407,True,99.95970803349773,RCV0413,False,0,,AG024,CASH_OUT_RISK,0,1,13829.43,10378.01,0,0
TXN-SYN-44F62DDF,CUST0102,2026-09-21 03:21:43,807.4369765124403,SEND_MONEY,42,True,1,True,145.55259980522428,RCV0860,False,2,,,ACCOUNT_TAKEOVER_LIKE,0,0,48020.08,-47212.65,0,0
TXN-SYN-1FCA24B3,CUST0625,2026-09-21 03:31:36,1982.8596786346568,MERCHANT_PAYMENT,33,True,0,True,379.2414898848381,RCV1098,False,3,M034,,ACCOUNT_TAKEOVER_LIKE,0,0,1828.48,154.37,0,0
TXN-SYN-A16C3071,CUST0581,2026-09-21 03:47:58,728.2595650412725,MERCHANT_PAYMENT,81,True,1,True,362.27260759226783,RCV1156,False,5,M049,,ACCOUNT_TAKEOVER_LIKE,0,0,16757.27,-16029.02,0,0
TXN-SYN-3E5F6B6D,CUST0554,2026-09-21 04:15:10,32559.265810181703,SEND_MONEY,57,True,1,True,264.7420166241561,RCV0025,False,2,,,ACCOUNT_TAKEOVER_LIKE,0,0,5934.8,26624.47,0,0
TXN-SYN-5661D4E7,CUST0093,2026-09-21 04:43:44,3229.3414333518417,BILL_PAY,99,True,2,True,200.90220725669462,RCV0338,False,2,,,ACCOUNT_TAKEOVER_LIKE,0,0,8321.87,-5092.53,0,0
TXN-SYN-E1609C62,CUST0188,2026-09-21 08:03:29,3170.0,CASH_IN,254,False,229,False,6.945267322606563,RCV0152,False,0,,AG003,NORMAL,0,0,4808.25,-1638.25,0,0
TXN-SYN-5B52AB9D,CUST0744,2026-09-21 08:06:01,4242.1,MOBILE_RECHARGE,430,False,366,False,3.4864447835571766,RCV0479,False,0,,,NORMAL,0,0,6299.21,-2057.11,0,0
TXN-SYN-10105616,CUST0083,2026-09-21 08:09:14,1222.3,SEND_MONEY,1071,False,1041,False,7.767117778909127,RCV0301,False,0,,,NORMAL,0,0,16031.86,-14809.56,0,0
TXN-SYN-EE30CC52,CUST0480,2026-09-21 08:18:58,258.8,MERCHANT_PAYMENT,706,False,684,False,2.8963872999190676,RCV0529,False,0,M045,,NORMAL,0,0,22639.99,-22381.19,0,0
TXN-SYN-484DFC13,CUST0301,2026-09-21 08:19:30,13791.13,MERCHANT_PAYMENT,471,False,444,False,9.155839836729552,RCV0949,False,0,M033,,NORMAL,0,0,6227.4,7563.73,0,0
TXN-SYN-46B295C8,CUST0122,2026-09-21 08:22:20,3185.49,SEND_MONEY,856,False,771,False,0.18555539069860405,RCV0652,False,0,,,NORMAL,0,0,975.85,2209.64,0,0
TXN-SYN-57BC1666,CUST0248,2026-09-21 08:26:50,1351.41,MERCHANT_PAYMENT,964,False,929,False,4.6287384923091395,RCV0813,False,0,M000,,NORMAL,0,0,10585.64,-9234.23,0,0
TXN-SYN-21062048,CUST0688,2026-09-21 08:28:15,344.1,SEND_MONEY,222,False,187,False,4.572608045918206,RCV0114,False,0,,,NORMAL,0,1,17854.47,-17510.37,0,1
TXN-SYN-A3A3C0BB,CUST0491,2026-09-21 08:32:09,1222.93,SEND_MONEY,516,False,491,False,6.258337002244594,RCV0376,False,0,,,NORMAL,0,0,16101.5,-14878.57,0,0
TXN-SYN-21AA8BF1,CUST0555,2026-09-21 08:32:21,629.52,CASH_OUT,1062,False,1000,False,2.174887345157627,RCV0688,False,0,,AG012,NORMAL,0,0,2938.72,-2309.2,0,0
TXN-SYN-331840EA,CUST0536,2026-09-21 08:38:10,4233.07,CASH_OUT,1004,False,994,False,5.161092329855901,RCV0393,False,0,,AG000,NORMAL,0,0,2678.97,1554.1,0,0
TXN-SYN-6070225B,CUST0050,2026-09-21 08:49:46,862.63,BILL_PAY,850,False,767,False,9.539150443409055,RCV1122,False,0,,,NORMAL,0,0,11651.94,-10789.31,0,0
TXN-SYN-448E35F6,CUST0120,2026-09-21 08:50:16,9160.08,SEND_MONEY,1333,False,1323,False,6.245417973398116,RCV0342,True,0,,,SCAM_LIKE,0,0,5962.13,3197.95,0,0
TXN-SYN-2E311B09,CUST0436,2026-09-21 08:55:56,6051.65,SEND_MONEY,924,False,878,False,7.016329589632311,RCV0802,True,0,M022,,SCAM_LIKE,0,0,6438.31,-386.66,0,0
TXN-SYN-57CD47A3,CUST0233,2026-09-21 09:00:42,673.77,BILL_PAY,854,False,838,False,8.974069691923587,RCV1042,False,0,,,NORMAL,0,1,7088.18,-6414.41,0,1
TXN-SYN-5F6F07E5,CUST0426,2026-09-21 09:13:49,3999.19,MERCHANT_PAYMENT,457,False,402,False,8.427654361503011,RCV0871,False,0,M013,,NORMAL,0,0,2775.46,1223.73,0,0
TXN-SYN-AE140FB3,CUST0555,2026-09-21 09:28:08,4547.01,CASH_IN,126,False,84,False,1.9359847775486727,RCV0179,False,0,,AG020,NORMAL,1,1,2168.99,2378.02,0,1
TXN-SYN-E901B82B,CUST0275,2026-09-21 09:28:39,389.93,MERCHANT_PAYMENT,1358,False,1287,False,8.962625937857736,RCV0996,False,0,M049,,NORMAL,0,0,12885.1,-12495.17,0,0
TXN-SYN-CD99EFC0,CUST0609,2026-09-21 09:33:22,512.8,SEND_MONEY,126,False,90,False,7.2925197312841465,RCV0584,False,0,,,NORMAL,0,1,6149.36,-5636.56,0,0
TXN-SYN-23F3458D,CUST0416,2026-09-21 09:35:35,1584.32,CASH_IN,302,False,262,False,5.780779936470902,RCV0180,False,0,,AG007,NORMAL,0,1,16739.97,-15155.65,0,1
TXN-SYN-41A5BD15,CUST0390,2026-09-21 09:42:26,1441.95,CASH_OUT,300,False,297,False,3.355574000420013,RCV0116,False,0,,AG007,NORMAL,0,0,465.3,976.65,0,0
TXN-SYN-AA42FCAF,CUST0345,2026-09-21 09:46:24,2811.63,SEND_MONEY,507,False,478,False,6.939921083892756,RCV0192,False,0,,,NORMAL,0,0,11010.05,-8198.42,0,0
TXN-SYN-7E008F53,CUST0124,2026-09-21 09:47:19,1495.61,CASH_IN,1125,False,1050,False,6.728316899204301,RCV0066,False,0,,AG023,NORMAL,0,0,8901.24,-7405.63,0,0
TXN-SYN-4F86B554,CUST0085,2026-09-21 09:57:57,50.0,SEND_MONEY,1200,False,1129,False,8.226051708097753,RCV1053,False,0,,,NORMAL,0,0,18102.78,-18052.78,0,0
TXN-SYN-C902D746,CUST0470,2026-09-21 10:02:55,557.75,SEND_MONEY,421,False,363,False,7.789226558113923,RCV0703,False,0,,,NORMAL,0,0,18484.75,-17927.0,0,0
TXN-SYN-74CAF80F,CUST0515,2026-09-21 10:14:17,515.57,CASH_OUT,559,False,543,False,7.660647765353026,RCV0441,False,0,,AG012,NORMAL,0,0,7001.59,-6486.02,0,0
TXN-SYN-198020AF,CUST0536,2026-09-21 10:15:13,31958.07,SEND_MONEY,1250,False,1230,False,0.5987462672138566,RCV0997,True,1,,,MULE_LIKE,0,1,3197.0,28761.07,0,1
TXN-SYN-6F42B05E,CUST0732,2026-09-21 10:25:39,4400.03,BILL_PAY,1232,False,1173,False,4.301028765298001,RCV0708,False,0,,,NORMAL,0,0,14790.28,-10390.25,0,0
TXN-SYN-5098B23D,CUST0076,2026-09-21 10:26:58,1427.26,CASH_OUT,689,False,626,False,7.77706610152795,RCV0706,False,0,,AG012,NORMAL,0,0,958.2,469.06,0,0
TXN-SYN-AD69CE41,CUST0724,2026-09-21 10:34:43,2844.37,SEND_MONEY,927,False,839,False,5.964854749854216,RCV1088,False,0,,,NORMAL,0,0,9365.53,-6521.16,0,0
TXN-SYN-0603A958,CUST0734,2026-09-21 10:37:22,4690.11,BILL_PAY,1100,False,1090,False,2.9383695562196053,RCV0019,False,0,,,NORMAL,0,0,10134.01,-5443.9,0,0
TXN-SYN-DFCABB51,CUST0065,2026-09-21 10:39:03,398.58,CASH_OUT,304,False,230,False,8.96776454763943,RCV0807,False,0,,AG005,NORMAL,0,0,1919.34,-1520.76,0,0
TXN-SYN-E77B30D9,CUST0076,2026-09-21 10:57:25,845.85,MOBILE_RECHARGE,1460,False,1382,False,7.162847808443481,RCV0479,False,0,,,NORMAL,1,1,1036.38,-190.53,0,1
TXN-SYN-E653A4C2,CUST0498,2026-09-21 10:57:26,1434.01,CASH_IN,483,False,483,False,6.823245786079914,RCV0389,False,0,,AG029,NORMAL,0,1,16377.96,-14943.95,0,0
TXN-SYN-830BF466,CUST0231,2026-09-21 11:02:09,7814.26,BILL_PAY,1174,False,1122,False,3.6770850812754317,RCV0974,False,0,,,NORMAL,0,0,25240.94,-17426.68,0,0
TXN-SYN-4A13A9C5,CUST0563,2026-09-21 11:12:51,1938.92,SEND_MONEY,670,False,652,False,5.495275759017196,RCV0157,False,0,,,NORMAL,0,0,2654.62,-715.7,0,0
TXN-SYN-235575F3,CUST0213,2026-09-21 11:17:09,296.02,BILL_PAY,941,False,933,False,9.7184209147679,RCV0340,False,0,,,NORMAL,0,0,6576.42,-6280.4,0,0
TXN-SYN-0875EA1E,CUST0241,2026-09-21 11:28:02,847.69,CASH_OUT,289,False,207,False,0.1437998317795608,RCV0257,False,0,,AG014,NORMAL,0,0,18679.16,-17831.47,0,0
TXN-SYN-E4FB4C5E,CUST0792,2026-09-21 11:35:54,3250.41,CASH_OUT,1189,False,1130,False,8.372099102892683,RCV1085,False,0,,AG004,NORMAL,0,0,1930.61,1319.8,0,0
TXN-SYN-18576449,CUST0424,2026-09-21 11:40:47,77.48,BILL_PAY,1471,False,1456,False,7.776154093585388,RCV0139,False,0,,,NORMAL,0,0,3235.31,-3157.83,0,0
TXN-SYN-9F4BB6F3,CUST0189,2026-09-21 11:58:23,12482.04,SEND_MONEY,193,False,187,False,8.892900220719556,RCV1098,True,0,,,MULE_LIKE,0,1,22734.96,-10252.92,0,1
TXN-SYN-307DE0E2,CUST0470,2026-09-21 12:05:03,207.68,CASH_IN,100,False,23,False,5.1203214139981155,RCV0203,False,0,,AG026,NORMAL,0,1,14899.35,-14691.67,0,0
TXN-SYN-79AC4E60,CUST0530,2026-09-21 12:06:16,1296.1,SEND_MONEY,1227,False,1164,False,2.2687051633149413,RCV0564,False,0,,,NORMAL,0,0,11796.66,-10500.56,0,0
TXN-SYN-F1B1E26A,CUST0267,2026-09-21 12:08:08,14597.32,SEND_MONEY,1448,False,1401,False,8.313735143857098,RCV1058,True,0,,,MULE_LIKE,0,0,1128.06,13469.26,0,0
TXN-SYN-89C54D05,CUST0728,2026-09-21 12:08:20,851.7,BILL_PAY,622,False,606,False,6.761082314144112,RCV0631,False,0,,,NORMAL,0,1,6152.86,-5301.16,0,1
TXN-SYN-D6855E64,CUST0369,2026-09-21 12:13:56,442.46,SEND_MONEY,1213,False,1213,False,1.7459971858024292,RCV1179,False,0,,,NORMAL,0,0,21500.16,-21057.7,0,0
TXN-SYN-0DCF69C9,CUST0258,2026-09-21 12:15:12,1331.73,SEND_MONEY,840,False,837,False,7.581836095962567,RCV1110,False,0,,,NORMAL,0,0,2039.94,-708.21,0,0
TXN-SYN-2D5B658C,CUST0334,2026-09-21 12:19:42,8541.44,SEND_MONEY,1468,True,1432,False,4.256554352072687,RCV1003,True,0,,,SCAM_LIKE,0,0,1654.06,6887.38,0,0
TXN-SYN-88968D52,CUST0253,2026-09-21 12:22:46,354.01,SEND_MONEY,668,False,600,False,0.038135553921014864,RCV0734,False,0,,,NORMAL,0,0,798.26,-444.25,0,0
TXN-SYN-891356FD,CUST0372,2026-09-21 12:27:39,14391.09,SEND_MONEY,349,False,303,False,5.999664184262686,RCV0755,False,0,,,NORMAL,0,0,21450.32,-7059.23,0,0
TXN-SYN-E13CC8D6,CUST0775,2026-09-21 12:31:21,1385.09,SEND_MONEY,585,False,561,False,5.4610979757484515,RCV0732,False,0,,,NORMAL,0,0,8804.73,-7419.64,0,0
TXN-SYN-00F46288,CUST0491,2026-09-21 12:49:59,630.38,SEND_MONEY,962,False,880,False,8.115586907290593,RCV0163,False,0,,,NORMAL,0,1,13125.78,-12495.4,0,0
TXN-SYN-9B9A6D57,CUST0104,2026-09-21 12:51:34,40037.14,SEND_MONEY,1464,False,1397,False,2.8480037424955085,RCV0744,True,0,,,MULE_LIKE,0,1,4949.71,35087.43,0,0
TXN-SYN-3FF7CE92,CUST0715,2026-09-21 12:52:20,5517.97,CASH_IN,1410,False,1410,False,1.038737902788105,RCV0595,False,0,,AG019,NORMAL,0,0,876.22,4641.75,0,0
TXN-SYN-7191F757,CUST0551,2026-09-21 13:05:51,528.0,SEND_MONEY,1473,False,1466,False,3.5380390602136256,RCV0136,False,0,,,NORMAL,0,0,1638.3,-1110.3,0,0
TXN-SYN-868AC56D,CUST0426,2026-09-21 13:08:31,84.5,SEND_MONEY,1066,False,1014,False,7.748558680680901,RCV0083,False,0,,,NORMAL,0,1,3081.39,-2996.89,0,0
TXN-SYN-1D0C8E16,CUST0795,2026-09-21 13:10:57,234.59,CASH_IN,895,False,868,False,2.184404372168336,RCV0577,False,0,,AG029,NORMAL,0,0,2756.46,-2521.87,0,0
TXN-SYN-E15E200A,CUST0600,2026-09-21 13:11:56,37673.84,SEND_MONEY,970,False,950,False,4.6316396819290375,RCV1034,True,0,,,MULE_LIKE,0,0,6611.26,31062.58,0,0
TXN-SYN-AC08BED3,CUST0610,2026-09-21 13:18:34,1503.19,SEND_MONEY,451,False,430,False,2.748344323517806,RCV1002,False,0,,,NORMAL,0,0,5325.38,-3822.19,0,0
TXN-SYN-31829023,CUST0734,2026-09-21 13:20:20,117.18,SEND_MONEY,1230,False,1180,False,6.713340311030056,RCV0632,False,0,,,NORMAL,0,1,8319.37,-8202.19,0,0
TXN-SYN-C8075D4D,CUST0541,2026-09-21 13:27:33,4381.82,CASH_OUT,1016,False,998,False,5.983789431994964,RCV0896,False,0,,AG027,NORMAL,0,0,17166.3,-12784.48,0,0
TXN-SYN-76F85690,CUST0017,2026-09-21 13:30:35,746.13,SEND_MONEY,737,False,697,False,1.7178552045807272,RCV0960,False,0,,,NORMAL,0,0,6738.65,-5992.52,0,0
TXN-SYN-C72FCDE2,CUST0352,2026-09-21 13:33:37,1789.33,MERCHANT_PAYMENT,758,False,744,False,7.309280359330334,RCV0799,False,0,M019,,NORMAL,0,1,1907.79,-118.46,0,0
TXN-SYN-C7FFC115,CUST0184,2026-09-21 13:54:26,16652.96,SEND_MONEY,133,False,75,False,9.133427337646761,RCV1072,True,0,,AG028,SCAM_LIKE,0,0,11572.8,5080.16,0,0
TXN-SYN-3B6A371F,CUST0571,2026-09-21 14:01:24,15228.69,SEND_MONEY,296,False,208,False,1.5188617233663027,RCV0999,True,0,,AG022,MULE_LIKE,0,0,9075.49,6153.2,0,0
TXN-SYN-B517E23C,CUST0300,2026-09-21 14:02:36,693.06,SEND_MONEY,129,False,77,False,3.613616578067773,RCV1113,False,0,,,NORMAL,0,0,10257.82,-9564.76,0,0
TXN-SYN-D12A5005,CUST0697,2026-09-21 14:03:51,135.94,SEND_MONEY,112,False,66,False,8.953962676434433,RCV0177,False,0,,,NORMAL,0,0,9895.34,-9759.4,0,0
TXN-SYN-13482358,CUST0771,2026-09-21 14:06:04,571.14,MOBILE_RECHARGE,1014,False,994,False,7.708982213861482,RCV1122,False,0,,,NORMAL,0,0,23464.51,-22893.37,0,0
TXN-SYN-C0CDBA01,CUST0172,2026-09-21 14:06:35,494.21,CASH_OUT,111,False,37,False,5.137531624797013,RCV0786,False,0,,AG028,NORMAL,0,0,8953.52,-8459.31,0,0
TXN-SYN-EDA46FF9,CUST0571,2026-09-21 14:07:46,15316.52,SEND_MONEY,1204,False,1183,False,2.4737435108435712,RCV0998,True,0,,,MULE_LIKE,1,1,10101.03,5215.49,0,0
TXN-SYN-92C7F54C,CUST0593,2026-09-21 14:15:02,169.01,CASH_IN,1412,False,1340,False,9.659066142192644,RCV0618,False,0,,AG003,NORMAL,0,0,7918.77,-7749.76,0,0
TXN-SYN-A77E4B77,CUST0044,2026-09-21 14:16:46,876.99,MERCHANT_PAYMENT,187,False,115,False,9.972378999036026,RCV0954,False,0,M041,,NORMAL,0,0,16377.12,-15500.12,0,0
TXN-SYN-14DC3F45,CUST0765,2026-09-21 14:21:22,561.37,MOBILE_RECHARGE,1071,False,1049,False,9.242960968388532,RCV0680,False,0,,,NORMAL,0,0,2247.87,-1686.5,0,0
TXN-SYN-30F1F402,CUST0305,2026-09-21 14:30:34,18140.24,SEND_MONEY,1255,False,1180,False,5.724732279387089,RCV0872,True,0,,AG019,SCAM_LIKE,0,0,10994.47,7145.77,1,0
TXN-SYN-0CC887DD,CUST0007,2026-09-21 15:03:52,125.87,CASH_OUT,392,False,336,False,1.521746018819179,RCV0968,False,0,,AG013,NORMAL,0,0,8217.56,-8091.69,0,0
TXN-SYN-C3D02271,CUST0002,2026-09-21 15:10:34,553.34,SEND_MONEY,397,False,377,False,0.2610412656712702,RCV0668,False,0,,,NORMAL,0,0,4456.48,-3903.14,0,0
TXN-SYN-9F8A3CD4,CUST0643,2026-09-21 15:14:44,628.66,SEND_MONEY,147,False,142,False,5.827389314147861,RCV0055,False,0,,,NORMAL,0,0,17547.07,-16918.41,0,0
TXN-SYN-A3118FDF,CUST0438,2026-09-21 15:15:25,4363.13,CASH_IN,615,False,598,False,4.079914834695869,RCV0714,False,0,,AG008,NORMAL,0,0,12696.28,-8333.15,0,0
TXN-SYN-2A2640C7,CUST0517,2026-09-21 15:18:32,5150.52,MERCHANT_PAYMENT,1133,False,1124,False,8.708326212853502,RCV0897,False,0,M023,,NORMAL,0,0,9158.59,-4008.07,0,0
TXN-SYN-F36BEF8E,CUST0066,2026-09-21 15:20:20,32376.59,SEND_MONEY,862,False,798,False,7.091320555575878,RCV0998,True,0,,AG026,MULE_LIKE,0,0,14923.3,17453.29,0,0
TXN-SYN-ADE7B297,CUST0669,2026-09-21 15:37:21,908.23,SEND_MONEY,1428,False,1380,False,8.79413174955438,RCV1046,False,0,,,NORMAL,0,0,4486.54,-3578.3,0,0
TXN-SYN-D74E798C,CUST0128,2026-09-21 15:54:02,19341.6,SEND_MONEY,107,True,23,False,1.7542746220416494,RCV0145,True,0,,,SCAM_LIKE,0,0,1710.38,17631.22,0,0
TXN-SYN-611C1489,CUST0411,2026-09-21 15:59:05,3087.76,SEND_MONEY,681,False,678,False,6.560458694888051,RCV0491,False,0,,,NORMAL,0,0,3232.4,-144.64,0,0
TXN-SYN-C5CE013A,CUST0271,2026-09-21 16:05:03,96.31,MERCHANT_PAYMENT,1178,False,1106,False,3.598780123338343,RCV0835,False,0,M012,,NORMAL,0,0,15083.2,-14986.89,0,0
TXN-SYN-A481EA13,CUST0361,2026-09-21 16:10:23,1277.11,MERCHANT_PAYMENT,294,False,243,False,7.268112577006373,RCV1151,False,0,M043,,NORMAL,0,0,823.59,453.52,0,0
TXN-SYN-20623A81,CUST0739,2026-09-21 16:13:48,501.17,MERCHANT_PAYMENT,428,False,387,False,9.77038753616442,RCV0222,False,0,M031,,NORMAL,0,0,2151.61,-1650.44,0,0
TXN-SYN-CD07DB0D,CUST0406,2026-09-21 16:26:27,42531.37,SEND_MONEY,1342,False,1310,False,0.14928967236017665,RCV0161,True,0,,,MULE_LIKE,0,1,3164.2,39367.17,0,0
TXN-SYN-6C24C4AA,CUST0138,2026-09-21 16:27:24,185.45,SEND_MONEY,1006,False,934,False,3.940269034822487,RCV1188,False,0,,,NORMAL,0,0,10676.35,-10490.9,0,0
TXN-SYN-2F068AAD,CUST0304,2026-09-21 16:36:35,9730.24,MERCHANT_PAYMENT,1089,False,1065,False,9.647458913639182,RCV0525,False,0,M003,,NORMAL,0,0,3505.0,6225.24,0,0
TXN-SYN-759DCE65,CUST0214,2026-09-21 16:37:11,4331.99,BILL_PAY,1192,False,1115,False,7.694799397695588,RCV0189,False,0,,,NORMAL,0,0,4252.46,79.53,0,0
TXN-SYN-C01D31B7,CUST0166,2026-09-21 16:44:14,769.48,SEND_MONEY,1314,False,1264,False,7.92662476751617,RCV0921,False,0,,,NORMAL,0,0,9757.49,-8988.01,0,0
TXN-SYN-AAEF005B,CUST0661,2026-09-21 16:50:10,23412.49,SEND_MONEY,1330,False,1268,False,5.696765865747011,RCV0998,True,0,,,MULE_LIKE,0,0,9465.36,13947.13,0,0
TXN-SYN-6359FCB0,CUST0581,2026-09-21 16:53:42,1536.74,SEND_MONEY,918,False,898,False,9.848146628076183,RCV0056,False,0,,,NORMAL,0,1,14467.42,-12930.68,0,0
TXN-SYN-AAF93D47,CUST0592,2026-09-21 16:56:45,3170.64,MERCHANT_PAYMENT,820,False,805,False,7.975993494897885,RCV0066,False,0,M015,,NORMAL,0,0,8691.66,-5521.02,0,0
TXN-SYN-01B2D948,CUST0749,2026-09-21 16:56:54,862.72,MERCHANT_PAYMENT,1254,False,1240,False,5.623727823711995,RCV0295,False,0,M010,,NORMAL,0,0,3398.08,-2535.36,0,0
TXN-SYN-DA25D21D,CUST0382,2026-09-21 17:03:50,15616.23,SEND_MONEY,1413,False,1329,False,0.48073112534060103,RCV1147,False,0,,,NORMAL,0,0,11166.56,4449.67,0,0
TXN-SYN-C1ABD8E6,CUST0441,2026-09-21 17:12:10,3581.67,SEND_MONEY,903,False,818,False,7.582672920560592,RCV0400,False,0,,,NORMAL,0,0,5658.91,-2077.24,0,0
TXN-SYN-52EA30CC,CUST0568,2026-09-21 17:15:40,4025.8,MERCHANT_PAYMENT,1383,False,1315,False,3.145815465462273,RCV1143,False,0,M027,,NORMAL,0,0,7122.6,-3096.8,0,0
TXN-SYN-EA9BB686,CUST0452,2026-09-21 17:18:15,4558.64,BILL_PAY,1471,False,1426,False,7.749040653297997,RCV0024,False,0,,,NORMAL,0,1,12166.43,-7607.79,0,0
TXN-SYN-27811FC9,CUST0130,2026-09-21 17:19:55,37260.68,SEND_MONEY,646,False,564,False,3.0034980273672396,RCV0999,True,0,,,MULE_LIKE,0,0,7472.97,29787.71,0,0
TXN-SYN-1133A2BF,CUST0060,2026-09-21 17:22:54,41121.01,SEND_MONEY,1002,False,981,False,0.6314029292739132,RCV1152,True,0,,AG014,MULE_LIKE,0,0,14974.35,26146.66,0,0
TXN-SYN-94704972,CUST0306,2026-09-21 17:26:08,50.0,MERCHANT_PAYMENT,521,False,519,False,8.685607843690038,RCV1132,False,0,M022,,NORMAL,0,0,1193.0,-1143.0,0,0
TXN-SYN-F2C0DB84,CUST0689,2026-09-21 17:36:03,907.45,MOBILE_RECHARGE,1103,False,1097,False,5.6506282074709535,RCV0712,False,0,,,NORMAL,0,0,157.95,749.5,0,0
TXN-SYN-A665CAA8,CUST0188,2026-09-21 17:38:41,23994.91,SEND_MONEY,322,True,259,False,1.8144801421388301,RCV1121,True,0,,,SCAM_LIKE,0,1,4644.42,19350.49,0,0
TXN-SYN-8400F77A,CUST0261,2026-09-21 17:43:26,32637.35,SEND_MONEY,1274,False,1239,False,0.617843442287701,RCV1154,True,0,,AG005,MULE_LIKE,0,0,2087.41,30549.94,0,0
TXN-SYN-BAFF4213,CUST0443,2026-09-21 17:44:09,1061.99,MERCHANT_PAYMENT,199,False,161,False,7.070960761611116,RCV0417,False,0,M049,,NORMAL,0,0,7797.91,-6735.92,0,0
TXN-SYN-FFB051DB,CUST0537,2026-09-21 17:50:27,17477.25,SEND_MONEY,1206,False,1172,False,7.382189055403422,RCV0318,True,0,,,SCAM_LIKE,0,0,1679.14,15798.11,0,0
TXN-SYN-948DD9CC,CUST0504,2026-09-21 17:54:58,412.37,MOBILE_RECHARGE,1113,False,1082,False,7.762250528720227,RCV0421,False,0,,,NORMAL,0,0,15060.14,-14647.77,0,0
TXN-SYN-08F2A96C,CUST0185,2026-09-21 18:00:44,417.91,SEND_MONEY,555,False,553,False,7.357404498934493,RCV0760,False,0,,,NORMAL,0,0,417.91,0.0,0,0
TXN-SYN-5BE826AE,CUST0605,2026-09-21 18:20:31,1027.12,SEND_MONEY,919,False,884,False,4.232102551753223,RCV1071,False,0,,,NORMAL,0,0,14641.8,-13614.68,0,0
TXN-SYN-41EE4811,CUST0518,2026-09-21 18:23:05,1555.28,BILL_PAY,248,False,219,False,1.294861955670622,RCV1074,False,0,,,NORMAL,0,0,3211.62,-1656.34,0,0
TXN-SYN-3D83D074,CUST0086,2026-09-21 18:27:14,473.51,MERCHANT_PAYMENT,255,False,219,False,8.66782787115657,RCV0292,False,0,M018,,NORMAL,0,0,2995.04,-2521.53,0,0
TXN-SYN-92AC9A5E,CUST0272,2026-09-21 18:39:50,270.97,SEND_MONEY,239,False,190,False,3.445837946596324,RCV0372,False,0,,,NORMAL,0,0,5833.4,-5562.42,0,0
TXN-SYN-DBC3B8F3,CUST0106,2026-09-21 18:41:41,569.2,MOBILE_RECHARGE,1209,False,1128,False,6.974082740498616,RCV0385,False,0,,,NORMAL,0,0,11271.1,-10701.9,0,0
TXN-SYN-0AD87F9E,CUST0193,2026-09-21 18:53:16,2697.76,CASH_OUT,168,False,144,False,9.857603424523242,RCV0434,False,0,,AG002,NORMAL,0,0,1203.23,1494.53,0,0
TXN-SYN-825F26EF,CUST0732,2026-09-21 18:54:09,29362.49,SEND_MONEY,226,False,155,False,8.911424282474297,RCV0390,True,0,,,MULE_LIKE,0,1,13058.57,16303.92,0,0
TXN-SYN-3842C520,CUST0469,2026-09-21 18:57:40,427.44,SEND_MONEY,1039,False,1036,False,0.8502157629926921,RCV1109,False,0,,,NORMAL,0,0,2466.2,-2038.76,0,0
TXN-SYN-868FDA66,CUST0233,2026-09-21 18:57:48,4177.08,MERCHANT_PAYMENT,568,False,534,False,0.272876506505656,RCV0829,False,0,M004,,NORMAL,0,1,6019.11,-1842.03,0,0
TXN-SYN-3258E0D9,CUST0771,2026-09-21 19:01:21,2898.04,SEND_MONEY,618,False,536,False,4.862709108480776,RCV0756,False,0,,,NORMAL,0,1,20194.03,-17295.99,0,0
TXN-SYN-D93E1DE6,CUST0085,2026-09-21 19:01:45,20799.05,SEND_MONEY,627,True,605,False,9.861018432275392,RCV0481,True,0,,,SCAM_LIKE,0,1,14492.22,6306.83,0,0
TXN-SYN-EA8F1C01,CUST0159,2026-09-21 19:06:26,267.82,CASH_OUT,810,False,755,False,7.64778745595766,RCV0737,False,0,,AG017,NORMAL,0,0,8740.74,-8472.92,0,0
TXN-SYN-F3056C07,CUST0229,2026-09-21 19:09:43,2680.01,MOBILE_RECHARGE,581,False,508,False,9.9234469030899,RCV0223,False,0,,,NORMAL,0,1,18989.42,-16309.41,0,0
TXN-SYN-00EDE7A3,CUST0563,2026-09-21 19:11:57,6193.24,SEND_MONEY,1072,True,1052,False,3.826635185023747,RCV0373,True,1,,AG026,SCAM_LIKE,0,1,2296.77,3896.47,0,0
TXN-SYN-1D40FA04,CUST0278,2026-09-21 19:12:47,36469.05,MERCHANT_PAYMENT,1109,False,1100,False,5.234387088600134,RCV0787,False,0,M021,,NORMAL,0,0,14702.12,21766.93,0,0
TXN-SYN-389EF243,CUST0225,2026-09-21 19:21:36,205.9,MOBILE_RECHARGE,430,False,344,False,7.073718406913233,RCV0115,False,0,,,NORMAL,0,0,696.04,-490.14,0,0
TXN-SYN-40D8B7AC,CUST0796,2026-09-21 19:21:37,299.75,CASH_IN,1250,False,1208,False,7.177033617093369,RCV0931,False,0,,AG028,NORMAL,0,0,11429.46,-11129.71,0,0
TXN-SYN-E8E58D45,CUST0070,2026-09-21 19:28:53,618.16,SEND_MONEY,982,False,962,False,1.1702656751357488,RCV1146,False,0,,,NORMAL,0,0,11427.05,-10808.89,0,0
TXN-SYN-7530ADBA,CUST0130,2026-09-21 19:33:40,645.65,SEND_MONEY,1341,False,1280,False,7.190774473538556,RCV0587,False,0,,,NORMAL,0,1,13430.51,-12784.86,0,0
TXN-SYN-9F50B0D0,CUST0271,2026-09-21 19:40:45,2107.34,SEND_MONEY,1320,False,1258,False,2.647522350662096,RCV0659,False,0,,,NORMAL,0,1,12085.82,-9978.48,0,0
TXN-SYN-560B01C4,CUST0504,2026-09-21 19:46:39,22111.98,MERCHANT_PAYMENT,532,False,453,False,0.13730591574291795,RCV0777,False,0,M023,,NORMAL,0,1,12967.61,9144.37,0,0
TXN-SYN-F66744A5,CUST0046,2026-09-21 19:46:47,20984.76,SEND_MONEY,861,False,785,False,7.164263866560665,RCV0752,True,0,,,SCAM_LIKE,0,0,5797.48,15187.28,0,0
TXN-SYN-4893CA22,CUST0769,2026-09-21 19:51:04,50.0,SEND_MONEY,184,False,180,False,0.8721530423662793,RCV0731,False,0,,,NORMAL,0,0,22224.53,-22174.53,0,0
TXN-SYN-FDCE66F8,CUST0461,2026-09-21 19:52:51,76.93,SEND_MONEY,536,False,535,False,8.861771635707026,RCV0559,False,0,,,NORMAL,0,0,7381.72,-7304.79,0,0
TXN-SYN-91103653,CUST0707,2026-09-21 19:57:12,845.33,BILL_PAY,1211,False,1158,False,2.216100031681215,RCV0982,False,0,,,NORMAL,0,0,4216.89,-3371.56,0,0
TXN-SYN-C911CE0B,CUST0401,2026-09-21 20:00:32,2009.04,CASH_OUT,218,False,135,False,4.763244117007027,RCV0667,False,0,,AG014,NORMAL,0,0,1287.98,721.06,0,0
TXN-SYN-B3218FCD,CUST0685,2026-09-21 20:05:20,4586.97,SEND_MONEY,917,False,846,False,5.852501530514588,RCV0481,False,0,,,NORMAL,0,0,15954.17,-11367.2,0,0
TXN-SYN-D674DD61,CUST0176,2026-09-21 20:11:22,18538.82,SEND_MONEY,646,True,608,False,1.9386306793689267,RCV0313,True,0,,,SCAM_LIKE,0,0,8808.76,9730.06,0,0
TXN-SYN-D243ED46,CUST0739,2026-09-21 20:19:24,262.27,MERCHANT_PAYMENT,487,False,486,False,3.4857728411707143,RCV0106,False,0,M037,,NORMAL,0,1,1821.52,-1559.25,0,0
TXN-SYN-45AF5210,CUST0184,2026-09-21 20:23:41,391.65,CASH_IN,1182,False,1110,False,3.6453893511818727,RCV1170,False,0,,AG001,NORMAL,0,1,12419.5,-12027.85,0,0
TXN-SYN-DB2507BA,CUST0459,2026-09-21 20:30:34,8673.89,BILL_PAY,814,False,769,False,7.1669366325980475,RCV0264,False,0,,,NORMAL,0,0,20266.23,-11592.34,0,0
TXN-SYN-B212140C,CUST0239,2026-09-21 20:36:33,35354.12,SEND_MONEY,606,False,564,False,4.733541793328011,RCV0489,True,0,,,MULE_LIKE,0,0,9184.19,26169.93,0,0
TXN-SYN-53DEB62E,CUST0460,2026-09-21 20:42:09,1077.08,MERCHANT_PAYMENT,546,False,503,False,3.6564216270421133,RCV0814,False,0,M002,,NORMAL,0,0,8974.44,-7897.36,0,0
TXN-SYN-A11AE4B0,CUST0246,2026-09-21 20:48:43,557.72,SEND_MONEY,992,False,932,False,9.969510919624106,RCV0413,False,0,,,NORMAL,0,0,16697.8,-16140.08,0,0
TXN-SYN-EC6A5875,CUST0636,2026-09-21 20:51:14,151.57,BILL_PAY,299,False,253,False,0.7848737788004334,RCV0563,False,0,,,NORMAL,0,0,7868.88,-7717.31,0,0
TXN-SYN-E1EB5DC3,CUST0294,2026-09-21 20:58:06,2519.84,CASH_IN,1416,False,1346,False,5.246614409485923,RCV0623,False,0,,AG027,NORMAL,0,0,3990.36,-1470.52,0,0
TXN-SYN-AAC9FD85,CUST0730,2026-09-21 21:01:29,1840.2,MERCHANT_PAYMENT,444,False,363,False,9.234066063183947,RCV0757,False,0,M004,,NORMAL,0,0,23758.62,-21918.42,0,0
TXN-SYN-9F532CAA,CUST0607,2026-09-21 21:04:30,185.49,CASH_OUT,426,False,407,False,1.5220244752845924,RCV0494,False,0,,AG021,NORMAL,0,0,23605.21,-23419.72,0,0
TXN-SYN-B559421A,CUST0328,2026-09-21 21:16:53,4500.0,BILL_PAY,1312,False,1232,False,8.416359533024409,RCV0517,False,0,,,NORMAL,0,0,7796.58,-3296.58,0,0
TXN-SYN-63E6C7AD,CUST0515,2026-09-21 21:19:26,443.87,BILL_PAY,748,False,743,False,6.696535952509742,RCV0083,False,0,,,NORMAL,0,1,5704.38,-5260.51,0,1
TXN-SYN-A6B88F49,CUST0489,2026-09-21 21:22:05,26972.35,SEND_MONEY,516,False,446,False,1.7826192839307964,RCV0347,True,0,,,MULE_LIKE,0,0,3918.2,23054.15,0,0
TXN-SYN-F3D2AB4B,CUST0465,2026-09-21 21:26:11,694.08,SEND_MONEY,998,False,917,False,2.6905222874216292,RCV0242,False,0,,,NORMAL,0,0,2491.62,-1797.54,0,0
TXN-SYN-F4DF4C4E,CUST0033,2026-09-21 21:28:13,7406.16,MERCHANT_PAYMENT,1232,False,1166,False,2.9614164713690783,RCV0718,False,0,M044,,NORMAL,0,0,3606.24,3799.92,0,0
TXN-SYN-072C892E,CUST0449,2026-09-21 21:34:03,93.8,SEND_MONEY,438,False,391,False,0.7626898183651243,RCV1136,False,0,,,NORMAL,0,0,16882.61,-16788.81,0,0
TXN-SYN-8BF1E4D9,CUST0395,2026-09-21 21:51:27,33552.45,SEND_MONEY,239,False,231,False,8.339761358960871,RCV0998,True,0,,AG023,MULE_LIKE,0,0,3740.65,29811.8,0,0
TXN-SYN-2B5D09CB,CUST0223,2026-09-21 22:01:20,40622.58,CASH_OUT,1339,False,1291,True,91.15206328724662,RCV0911,False,0,M024,AG013,CASH_OUT_RISK,0,0,18555.03,22067.55,0,0
TXN-SYN-7290F909,CUST0470,2026-09-21 22:04:21,36902.81,CASH_OUT,1404,False,1328,True,76.02250946346322,RCV0651,False,0,,AG027,CASH_OUT_RISK,0,2,12450.74,24452.07,0,0
TXN-SYN-B35A84C2,CUST0345,2026-09-21 22:55:10,17357.47,CASH_OUT,719,False,704,True,91.84031122444405,RCV1038,False,0,,AG006,CASH_OUT_RISK,0,1,9370.36,7987.11,0,0
TXN-SYN-38C19FCA,CUST0071,2026-09-21 23:05:05,33293.08,CASH_OUT,990,False,952,True,42.84746107691424,RCV0498,False,0,,AG002,CASH_OUT_RISK,0,0,3415.54,29877.54,0,0
TXN-SYN-F326D562,CUST0302,2026-09-21 23:18:00,35607.51,CASH_OUT,855,False,811,True,23.581206830649315,RCV0369,False,0,,AG028,CASH_OUT_RISK,0,0,2115.93,33491.58,0,0
TXN-SYN-9A44A120,CUST0760,2026-09-22 00:29:20,1449.2772241383998,BILL_PAY,57,True,1,True,197.4048322649567,RCV1198,False,3,,,ACCOUNT_TAKEOVER_LIKE,0,0,2373.52,-924.25,0,0
TXN-SYN-598CC568,CUST0187,2026-09-22 01:03:25,35964.7,CASH_OUT,1166,False,1082,True,61.78638705377507,RCV0302,False,0,,AG015,CASH_OUT_RISK,0,0,1623.22,34341.48,0,0
TXN-SYN-48CD9CC3,CUST0200,2026-09-22 01:15:19,28846.45,CASH_OUT,622,False,556,True,43.83430384649725,RCV0877,False,0,,AG019,CASH_OUT_RISK,0,0,22224.39,6622.06,0,0
TXN-SYN-C0BC7E51,CUST0221,2026-09-22 01:32:57,100000.0,SEND_MONEY,73,True,1,True,416.4846322718244,RCV1032,False,2,,,ACCOUNT_TAKEOVER_LIKE,0,0,12127.68,87872.32,0,0
TXN-SYN-1883C543,CUST0433,2026-09-22 02:17:57,16647.30847519467,MOBILE_RECHARGE,31,True,1,True,234.83501052592635,RCV1086,False,5,,,ACCOUNT_TAKEOVER_LIKE,0,0,15092.54,1554.77,0,0
TXN-SYN-8A95CB62,CUST0367,2026-09-22 02:24:38,23734.33,CASH_OUT,1486,False,1424,True,78.00460002178352,RCV0579,False,0,M027,AG024,CASH_OUT_RISK,0,0,2243.03,21491.3,0,0
TXN-SYN-033A3132,CUST0135,2026-09-22 02:45:10,3028.4619763770083,MERCHANT_PAYMENT,44,True,0,True,81.36081352855383,RCV0222,False,5,M029,,ACCOUNT_TAKEOVER_LIKE,0,0,144.27,2884.19,0,0
TXN-SYN-F9BFA02C,CUST0745,2026-09-22 02:45:29,49686.69,CASH_OUT,822,False,798,True,54.363294031616725,RCV0773,False,0,,AG018,CASH_OUT_RISK,0,0,18432.57,31254.12,0,0
TXN-SYN-B2A99FCC,CUST0689,2026-09-22 02:58:59,3008.1118785962135,SEND_MONEY,42,True,2,True,292.2406702602385,RCV0122,False,2,,,ACCOUNT_TAKEOVER_LIKE,0,1,532.7,2475.41,0,0
TXN-SYN-8E200E4E,CUST0189,2026-09-22 03:41:02,1237.6524916449812,MOBILE_RECHARGE,37,True,1,True,413.27867307306707,RCV0151,False,3,,,ACCOUNT_TAKEOVER_LIKE,0,1,19317.32,-18079.66,0,0
TXN-SYN-837BCF18,CUST0676,2026-09-22 03:48:31,20659.76,CASH_OUT,297,False,267,True,90.55677411883529,RCV0367,False,0,,AG027,CASH_OUT_RISK,0,0,10649.08,10010.68,0,0
TXN-SYN-EFC2803E,CUST0493,2026-09-22 03:55:29,2288.877651115633,BILL_PAY,50,True,1,True,340.01162470446513,RCV0286,False,3,,,ACCOUNT_TAKEOVER_LIKE,0,0,10314.89,-8026.01,0,0
TXN-SYN-46D7DAE6,CUST0689,2026-09-22 04:02:54,1422.380592873527,BILL_PAY,96,True,0,True,478.28773212017035,RCV0712,False,4,,,ACCOUNT_TAKEOVER_LIKE,0,2,1357.84,64.54,1,0
TXN-SYN-90EAEE5E,CUST0067,2026-09-22 04:13:14,1364.780100035372,SEND_MONEY,42,True,2,True,345.9757574125098,RCV0211,False,3,,,ACCOUNT_TAKEOVER_LIKE,0,0,7231.36,-5866.58,0,0
TXN-SYN-36F3FE0A,CUST0538,2026-09-22 04:27:46,8501.052665458197,CASH_IN,39,True,0,True,62.50675548518511,RCV0915,False,5,,AG020,ACCOUNT_TAKEOVER_LIKE,0,0,10204.51,-1703.46,0,0
TXN-SYN-E55A8607,CUST0294,2026-09-22 04:56:43,4576.6917803109955,CASH_OUT,43,True,1,True,363.0380970735212,RCV0722,False,5,,AG026,ACCOUNT_TAKEOVER_LIKE,0,1,3696.26,880.43,0,0
TXN-SYN-0CD83E64,CUST0259,2026-09-22 04:57:06,2559.367006956684,BILL_PAY,56,True,0,True,410.4219631193853,RCV1027,False,2,,,ACCOUNT_TAKEOVER_LIKE,0,0,5128.98,-2569.61,0,0
TXN-SYN-6E2BC3CD,CUST0541,2026-09-22 04:57:43,1747.5035681083361,SEND_MONEY,21,True,1,True,313.58872985279305,RCV0721,False,3,,,ACCOUNT_TAKEOVER_LIKE,0,1,13970.18,-12222.67,0,1
TXN-SYN-BD689AB1,CUST0434,2026-09-22 05:30:06,407.9575610368942,SEND_MONEY,66,True,1,True,122.98251758354482,RCV0441,False,3,,,ACCOUNT_TAKEOVER_LIKE,0,0,407.9575610368942,0.0,0,0
TXN-SYN-E567FF5D,CUST0298,2026-09-22 05:30:43,1340.5434072083658,BILL_PAY,15,True,2,True,390.7228319699434,RCV0847,False,5,,,ACCOUNT_TAKEOVER_LIKE,0,0,6983.28,-5642.74,0,0
TXN-SYN-0F3CD1E1,CUST0505,2026-09-22 05:48:21,1817.2564642317263,SEND_MONEY,69,True,0,True,352.1561140851626,RCV1096,False,4,,,ACCOUNT_TAKEOVER_LIKE,0,0,9853.92,-8036.67,0,0
TXN-SYN-4372F5EE,CUST0499,2026-09-22 08:07:21,193.4,MERCHANT_PAYMENT,1047,False,979,False,6.365940276183004,RCV0284,False,0,M020,,NORMAL,0,0,12595.44,-12402.04,0,0
TXN-SYN-59DFF989,CUST0632,2026-09-22 08:19:03,663.49,SEND_MONEY,339,False,324,False,7.430272438218404,RCV1113,False,0,,,NORMAL,0,0,14745.38,-14081.9,0,0
TXN-SYN-EA263226,CUST0119,2026-09-22 08:26:11,1157.86,SEND_MONEY,436,False,403,False,7.878890707756733,RCV0767,False,0,,,NORMAL,0,0,18932.56,-17774.7,0,0
TXN-SYN-74DD1F7F,CUST0311,2026-09-22 08:30:19,1320.73,BILL_PAY,1448,False,1371,False,8.698746467584554,RCV0723,False,0,,,NORMAL,0,0,2001.33,-680.6,0,0
TXN-SYN-3A675145,CUST0205,2026-09-22 08:34:40,1056.23,MERCHANT_PAYMENT,1233,False,1154,False,7.648098009029955,RCV0265,False,0,M002,,NORMAL,0,0,2111.5,-1055.26,0,0
TXN-SYN-EF6EFDF7,CUST0459,2026-09-22 08:50:55,612.69,CASH_IN,1035,False,981,False,5.794318227199275,RCV1060,False,0,,AG026,NORMAL,0,1,17947.76,-17335.07,0,0
TXN-SYN-83D3455D,CUST0077,2026-09-22 08:57:07,65.95,MOBILE_RECHARGE,448,False,405,False,4.696728529767723,RCV0530,False,0,,,NORMAL,0,0,2976.44,-2910.48,0,0
TXN-SYN-E1A063A3,CUST0671,2026-09-22 08:58:05,28453.82,SEND_MONEY,876,False,818,False,6.288675952950463,RCV0997,True,0,,AG006,MULE_LIKE,0,0,4642.62,23811.2,0,0
TXN-SYN-2978E17B,CUST0029,2026-09-22 08:58:22,2981.26,CASH_OUT,477,False,451,False,7.722166814539483,RCV0941,False,0,,AG004,NORMAL,0,0,12293.39,-9312.13,0,0
TXN-SYN-42DDBAFA,CUST0579,2026-09-22 08:58:44,815.84,SEND_MONEY,1061,False,981,False,5.659922646398591,RCV1007,False,0,,,NORMAL,0,0,3104.39,-2288.55,0,0
TXN-SYN-C2B6EC45,CUST0379,2026-09-22 09:02:16,10212.1,SEND_MONEY,133,False,78,False,9.147317347788052,RCV0162,True,0,,,MULE_LIKE,0,0,7641.96,2570.14,0,0
TXN-SYN-11E047B6,CUST0584,2026-09-22 09:02:41,41487.44,SEND_MONEY,474,False,416,False,5.535032333488666,RCV0426,True,1,,,MULE_LIKE,0,0,5288.18,36199.26,0,0
TXN-SYN-9AB97B2A,CUST0592,2026-09-22 09:07:10,355.48,MERCHANT_PAYMENT,286,False,212,False,3.4649919452265143,RCV0048,False,2,M041,,NORMAL,0,1,6851.32,-6495.84,0,0
TXN-SYN-AC1F2AE9,CUST0733,2026-09-22 09:15:45,106.1,SEND_MONEY,371,False,313,False,0.8175099464310298,RCV0992,False,1,,,NORMAL,0,0,7303.42,-7197.32,0,0
TXN-SYN-66AAE6BF,CUST0339,2026-09-22 09:17:33,379.93,SEND_MONEY,511,False,496,False,9.979620660956863,RCV0411,False,0,,,NORMAL,0,0,7765.22,-7385.28,0,0
TXN-SYN-A725F175,CUST0701,2026-09-22 09:18:33,475.98,MERCHANT_PAYMENT,330,False,249,False,6.439030594358025,RCV0790,False,0,M002,,NORMAL,0,0,1711.83,-1235.85,0,0
TXN-SYN-5F70A94B,CUST0691,2026-09-22 09:19:19,6400.55,SEND_MONEY,117,False,31,False,5.689858479644604,RCV0099,True,0,,,SCAM_LIKE,0,0,8212.16,-1811.61,0,0
TXN-SYN-46643727,CUST0119,2026-09-22 09:25:09,2405.24,SEND_MONEY,658,False,602,False,2.440728223065322,RCV0028,False,0,,,NORMAL,1,1,16957.6,-14552.36,0,0
TXN-SYN-6955FD66,CUST0263,2026-09-22 09:30:08,107.01,SEND_MONEY,1181,False,1177,False,3.0582521745841893,RCV0249,False,0,,,NORMAL,0,0,13267.2,-13160.19,0,0
TXN-SYN-FD033692,CUST0268,2026-09-22 09:36:41,645.12,SEND_MONEY,1227,False,1219,False,6.208897045993514,RCV0323,False,0,,,NORMAL,0,0,17288.77,-16643.65,0,0
TXN-SYN-8AAFAC69,CUST0276,2026-09-22 09:38:45,1064.61,MOBILE_RECHARGE,291,False,243,False,9.026580067794983,RCV1041,False,0,,,NORMAL,0,0,28629.54,-27564.93,0,0
TXN-SYN-192CBFA2,CUST0167,2026-09-22 09:47:46,133.63,SEND_MONEY,815,False,773,False,0.12577812486195383,RCV0556,False,0,,,NORMAL,0,0,8134.06,-8000.43,0,0
TXN-SYN-3C5A5618,CUST0360,2026-09-22 09:50:52,848.65,SEND_MONEY,823,False,743,False,5.801720908352732,RCV0655,False,0,,,NORMAL,0,0,5383.23,-4534.58,0,0
TXN-SYN-5A4FD073,CUST0418,2026-09-22 09:57:17,733.64,CASH_IN,179,False,119,False,6.1694370773657266,RCV0918,False,2,,AG017,NORMAL,0,0,2982.14,-2248.5,0,0
TXN-SYN-02078E3B,CUST0450,2026-09-22 10:08:46,8817.16,SEND_MONEY,898,True,878,False,6.00683779262881,RCV0509,True,0,,AG004,SCAM_LIKE,0,0,3382.73,5434.43,0,0
TXN-SYN-8A6DA765,CUST0474,2026-09-22 10:21:07,686.07,MERCHANT_PAYMENT,1380,False,1291,False,0.7824209858002273,RCV0611,False,0,M043,,NORMAL,0,0,13066.53,-12380.46,0,0
TXN-SYN-C914CAAE,CUST0672,2026-09-22 10:25:39,50.0,CASH_IN,1163,False,1077,False,6.208217666615021,RCV0806,False,0,,AG009,NORMAL,0,0,2294.6,-2244.6,0,0
TXN-SYN-EBF0112A,CUST0028,2026-09-22 10:36:42,848.28,CASH_OUT,413,False,378,False,1.1162680851354068,RCV0088,False,0,,AG005,NORMAL,0,0,1464.09,-615.81,0,0
TXN-SYN-F9225E8D,CUST0717,2026-09-22 10:43:28,853.13,MERCHANT_PAYMENT,869,False,794,False,9.814214249220253,RCV0928,False,0,M039,,NORMAL,0,0,8318.34,-7465.21,0,0
TXN-SYN-2BA45CD5,CUST0755,2026-09-22 10:45:36,25448.49,SEND_MONEY,874,False,818,False,7.579704586807576,RCV0056,True,0,,AG025,MULE_LIKE,0,0,29531.94,-4083.45,0,0
TXN-SYN-D552E988,CUST0501,2026-09-22 10:55:02,1509.13,BILL_PAY,274,False,242,False,2.189621249879016,RCV0635,False,0,,,NORMAL,0,0,1108.51,400.62,0,0
TXN-SYN-3F40B548,CUST0252,2026-09-22 11:20:16,17872.92,SEND_MONEY,462,False,411,False,6.570588544420811,RCV0998,True,0,,AG025,MULE_LIKE,0,0,2884.74,14988.18,0,0
TXN-SYN-0EB90A2D,CUST0600,2026-09-22 11:27:53,3373.03,BILL_PAY,1198,False,1150,False,6.761050258143518,RCV0380,False,0,,,NORMAL,0,1,14376.91,-11003.88,0,0
TXN-SYN-B4AAE35C,CUST0310,2026-09-22 11:38:12,1589.97,SEND_MONEY,1412,False,1332,False,5.1155619651931215,RCV0575,False,0,,,NORMAL,0,0,17232.62,-15642.65,0,0
TXN-SYN-D3251784,CUST0164,2026-09-22 11:38:26,20542.94,SEND_MONEY,1424,False,1421,False,3.502182467003135,RCV0338,True,0,,AG018,SCAM_LIKE,0,0,5702.72,14840.22,0,0
TXN-SYN-4FDBCD8C,CUST0007,2026-09-22 11:39:04,3205.41,CASH_OUT,1068,False,1007,False,0.8145936416467292,RCV0317,False,0,,AG016,NORMAL,0,1,6194.64,-2989.23,0,1
TXN-SYN-15B19E56,CUST0206,2026-09-22 11:40:11,11306.37,CASH_OUT,630,False,603,False,7.6895046715939595,RCV0685,False,0,,AG006,NORMAL,0,0,4258.97,7047.4,0,0
TXN-SYN-12D1CBAA,CUST0181,2026-09-22 11:45:27,48684.74,SEND_MONEY,1369,False,1324,False,4.087662863155279,RCV0998,True,0,,,MULE_LIKE,0,0,1373.22,47311.52,0,0
TXN-SYN-18678DA3,CUST0471,2026-09-22 11:47:16,699.38,MOBILE_RECHARGE,716,False,704,False,7.333444499161096,RCV0156,False,0,,,NORMAL,0,0,6520.74,-5821.36,0,0
TXN-SYN-9548E5FF,CUST0688,2026-09-22 11:48:56,810.25,CASH_IN,648,False,632,False,5.375678417493801,RCV0971,False,0,,AG003,NORMAL,0,0,14352.4,-13542.15,0,0
TXN-SYN-365E4D12,CUST0121,2026-09-22 11:51:36,43844.48,SEND_MONEY,507,False,465,False,2.6667553695059842,RCV1147,True,0,,AG015,MULE_LIKE,0,0,11833.3,32011.19,0,0
TXN-SYN-5E29F328,CUST0048,2026-09-22 11:58:59,217.72,CASH_OUT,305,False,242,False,6.084089358800178,RCV0684,False,0,,AG003,NORMAL,0,0,825.01,-607.29,0,0
TXN-SYN-154A0A3C,CUST0261,2026-09-22 12:17:41,17218.37,SEND_MONEY,1353,True,1331,False,1.8164323655771608,RCV0542,True,0,M017,,SCAM_LIKE,0,1,7179.07,10039.3,0,0
TXN-SYN-357EE35E,CUST0005,2026-09-22 12:18:39,1265.73,MOBILE_RECHARGE,884,False,862,False,7.199494367875447,RCV0690,False,0,,,NORMAL,0,0,13095.7,-11829.97,0,0
TXN-SYN-525CF8F7,CUST0097,2026-09-22 12:22:12,2207.56,CASH_OUT,951,False,916,False,9.69036639842498,RCV0101,False,0,,AG002,NORMAL,0,0,16016.48,-13808.92,0,0
TXN-SYN-73C1A8DC,CUST0649,2026-09-22 12:25:28,31719.55,SEND_MONEY,596,False,512,False,5.6250527097984895,RCV0999,True,0,,,MULE_LIKE,0,0,10883.44,20836.11,0,0
TXN-SYN-86A6892C,CUST0757,2026-09-22 12:30:01,17251.14,SEND_MONEY,470,False,455,False,0.9831686583669397,RCV0998,True,0,,,MULE_LIKE,0,0,17445.18,-194.04,0,0
TXN-SYN-D36CFAAF,CUST0543,2026-09-22 12:37:18,1782.48,MERCHANT_PAYMENT,1087,False,1039,False,7.52881001042301,RCV0437,False,0,M043,,NORMAL,0,0,11601.11,-9818.63,0,0
TXN-SYN-8F6B13C5,CUST0173,2026-09-22 12:42:23,3057.29,MERCHANT_PAYMENT,622,False,619,False,8.132311705575416,RCV0878,False,0,M007,,NORMAL,0,0,5731.47,-2674.18,0,0
TXN-SYN-829175B7,CUST0764,2026-09-22 13:03:30,194.19,SEND_MONEY,1376,False,1312,False,9.8405207876826,RCV0427,False,0,,,NORMAL,0,0,3519.86,-3325.68,0,0
TXN-SYN-65AC6567,CUST0738,2026-09-22 13:04:21,387.94,SEND_MONEY,596,False,537,False,4.2249338198869735,RCV0011,False,0,,,NORMAL,0,0,18394.55,-18006.61,0,0
TXN-SYN-ED979B93,CUST0535,2026-09-22 13:05:23,752.8,SEND_MONEY,429,False,350,False,6.502969740735076,RCV0069,False,0,,,NORMAL,0,0,9442.99,-8690.19,0,0
TXN-SYN-0E6CC104,CUST0591,2026-09-22 13:07:43,2237.57,CASH_OUT,627,False,600,False,6.754560453364256,RCV0293,False,0,,AG013,NORMAL,0,0,174.64,2062.93,0,0
TXN-SYN-D22D5C73,CUST0334,2026-09-22 13:12:23,1386.31,MERCHANT_PAYMENT,449,False,424,False,1.0088880210585893,RCV0595,False,0,M024,,NORMAL,0,0,2637.97,-1251.66,0,0
TXN-SYN-DA55B09F,CUST0086,2026-09-22 13:14:12,1165.34,CASH_OUT,123,False,44,False,3.2324790860065566,RCV0388,False,0,,AG014,NORMAL,0,1,1734.28,-568.94,0,0
TXN-SYN-6E791103,CUST0641,2026-09-22 13:28:58,34002.95,SEND_MONEY,979,False,905,False,1.0445377128987265,RCV0291,True,0,,,MULE_LIKE,0,0,10333.26,23669.69,0,0
TXN-SYN-7EDEAFC3,CUST0549,2026-09-22 13:38:15,627.26,SEND_MONEY,1252,False,1223,False,8.448160525721434,RCV0910,False,0,,,NORMAL,0,0,2016.14,-1388.88,0,0
TXN-SYN-2AECEF17,CUST0159,2026-09-22 13:40:04,876.41,SEND_MONEY,986,False,979,False,4.107634398907557,RCV0843,False,0,,,NORMAL,0,1,7328.59,-6452.18,0,1
TXN-SYN-D7BE73A3,CUST0008,2026-09-22 13:41:32,2514.36,BILL_PAY,1310,False,1268,False,1.100934997700711,RCV0027,False,0,,,NORMAL,0,0,4054.71,-1540.35,0,0
TXN-SYN-17A79961,CUST0234,2026-09-22 13:46:30,1937.52,MERCHANT_PAYMENT,1376,False,1324,False,7.353772975743594,RCV0436,False,0,M013,,NORMAL,0,0,15114.53,-13177.01,0,0
TXN-SYN-DE09A67D,CUST0230,2026-09-22 13:57:46,402.7,MERCHANT_PAYMENT,863,False,835,False,7.045198936276434,RCV0363,False,0,M005,,NORMAL,0,0,8568.38,-8165.68,0,0
TXN-SYN-B11F0306,CUST0081,2026-09-22 14:00:20,1720.85,SEND_MONEY,183,False,144,False,7.960367599017642,RCV0447,False,0,,,NORMAL,0,0,454.96,1265.88,0,0
TXN-SYN-AAF8FE1F,CUST0125,2026-09-22 14:07:25,336.19,CASH_OUT,617,False,540,False,5.784732510018857,RCV0656,False,2,,AG005,NORMAL,0,0,5605.98,-5269.79,0,0
TXN-SYN-4341CF78,CUST0102,2026-09-22 14:10:39,3919.05,SEND_MONEY,149,False,88,False,5.420200071440249,RCV0504,False,0,,,NORMAL,0,0,32282.54,-28363.49,0,0
TXN-SYN-9E6BE6BB,CUST0571,2026-09-22 14:18:29,318.4,CASH_IN,1415,False,1359,False,8.980869926009849,RCV0167,False,0,,AG018,NORMAL,0,0,10846.1,-10527.7,0,0
TXN-SYN-426B786C,CUST0280,2026-09-22 14:30:34,2520.72,SEND_MONEY,1213,False,1136,False,8.825528634851013,RCV0196,False,2,,,NORMAL,0,0,26005.18,-23484.46,0,0
TXN-SYN-23121C57,CUST0312,2026-09-22 14:34:56,9181.36,SEND_MONEY,862,False,806,False,7.905174777467047,RCV1048,True,0,M037,,SCAM_LIKE,0,0,10118.21,-936.85,0,0
TXN-SYN-2B2C3381,CUST0761,2026-09-22 14:41:41,100.02,MOBILE_RECHARGE,533,False,524,False,0.9655728404836383,RCV0582,False,0,,,NORMAL,0,0,4726.32,-4626.3,0,0
TXN-SYN-D1AF2BF2,CUST0701,2026-09-22 14:43:02,50.0,SEND_MONEY,317,False,292,False,2.959070900682186,RCV0845,False,0,,,NORMAL,0,1,1505.86,-1455.86,0,0
TXN-SYN-CD4EB86D,CUST0260,2026-09-22 14:43:45,9182.5,CASH_OUT,1107,False,1091,False,2.9143908330212778,RCV0563,False,0,,AG014,NORMAL,0,0,7861.3,1321.2,0,0
TXN-SYN-A029D646,CUST0603,2026-09-22 14:51:45,39395.06,SEND_MONEY,455,False,372,False,7.172735657956444,RCV0784,True,0,,,MULE_LIKE,0,0,888.72,38506.34,0,0
TXN-SYN-83C4B3B4,CUST0614,2026-09-22 14:54:07,441.23,MOBILE_RECHARGE,1336,False,1274,False,3.5057114963781313,RCV0999,False,0,,,NORMAL,0,0,4790.52,-4349.29,0,0
TXN-SYN-7FEEB74C,CUST0444,2026-09-22 14:54:21,256.59,MOBILE_RECHARGE,1295,False,1251,False,6.3315137559402235,RCV0297,False,1,,,NORMAL,0,0,15495.1,-15238.51,0,0
TXN-SYN-E268FA2F,CUST0283,2026-09-22 15:18:04,1408.08,CASH_OUT,1044,False,966,False,8.893909161288443,RCV0714,False,0,,AG012,NORMAL,0,0,18127.71,-16719.63,0,0
TXN-SYN-CB0E858B,CUST0283,2026-09-22 15:20:44,205.48,BILL_PAY,109,False,105,False,3.5710391511834794,RCV0112,False,1,,,NORMAL,1,1,9767.89,-9562.41,0,1
TXN-SYN-1BC84CF6,CUST0729,2026-09-22 15:27:54,544.78,CASH_OUT,460,False,377,False,1.4764042785255893,RCV0840,False,0,,AG003,NORMAL,0,0,13026.9,-12482.12,0,0
TXN-SYN-4D9C8071,CUST0568,2026-09-22 15:33:37,45860.33,SEND_MONEY,1198,False,1184,False,3.2901261378393265,RCV0284,True,0,,AG020,MULE_LIKE,0,1,6348.4,39511.93,0,0
TXN-SYN-69F6F861,CUST0733,2026-09-22 15:51:34,977.63,SEND_MONEY,738,False,696,False,6.460255213749485,RCV0890,False,0,,,NORMAL,0,1,6583.69,-5606.06,0,0
TXN-SYN-6045A0B0,CUST0465,2026-09-22 15:52:09,35510.51,SEND_MONEY,1279,False,1201,False,4.499386621389575,RCV0999,True,0,,,MULE_LIKE,0,1,1892.44,33618.07,0,0
TXN-SYN-B89E2094,CUST0612,2026-09-22 15:56:19,1017.98,MOBILE_RECHARGE,1320,False,1315,False,6.5169337149564255,RCV0474,False,0,,,NORMAL,0,0,715.19,302.79,0,0
TXN-SYN-C2D5AFCF,CUST0026,2026-09-22 16:08:59,226.23,SEND_MONEY,1035,False,971,False,1.3537859601110114,RCV1066,False,0,,,NORMAL,0,0,12089.05,-11862.82,0,0
TXN-SYN-390DF486,CUST0264,2026-09-22 16:12:19,44651.79,SEND_MONEY,904,False,822,False,4.90119236126782,RCV0183,False,0,,,NORMAL,0,0,10690.14,33961.65,0,0
TXN-SYN-5C4A6E58,CUST0795,2026-09-22 16:13:24,3333.1,SEND_MONEY,1275,False,1210,False,8.731025656089301,RCV0431,False,0,,,NORMAL,0,0,1915.84,1417.26,0,0
TXN-SYN-A46D88FC,CUST0300,2026-09-22 16:20:26,865.8,CASH_OUT,1214,False,1139,False,5.682024672103387,RCV0584,False,0,,AG005,NORMAL,0,0,7069.57,-6203.77,0,0
TXN-SYN-33479DBD,CUST0131,2026-09-22 16:20:32,1368.28,SEND_MONEY,248,False,160,False,8.63135537735739,RCV0086,False,0,,,NORMAL,0,0,1023.1,345.18,0,0
TXN-SYN-0797A5CE,CUST0075,2026-09-22 16:26:39,455.25,CASH_IN,469,False,389,False,7.062816229211829,RCV0332,False,0,,AG000,NORMAL,0,0,19311.92,-18856.67,0,0
TXN-SYN-B3A22757,CUST0490,2026-09-22 16:31:36,26195.89,SEND_MONEY,214,False,183,False,7.567390782356273,RCV0999,True,0,,,MULE_LIKE,0,0,3023.76,23172.13,0,0
TXN-SYN-41F431C6,CUST0733,2026-09-22 16:31:52,10110.46,CASH_IN,177,False,104,False,2.8565563438911457,RCV0247,False,0,,AG005,NORMAL,1,2,6074.05,4036.41,0,0
TXN-SYN-3C45D7A7,CUST0419,2026-09-22 16:40:02,3836.26,MERCHANT_PAYMENT,230,False,143,False,0.9752599029680897,RCV0596,False,0,M017,,NORMAL,0,0,452.99,3383.27,0,0
TXN-SYN-C3437FF3,CUST0333,2026-09-22 16:43:04,244.35,MOBILE_RECHARGE,924,False,840,False,8.52232957304497,RCV1136,False,0,,,NORMAL,0,0,968.72,-724.37,0,0
TXN-SYN-234B5A00,CUST0717,2026-09-22 16:50:00,10125.02,SEND_MONEY,627,True,581,False,3.5639301763297415,RCV0858,True,0,,,SCAM_LIKE,0,1,5829.94,4295.08,0,0
TXN-SYN-A1F5AB52,CUST0500,2026-09-22 17:00:31,732.65,SEND_MONEY,575,False,513,False,9.968742518459473,RCV1184,False,0,,,NORMAL,0,0,4008.56,-3275.91,0,0
TXN-SYN-8F96FFF8,CUST0510,2026-09-22 17:02:57,1630.18,SEND_MONEY,1483,False,1474,False,1.771925010111911,RCV0801,False,0,,,NORMAL,0,0,2683.31,-1053.13,0,0
TXN-SYN-F644CA28,CUST0453,2026-09-22 17:03:23,22680.78,SEND_MONEY,690,False,687,False,0.24658503562063339,RCV0024,True,0,,AG007,MULE_LIKE,0,0,87.7,22593.08,0,0
TXN-SYN-6D13EDCE,CUST0252,2026-09-22 17:07:27,1450.54,SEND_MONEY,1333,False,1304,False,4.8158914021936265,RCV0019,False,0,,,NORMAL,0,1,5882.38,-4431.84,0,0
TXN-SYN-04B8B04F,CUST0092,2026-09-22 17:13:54,1079.37,MERCHANT_PAYMENT,1084,False,998,False,9.226462413829179,RCV1057,False,0,M014,,NORMAL,0,0,1521.88,-442.51,0,0
TXN-SYN-2F859361,CUST0332,2026-09-22 17:25:02,3892.26,MERCHANT_PAYMENT,1286,False,1266,False,0.21425148834860797,RCV1026,False,0,M042,,NORMAL,0,0,11123.51,-7231.25,0,0
TXN-SYN-24E1406F,CUST0516,2026-09-22 17:34:56,1009.82,BILL_PAY,234,False,167,False,9.772799325664472,RCV0915,False,0,,,NORMAL,0,0,5867.06,-4857.24,0,0
TXN-SYN-C09170B7,CUST0113,2026-09-22 17:44:23,633.8,SEND_MONEY,200,False,153,False,2.4080381607317323,RCV0012,False,0,,,NORMAL,0,0,2253.29,-1619.49,0,0
TXN-SYN-392DAB5D,CUST0151,2026-09-22 17:48:56,120.68,MOBILE_RECHARGE,1017,False,959,False,2.1538660726527814,RCV0597,False,0,,,NORMAL,0,0,2190.84,-2070.16,0,0
TXN-SYN-7CA73F18,CUST0614,2026-09-22 18:06:29,56.78,SEND_MONEY,1269,False,1239,False,5.3284607518675955,RCV0985,False,0,,,NORMAL,0,1,4246.85,-4190.08,0,0
TXN-SYN-ACE1FD45,CUST0735,2026-09-22 18:10:37,2767.4,MERCHANT_PAYMENT,1073,False,1029,False,7.37326905192646,RCV0283,False,0,M010,,NORMAL,0,0,8741.0,-5973.6,0,0
TXN-SYN-6CC05667,CUST0004,2026-09-22 18:19:46,50.0,SEND_MONEY,1104,False,1102,False,3.3381491170923736,RCV0588,False,0,,,NORMAL,0,0,4347.03,-4297.03,0,0
TXN-SYN-2262BCD5,CUST0636,2026-09-22 18:32:48,4267.13,MERCHANT_PAYMENT,1466,False,1451,False,8.479561841263664,RCV0607,False,0,M002,,NORMAL,0,1,7097.15,-2830.02,0,0
TXN-SYN-0EB87700,CUST0029,2026-09-22 18:48:01,12076.51,SEND_MONEY,502,False,460,False,5.532864159809425,RCV0935,False,0,,,NORMAL,0,1,10741.37,1335.14,0,1
TXN-SYN-D82D280A,CUST0773,2026-09-22 19:10:24,18221.63,SEND_MONEY,1237,False,1204,False,4.140671665768362,RCV0923,False,0,,,NORMAL,0,0,6834.97,11386.66,0,0
TXN-SYN-A524FBD3,CUST0775,2026-09-22 19:21:46,2080.37,CASH_IN,1291,False,1264,False,2.5988934774124326,RCV1022,False,0,,AG010,NORMAL,0,0,6331.52,-4251.15,0,0
TXN-SYN-A63E5DE3,CUST0003,2026-09-22 19:25:06,2713.25,MERCHANT_PAYMENT,1203,False,1160,False,8.369309643716168,RCV0668,False,0,M047,,NORMAL,0,0,21785.58,-19072.33,0,0
TXN-SYN-5D2D99B6,CUST0770,2026-09-22 19:46:07,2244.97,MERCHANT_PAYMENT,1331,False,1293,False,4.455938545344191,RCV1094,False,0,M034,,NORMAL,0,0,14128.93,-11883.96,0,0
TXN-SYN-3D05E4A4,CUST0656,2026-09-22 19:54:03,1145.08,SEND_MONEY,606,False,576,False,6.2828899458532135,RCV0111,False,2,,,NORMAL,0,0,5834.5,-4689.42,0,0
TXN-SYN-B59A86F6,CUST0384,2026-09-22 19:54:35,431.01,CASH_IN,691,False,630,False,7.333399754526827,RCV1124,False,0,,AG025,NORMAL,0,0,8888.71,-8457.7,0,0
TXN-SYN-DB9E6492,CUST0668,2026-09-22 20:03:50,3007.28,MOBILE_RECHARGE,1479,False,1459,False,6.875824434076875,RCV0664,False,0,,,NORMAL,0,0,17795.81,-14788.53,0,0
TXN-SYN-BDE39B9E,CUST0792,2026-09-22 20:16:25,7079.6,SEND_MONEY,1433,False,1383,False,3.4339886275916243,RCV1014,False,0,,,NORMAL,0,0,2260.56,4819.04,0,0
TXN-SYN-6004B84D,CUST0591,2026-09-22 20:28:36,20649.34,SEND_MONEY,719,False,673,False,3.6463999101378297,RCV0998,True,0,,,MULE_LIKE,0,1,587.23,20062.11,0,1
TXN-SYN-0F4F7A92,CUST0394,2026-09-22 20:31:26,473.18,SEND_MONEY,120,False,50,False,5.7100836897467,RCV0684,False,0,,,NORMAL,0,0,8062.08,-7588.9,0,0
TXN-SYN-A77A010E,CUST0066,2026-09-22 20:32:04,612.81,MERCHANT_PAYMENT,762,False,733,False,2.7170751885409294,RCV0572,False,0,M006,,NORMAL,0,0,20741.06,-20128.25,0,0
TXN-SYN-800678C9,CUST0318,2026-09-22 20:38:43,479.56,SEND_MONEY,1058,False,1024,False,9.485590004657604,RCV0260,False,0,,,NORMAL,0,0,7097.66,-6618.1,0,0
TXN-SYN-E2C04402,CUST0678,2026-09-22 20:50:48,467.96,CASH_IN,374,False,322,False,6.800353444096658,RCV0983,False,0,,AG008,NORMAL,0,0,5640.46,-5172.5,0,0
TXN-SYN-4763675E,CUST0232,2026-09-22 20:50:49,544.65,SEND_MONEY,1293,False,1260,False,8.732926652003146,RCV0348,False,0,,,NORMAL,0,0,8783.54,-8238.89,0,0
TXN-SYN-79F2A019,CUST0179,2026-09-22 20:54:38,1194.73,CASH_OUT,1216,False,1153,False,0.07357829625414536,RCV0854,False,0,,AG026,NORMAL,0,0,4157.92,-2963.2,0,0
TXN-SYN-41E54165,CUST0456,2026-09-22 20:59:16,701.28,MERCHANT_PAYMENT,321,False,321,False,1.055350451557231,RCV0752,False,0,M035,,NORMAL,0,0,22052.51,-21351.23,0,0
TXN-SYN-7D4A1C56,CUST0319,2026-09-22 20:59:45,30205.66,BILL_PAY,1290,False,1250,False,6.924361513243697,RCV0262,False,2,,,NORMAL,0,0,2003.37,28202.29,0,0
TXN-SYN-4C5BE442,CUST0564,2026-09-22 21:06:47,157.82,SEND_MONEY,602,False,571,False,6.0329302793844874,RCV0668,False,0,,,NORMAL,0,0,9914.37,-9756.55,0,0
TXN-SYN-92E4F687,CUST0413,2026-09-22 21:07:59,500.38,CASH_OUT,1387,False,1341,False,5.182797624491928,RCV0681,False,0,,AG003,NORMAL,0,0,9996.52,-9496.14,0,0
TXN-SYN-69619C5F,CUST0261,2026-09-22 21:08:13,1048.04,BILL_PAY,1130,False,1041,False,5.042638527099454,RCV1025,False,0,,,NORMAL,0,1,8613.25,-7565.21,0,0
TXN-SYN-E305EE12,CUST0748,2026-09-22 21:12:54,731.75,SEND_MONEY,645,False,610,False,3.3065762853891743,RCV0858,False,0,,,NORMAL,0,0,7746.35,-7014.6,0,0
TXN-SYN-0E3F7C50,CUST0422,2026-09-22 21:13:20,1485.84,MOBILE_RECHARGE,438,False,404,False,9.559405872977413,RCV0131,False,0,,,NORMAL,0,0,4875.34,-3389.5,0,0
TXN-SYN-4C6B17C3,CUST0358,2026-09-22 21:17:56,1205.23,SEND_MONEY,690,False,620,False,8.294706829237663,RCV0622,False,0,,,NORMAL,0,0,8920.64,-7715.41,0,0
TXN-SYN-00CC9820,CUST0570,2026-09-22 21:18:58,457.3,CASH_IN,1276,False,1211,False,8.644276285221034,RCV0233,False,0,,AG015,NORMAL,0,0,457.3,0.0,0,0
TXN-SYN-448504D3,CUST0704,2026-09-22 21:22:27,2045.47,MOBILE_RECHARGE,693,False,677,False,1.2365972217943189,RCV0433,False,0,,,NORMAL,0,0,13338.94,-11293.47,0,0
TXN-SYN-CE732D24,CUST0549,2026-09-22 21:35:37,601.86,MOBILE_RECHARGE,1372,False,1301,False,9.578434079084673,RCV0076,False,0,,,NORMAL,0,1,1553.18,-951.32,0,0
TXN-SYN-CF491D93,CUST0462,2026-09-22 21:51:09,40416.67,SEND_MONEY,533,False,461,False,8.75881517166792,RCV0999,True,0,,,MULE_LIKE,0,0,11919.04,28497.63,0,0
TXN-SYN-A164ACF9,CUST0261,2026-09-22 21:52:02,135.85,MERCHANT_PAYMENT,1262,False,1208,False,8.955104002489051,RCV1169,False,0,M007,,NORMAL,1,2,7667.6,-7531.75,0,0
TXN-SYN-834913D5,CUST0432,2026-09-22 21:54:36,64.3,MERCHANT_PAYMENT,1444,False,1423,False,9.050884681235422,RCV0368,False,0,M007,,NORMAL,0,0,6417.2,-6352.9,0,0
TXN-SYN-923C96C4,CUST0561,2026-09-22 21:54:56,169.53,BILL_PAY,1064,False,1006,False,6.696112565375176,RCV0848,False,1,,,NORMAL,0,0,10992.06,-10822.53,0,0
TXN-SYN-D54CA401,CUST0766,2026-09-22 21:59:50,1102.27,SEND_MONEY,436,False,413,False,9.617345646927113,RCV0020,False,0,,,NORMAL,0,0,17554.88,-16452.61,0,0
TXN-SYN-11D934AD,CUST0204,2026-09-22 22:18:31,20740.76,CASH_OUT,301,False,212,True,55.80002180189236,RCV0023,False,0,,AG014,CASH_OUT_RISK,0,0,1243.93,19496.83,0,0
TXN-SYN-85A930BD,CUST0143,2026-09-22 22:18:52,38946.4,CASH_OUT,966,False,892,True,65.18927534316632,RCV0979,False,0,,AG001,CASH_OUT_RISK,0,0,584.62,38361.78,0,0
TXN-SYN-BD3B4BCE,CUST0297,2026-09-22 22:19:26,30190.4,CASH_OUT,204,False,158,True,65.81232843405428,RCV0311,False,0,M001,AG028,CASH_OUT_RISK,0,0,6711.56,23478.84,0,0
TXN-SYN-B17179C8,CUST0607,2026-09-22 23:20:40,35595.52,CASH_OUT,1096,False,1078,True,63.79446286969728,RCV0277,False,0,,AG000,CASH_OUT_RISK,0,0,18921.27,16674.25,0,0
TXN-SYN-9A25FC34,CUST0040,2026-09-22 23:49:41,20865.91,CASH_OUT,1469,False,1383,True,87.42865430979171,RCV0931,False,0,M043,AG006,CASH_OUT_RISK,0,0,1995.08,18870.82,0,0
TXN-SYN-3816EC02,CUST0534,2026-09-22 23:50:04,39658.01,CASH_OUT,157,False,101,True,34.495440524028254,RCV0981,False,0,,AG016,CASH_OUT_RISK,0,0,29340.14,10317.87,0,0
TXN-SYN-A764DE6F,CUST0721,2026-09-22 23:52:12,47340.0,CASH_OUT,495,False,421,True,62.05361481900327,RCV0227,False,0,,AG006,CASH_OUT_RISK,0,0,22000.23,25339.77,0,0
TXN-SYN-A96BF0A7,CUST0758,2026-09-23 00:17:38,5090.06747559849,SEND_MONEY,75,True,2,True,281.2358116711051,RCV0207,False,2,,,ACCOUNT_TAKEOVER_LIKE,0,0,2780.09,2309.98,0,0
TXN-SYN-9728DA85,CUST0267,2026-09-23 00:43:24,6097.173240804084,SEND_MONEY,74,True,1,True,94.24406982581002,RCV1005,False,2,,,ACCOUNT_TAKEOVER_LIKE,0,0,4495.38,1601.8,0,0
TXN-SYN-7F5944C9,CUST0722,2026-09-23 00:47:32,20081.089886453105,MERCHANT_PAYMENT,47,True,1,True,124.20456419575783,RCV1018,False,4,M012,,ACCOUNT_TAKEOVER_LIKE,0,0,16292.17,3788.92,0,0
TXN-SYN-2BBDCE4C,CUST0592,2026-09-23 01:03:25,44222.56,CASH_OUT,1238,False,1158,True,31.14848592582593,RCV0713,False,0,,AG024,CASH_OUT_RISK,0,1,5227.36,38995.2,0,0
TXN-SYN-7EFA4D39,CUST0043,2026-09-23 01:05:07,39229.68,CASH_OUT,111,False,50,True,72.70266933685738,RCV0816,False,0,,AG020,CASH_OUT_RISK,0,0,14558.57,24671.11,0,0
TXN-SYN-465AA4B1,CUST0678,2026-09-23 01:06:14,48410.47,CASH_OUT,1037,False,965,True,40.20788946878716,RCV1086,False,0,,AG009,CASH_OUT_RISK,0,1,4993.89,43416.58,0,0
TXN-SYN-2024F8AF,CUST0666,2026-09-23 01:38:03,16257.5,CASH_OUT,1265,False,1206,True,67.40926492785171,RCV1106,False,0,,AG001,CASH_OUT_RISK,0,0,8848.28,7409.22,0,0
TXN-SYN-A2F70D36,CUST0495,2026-09-23 01:39:43,10309.354133055063,CASH_OUT,32,True,2,True,79.62342951341921,RCV0252,False,2,,AG011,ACCOUNT_TAKEOVER_LIKE,0,0,10718.54,-409.19,0,0
TXN-SYN-82B11E09,CUST0279,2026-09-23 01:42:05,47058.75,CASH_OUT,927,False,918,True,41.12574510531563,RCV1103,False,0,M006,AG023,CASH_OUT_RISK,0,0,17897.73,29161.02,0,0
TXN-SYN-475D0B64,CUST0527,2026-09-23 02:10:38,22828.65,CASH_OUT,285,False,205,True,82.86626591122116,RCV0319,False,0,,AG015,CASH_OUT_RISK,0,0,14277.78,8550.88,0,0
TXN-SYN-FDCFB839,CUST0208,2026-09-23 02:12:18,31348.07,CASH_OUT,344,False,286,True,56.71400104620097,RCV0351,False,0,,AG000,CASH_OUT_RISK,0,0,612.26,30735.81,0,0
TXN-SYN-3419C324,CUST0263,2026-09-23 02:39:21,8971.654779851333,SEND_MONEY,89,True,2,True,362.7912736687512,RCV0146,False,3,,,ACCOUNT_TAKEOVER_LIKE,0,1,11387.17,-2415.51,0,0
TXN-SYN-1BBA8EAD,CUST0019,2026-09-23 02:42:36,18779.72,CASH_OUT,1256,False,1181,True,83.74297915169869,RCV0214,False,1,,AG023,CASH_OUT_RISK,0,0,469.62,18310.1,0,0
TXN-SYN-567026FC,CUST0023,2026-09-23 02:43:59,16234.21,CASH_OUT,149,False,121,True,62.61672528792041,RCV0289,False,1,,AG028,CASH_OUT_RISK,0,0,1421.18,14813.03,0,0
TXN-SYN-7977F6F2,CUST0226,2026-09-23 03:03:40,46257.1,CASH_OUT,1320,False,1259,True,73.19170444579981,RCV0947,False,0,,AG000,CASH_OUT_RISK,0,0,2570.8,43686.3,0,0
TXN-SYN-7332278B,CUST0551,2026-09-23 03:20:46,38892.79,CASH_OUT,726,False,652,True,68.54648342033963,RCV0599,False,0,,AG016,CASH_OUT_RISK,0,0,1083.15,37809.64,0,0
TXN-SYN-FE8041CB,CUST0266,2026-09-23 03:27:30,16662.91,CASH_OUT,218,False,217,True,22.228506511799573,RCV0795,False,0,,AG010,CASH_OUT_RISK,0,0,2530.94,14131.97,0,0
TXN-SYN-0A4AF5EF,CUST0039,2026-09-23 03:29:39,29466.74,CASH_OUT,532,False,454,True,87.98504522857294,RCV0350,False,0,,AG013,CASH_OUT_RISK,0,0,5309.53,24157.21,0,0
TXN-SYN-57A20425,CUST0471,2026-09-23 03:59:58,986.8454627705083,BILL_PAY,21,True,2,True,372.5358723095349,RCV0588,False,2,,,ACCOUNT_TAKEOVER_LIKE,0,1,5550.51,-4563.67,0,0
TXN-SYN-16B78B48,CUST0057,2026-09-23 05:10:01,2154.4668771288966,SEND_MONEY,84,True,1,True,342.96498410143437,RCV0546,False,2,,,ACCOUNT_TAKEOVER_LIKE,0,0,14529.89,-12375.42,0,0
TXN-SYN-0DDC9F9B,CUST0429,2026-09-23 05:12:36,5239.583336209152,MOBILE_RECHARGE,50,True,1,True,171.27977954823376,RCV0974,False,2,,,ACCOUNT_TAKEOVER_LIKE,0,0,19917.83,-14678.25,0,0
TXN-SYN-008B3BC5,CUST0484,2026-09-23 05:50:29,7541.287101769898,CASH_OUT,38,True,0,True,116.75263132387089,RCV0559,False,2,,AG023,ACCOUNT_TAKEOVER_LIKE,0,0,4969.56,2571.72,0,0
TXN-SYN-6A22EB3E,CUST0426,2026-09-23 08:04:56,23174.14,SEND_MONEY,707,False,663,False,3.3079299142765564,RCV0998,True,0,,,MULE_LIKE,0,0,2482.01,20692.13,0,0
TXN-SYN-CFFA251B,CUST0106,2026-09-23 08:06:00,1926.11,SEND_MONEY,615,False,532,False,2.2910928498195524,RCV0482,False,0,,,NORMAL,0,0,8595.62,-6669.52,0,0
TXN-SYN-2230001D,CUST0292,2026-09-23 08:12:11,23825.18,SEND_MONEY,1242,True,1191,False,0.5900333399910029,RCV1072,True,0,M005,,SCAM_LIKE,0,0,4389.32,19435.86,0,0
TXN-SYN-61BE5F36,CUST0681,2026-09-23 08:12:17,9539.69,SEND_MONEY,116,False,96,False,8.109134564964243,RCV0146,False,0,,,NORMAL,0,0,3083.8,6455.89,0,0
TXN-SYN-AF5D2070,CUST0658,2026-09-23 08:13:07,650.25,MERCHANT_PAYMENT,749,False,742,False,5.17155970488958,RCV0488,False,0,M018,,NORMAL,0,0,1621.83,-971.58,0,0
TXN-SYN-0AAA67F2,CUST0321,2026-09-23 08:19:32,714.56,SEND_MONEY,374,False,362,False,0.7298271473095086,RCV0690,False,0,,,NORMAL,0,0,8977.37,-8262.81,0,0
TXN-SYN-6525427E,CUST0617,2026-09-23 08:20:40,5597.72,CASH_OUT,637,False,623,False,3.4644937768866644,RCV0779,False,0,,AG025,NORMAL,0,0,30866.36,-25268.64,0,0
TXN-SYN-BF4E2C0E,CUST0694,2026-09-23 08:23:27,2394.6,SEND_MONEY,1169,False,1083,False,5.810464912839151,RCV0874,False,0,,,NORMAL,0,0,173.86,2220.74,0,0
TXN-SYN-E6EFB71E,CUST0314,2026-09-23 08:30:37,1023.3,SEND_MONEY,1420,False,1403,False,3.7435189077618505,RCV0051,False,0,,,NORMAL,0,0,2223.91,-1200.61,0,0
TXN-SYN-C5BAE35C,CUST0531,2026-09-23 08:32:30,1166.25,SEND_MONEY,830,False,743,False,7.784490227901157,RCV0659,False,0,,,NORMAL,0,0,10054.44,-8888.19,0,0
TXN-SYN-C1BFA58E,CUST0278,2026-09-23 08:38:26,552.24,CASH_OUT,334,False,249,False,1.266989542427891,RCV0989,False,0,,AG028,NORMAL,0,0,17811.68,-17259.44,0,0
TXN-SYN-C2001F2F,CUST0179,2026-09-23 08:45:05,3494.04,SEND_MONEY,1450,False,1425,False,4.9844184043499435,RCV0621,False,0,,,NORMAL,0,1,3828.68,-334.64,0,1
TXN-SYN-26005A89,CUST0720,2026-09-23 08:47:59,1203.14,MERCHANT_PAYMENT,784,False,778,False,2.971905277593385,RCV0022,False,0,M048,,NORMAL,0,0,3047.76,-1844.62,0,0
TXN-SYN-901C2FAC,CUST0521,2026-09-23 09:09:18,1084.74,BILL_PAY,421,False,355,False,0.6007316835498244,RCV0962,False,0,,,NORMAL,0,0,27142.55,-26057.81,0,0
TXN-SYN-FA28A28F,CUST0727,2026-09-23 09:11:15,723.17,SEND_MONEY,661,False,634,False,4.983247096482502,RCV0627,False,0,,,NORMAL,0,0,14019.14,-13295.97,0,0
TXN-SYN-F7A18A73,CUST0369,2026-09-23 09:16:53,1543.19,SEND_MONEY,1092,False,1014,False,9.919798242861678,RCV0906,False,0,,,NORMAL,0,0,17288.62,-15745.43,0,0
TXN-SYN-ADF576C9,CUST0042,2026-09-23 09:17:57,1307.58,MERCHANT_PAYMENT,336,False,324,False,2.9498238392232445,RCV1116,False,0,M000,,NORMAL,0,0,6553.55,-5245.97,0,0
TXN-SYN-9D1E6870,CUST0539,2026-09-23 09:33:03,2337.76,MERCHANT_PAYMENT,1243,False,1169,False,6.171270439589308,RCV0334,False,0,M014,,NORMAL,0,0,43586.46,-41248.7,0,0
TXN-SYN-6C683AFC,CUST0249,2026-09-23 09:36:48,821.49,CASH_OUT,1024,False,958,False,3.756487354930008,RCV1000,False,0,,AG022,NORMAL,0,0,14984.72,-14163.23,0,0
TXN-SYN-F380FC7D,CUST0583,2026-09-23 09:39:10,3249.79,CASH_OUT,382,False,322,False,8.828707026375817,RCV0649,False,0,,AG006,NORMAL,0,0,14029.14,-10779.35,0,0
TXN-SYN-C03AEBFF,CUST0292,2026-09-23 09:41:02,23833.23,SEND_MONEY,466,False,404,False,2.676218754566456,RCV0256,False,0,,,NORMAL,0,1,7628.63,16204.6,0,0
TXN-SYN-8083D594,CUST0738,2026-09-23 09:41:43,2866.2,CASH_IN,321,False,304,False,3.1779959507683464,RCV0597,False,0,,AG001,NORMAL,0,1,15822.17,-12955.97,0,0
TXN-SYN-093B4AD1,CUST0001,2026-09-23 09:45:19,401.77,SEND_MONEY,1331,False,1246,False,2.862539505772564,RCV0672,False,0,,,NORMAL,0,0,4831.9,-4430.14,0,0
TXN-SYN-4B10E78F,CUST0117,2026-09-23 09:45:28,21517.52,SEND_MONEY,910,False,883,False,2.3229299100429337,RCV0135,False,0,,,NORMAL,0,0,9446.21,12071.31,0,0
TXN-SYN-E5436E9F,CUST0449,2026-09-23 09:51:58,56599.69,BILL_PAY,625,False,594,False,2.051568146256092,RCV0526,False,0,,,NORMAL,0,0,8488.2,48111.48,0,0
TXN-SYN-28BADED3,CUST0546,2026-09-23 09:59:13,241.65,MERCHANT_PAYMENT,371,False,304,False,2.334932783097506,RCV0393,False,0,M043,,NORMAL,0,0,21252.9,-21011.25,0,0
TXN-SYN-87563B27,CUST0779,2026-09-23 09:59:39,1199.64,MOBILE_RECHARGE,615,False,550,False,1.5888267043252136,RCV0894,False,0,,,NORMAL,0,0,15317.66,-14118.02,0,0
TXN-SYN-899BED29,CUST0405,2026-09-23 10:01:31,429.34,CASH_OUT,1277,False,1266,False,6.575818868033289,RCV0980,False,0,,AG012,NORMAL,0,0,3479.9,-3050.56,0,0
TXN-SYN-4EF9A6F0,CUST0791,2026-09-23 10:02:38,495.99,MERCHANT_PAYMENT,1181,False,1170,False,4.825964382791672,RCV1148,False,0,M005,,NORMAL,0,0,9505.83,-9009.84,0,0
TXN-SYN-9DBB2FE6,CUST0611,2026-09-23 10:03:18,691.64,MOBILE_RECHARGE,1485,False,1464,False,8.07079156258732,RCV0280,False,0,,,NORMAL,0,0,1956.98,-1265.34,0,0
TXN-SYN-3F3DF835,CUST0749,2026-09-23 10:06:32,400.08,CASH_IN,1477,False,1477,False,3.4055071143909132,RCV1072,False,0,,AG011,NORMAL,0,0,2975.52,-2575.44,0,0
TXN-SYN-1B8E9C77,CUST0089,2026-09-23 10:07:02,215.6,CASH_OUT,795,False,717,False,7.01919722938973,RCV0911,False,0,,AG009,NORMAL,0,0,6673.22,-6457.62,0,0
TXN-SYN-E6AE57FD,CUST0043,2026-09-23 10:15:25,362.09,CASH_OUT,843,False,800,False,3.0139837741718245,RCV1146,False,0,,AG029,NORMAL,0,1,18670.42,-18308.33,0,1
TXN-SYN-8FD8CCA2,CUST0680,2026-09-23 10:21:48,13272.49,SEND_MONEY,484,False,444,False,3.4416352675180395,RCV1184,True,0,,,SCAM_LIKE,0,0,6574.35,6698.14,0,0
TXN-SYN-FBDA1421,CUST0632,2026-09-23 10:26:37,4276.59,MERCHANT_PAYMENT,1233,False,1194,False,9.575139643216167,RCV0888,False,0,M025,,NORMAL,0,0,12733.69,-8457.1,0,0
TXN-SYN-FBCA6FFD,CUST0653,2026-09-23 10:31:32,1133.36,BILL_PAY,1290,False,1213,False,4.710189100186824,RCV0402,False,0,,,NORMAL,0,0,7350.4,-6217.04,0,0
TXN-SYN-E6E61A06,CUST0755,2026-09-23 10:40:07,680.28,MOBILE_RECHARGE,1222,False,1172,False,3.2146247794780445,RCV0180,False,0,,,NORMAL,0,1,28511.08,-27830.8,0,0
TXN-SYN-838B0B43,CUST0106,2026-09-23 10:43:03,494.31,CASH_IN,1266,False,1232,False,2.139228704997177,RCV0070,False,0,,AG006,NORMAL,0,1,7261.72,-6767.41,0,0
TXN-SYN-6219F526,CUST0353,2026-09-23 10:47:34,6348.62,SEND_MONEY,447,False,394,False,9.098236408320604,RCV0034,False,0,,,NORMAL,0,0,520.85,5827.77,0,0
TXN-SYN-E9BD77D9,CUST0293,2026-09-23 10:47:48,2498.87,CASH_IN,577,False,526,False,8.728169460108463,RCV0762,False,0,,AG010,NORMAL,0,0,2703.33,-204.46,0,0
TXN-SYN-797064D3,CUST0012,2026-09-23 10:49:42,8543.93,BILL_PAY,776,False,721,False,5.19778486337977,RCV0906,False,0,,,NORMAL,0,0,7210.26,1333.67,0,0
TXN-SYN-3A255F89,CUST0627,2026-09-23 10:56:34,821.65,SEND_MONEY,871,False,809,False,1.3920907717398157,RCV0122,False,0,,,NORMAL,0,0,6346.8,-5525.15,0,0
TXN-SYN-52F6A27C,CUST0702,2026-09-23 11:06:22,1634.59,SEND_MONEY,1497,False,1489,False,3.5894223142513093,RCV0169,False,0,,,NORMAL,0,0,15243.17,-13608.58,0,0
TXN-SYN-7E4C297E,CUST0795,2026-09-23 11:12:36,1148.58,SEND_MONEY,1158,False,1098,False,3.7497383614876254,RCV0078,False,0,,,NORMAL,0,1,2270.15,-1121.57,0,0
TXN-SYN-3718EC5F,CUST0693,2026-09-23 11:13:48,30735.99,SEND_MONEY,649,False,567,False,3.6901773241117275,RCV0256,True,0,,,MULE_LIKE,0,0,6758.35,23977.64,0,0
TXN-SYN-34758661,CUST0396,2026-09-23 11:21:39,11170.21,SEND_MONEY,129,False,129,False,5.70461458476435,RCV0274,False,0,,,NORMAL,0,0,7694.76,3475.45,0,0
TXN-SYN-E6D9682F,CUST0679,2026-09-23 11:34:29,419.26,BILL_PAY,1026,False,1010,False,6.032936810486645,RCV0042,False,0,,,NORMAL,0,0,4686.1,-4266.84,0,0
TXN-SYN-943D93D1,CUST0748,2026-09-23 11:37:22,517.05,MERCHANT_PAYMENT,1069,False,1017,False,5.390392769440919,RCV0555,False,0,M008,,NORMAL,0,1,6577.25,-6060.2,0,0
TXN-SYN-F1EB69D4,CUST0329,2026-09-23 11:45:49,1647.02,SEND_MONEY,1119,False,1067,False,4.324468197786703,RCV1006,False,0,,,NORMAL,0,0,11856.85,-10209.83,0,0
TXN-SYN-2A03301F,CUST0577,2026-09-23 11:47:39,152.69,BILL_PAY,123,False,41,False,4.052789388765209,RCV0315,False,0,,,NORMAL,0,0,18407.9,-18255.21,0,0
TXN-SYN-ED11AE22,CUST0285,2026-09-23 11:48:56,16593.41,SEND_MONEY,241,False,222,False,0.6983695310956961,RCV0170,True,0,,,SCAM_LIKE,0,0,11806.96,4786.45,0,0
TXN-SYN-D53A9BFF,CUST0463,2026-09-23 11:56:34,343.12,CASH_IN,948,False,918,False,9.077041881385204,RCV0609,False,0,,AG011,NORMAL,0,0,11347.04,-11003.92,0,0
TXN-SYN-90714E20,CUST0236,2026-09-23 12:13:40,556.41,BILL_PAY,487,False,426,False,0.4283460149853924,RCV1012,False,0,,,NORMAL,0,0,12909.61,-12353.2,0,0
TXN-SYN-E934104B,CUST0146,2026-09-23 12:17:18,1490.44,SEND_MONEY,794,False,763,False,4.98195716453139,RCV0749,False,0,,,NORMAL,0,0,14113.72,-12623.28,0,0
TXN-SYN-388B066B,CUST0078,2026-09-23 12:29:49,2839.12,CASH_IN,335,False,326,False,7.316991899547213,RCV0981,False,0,,AG027,NORMAL,0,0,29569.49,-26730.37,0,0
TXN-SYN-3A204A3D,CUST0405,2026-09-23 12:35:36,26393.14,SEND_MONEY,895,False,887,False,2.633793639182872,RCV0998,True,0,,,MULE_LIKE,0,1,2869.79,23523.35,0,1
TXN-SYN-DC1CE7FD,CUST0276,2026-09-23 12:44:59,2909.04,CASH_IN,208,False,208,False,8.3791449736047,RCV0229,False,0,,AG007,NORMAL,0,0,21738.31,-18829.27,0,0
TXN-SYN-3EADCF4D,CUST0441,2026-09-23 12:46:17,1191.57,SEND_MONEY,316,False,291,False,0.21294287496887,RCV0116,False,0,,,NORMAL,0,0,5362.16,-4170.59,0,0
TXN-SYN-87B90B27,CUST0700,2026-09-23 12:48:54,442.09,MERCHANT_PAYMENT,465,False,462,False,3.8736483696958004,RCV0555,False,0,M023,,NORMAL,0,0,15947.65,-15505.56,0,0
TXN-SYN-122503F0,CUST0249,2026-09-23 13:00:53,1995.18,BILL_PAY,249,False,163,False,1.1644552408471143,RCV0600,False,0,,,NORMAL,0,1,11443.92,-9448.73,0,1
TXN-SYN-B9853A2B,CUST0171,2026-09-23 13:01:17,187.12,MOBILE_RECHARGE,1028,False,949,False,9.18302742009773,RCV0320,False,0,,,NORMAL,0,0,9070.41,-8883.29,0,0
TXN-SYN-2C4EC5A3,CUST0345,2026-09-23 13:05:27,2397.54,BILL_PAY,556,False,553,False,9.7232735089717,RCV0301,False,0,,,NORMAL,0,0,10701.55,-8304.01,1,0
TXN-SYN-3066FFFA,CUST0122,2026-09-23 13:11:40,1095.31,CASH_OUT,1034,False,1026,False,2.890340642234972,RCV1080,False,2,,AG015,NORMAL,0,0,2080.67,-985.36,0,0
TXN-SYN-1B7DA5EC,CUST0306,2026-09-23 13:15:33,3617.56,SEND_MONEY,961,False,947,False,2.5397487457202472,RCV0942,False,0,,,NORMAL,0,0,621.5,2996.06,0,0
TXN-SYN-E7CB6D19,CUST0262,2026-09-23 13:18:23,695.02,SEND_MONEY,1181,False,1160,False,0.7275152527663176,RCV0846,False,0,,,NORMAL,0,0,3257.6,-2562.58,0,0
TXN-SYN-35CECBAB,CUST0699,2026-09-23 13:19:53,17315.8,SEND_MONEY,439,True,354,False,8.963898880860262,RCV0163,True,0,,AG011,SCAM_LIKE,0,0,6455.64,10860.16,0,0
TXN-SYN-01695149,CUST0657,2026-09-23 13:20:35,172.73,CASH_IN,319,False,313,False,3.026047233679574,RCV1149,False,0,,AG026,NORMAL,0,0,1734.68,-1561.95,0,0
TXN-SYN-AFFE8810,CUST0632,2026-09-23 13:36:37,321.89,SEND_MONEY,1143,False,1134,False,8.861957804650745,RCV1043,False,0,,,NORMAL,0,1,11676.55,-11354.66,0,0
TXN-SYN-7DF8D21C,CUST0220,2026-09-23 13:39:23,12127.41,SEND_MONEY,931,False,858,False,0.19415559876565625,RCV0997,True,0,,,MULE_LIKE,0,0,1686.73,10440.68,0,0
TXN-SYN-1F4E6113,CUST0271,2026-09-23 13:42:25,4829.43,MERCHANT_PAYMENT,519,False,463,False,9.263629694180114,RCV0483,False,0,M033,,NORMAL,0,0,10422.74,-5593.31,0,0
TXN-SYN-BE7B9C12,CUST0054,2026-09-23 14:01:18,428.6,SEND_MONEY,1321,False,1245,False,3.471921675622119,RCV0683,False,0,,,NORMAL,0,0,1993.25,-1564.65,0,0
TXN-SYN-8FF4F443,CUST0791,2026-09-23 14:06:12,47455.12,SEND_MONEY,319,False,244,False,6.331189552850368,RCV0997,True,1,,AG014,MULE_LIKE,0,1,8004.19,39450.93,0,0
TXN-SYN-0CDBCC68,CUST0111,2026-09-23 14:06:45,596.35,BILL_PAY,696,False,684,False,2.9048160560894365,RCV0307,False,0,,,NORMAL,0,0,20226.31,-19629.96,0,0
TXN-SYN-7038C20A,CUST0331,2026-09-23 14:07:29,12855.88,SEND_MONEY,1396,False,1354,False,5.214596387214719,RCV1162,True,1,,AG022,SCAM_LIKE,0,0,3269.52,9586.36,0,0
TXN-SYN-47BA6957,CUST0301,2026-09-23 14:11:26,2900.63,MERCHANT_PAYMENT,418,False,401,False,2.184478715768706,RCV0652,False,0,M000,,NORMAL,0,0,7067.82,-4167.19,0,0
TXN-SYN-4CE84F54,CUST0149,2026-09-23 14:16:05,1279.77,CASH_OUT,667,False,645,False,3.274265056319321,RCV0411,False,0,,AG027,NORMAL,0,0,1279.77,0.0,0,0
TXN-SYN-0D948AA6,CUST0130,2026-09-23 14:27:02,521.68,SEND_MONEY,901,False,833,False,5.379195263292431,RCV0611,False,0,,,NORMAL,0,0,11299.7,-10778.02,0,0
TXN-SYN-CD634329,CUST0402,2026-09-23 14:27:08,1999.11,BILL_PAY,1161,False,1110,False,6.675741233501018,RCV0996,False,0,,,NORMAL,0,0,184.38,1814.72,0,0
TXN-SYN-5BCE186B,CUST0791,2026-09-23 14:29:52,920.63,BILL_PAY,247,False,229,False,6.236487782902661,RCV0585,False,0,,,NORMAL,1,2,13640.04,-12719.41,0,0
TXN-SYN-383F0A44,CUST0264,2026-09-23 14:33:47,4570.69,CASH_IN,1145,False,1091,False,6.482333840785262,RCV0456,False,0,,AG026,NORMAL,0,1,17482.47,-12911.78,0,0
TXN-SYN-270787CF,CUST0495,2026-09-23 14:38:09,4018.98,SEND_MONEY,1222,False,1189,False,9.599603517046878,RCV0626,False,0,,,NORMAL,0,1,10650.35,-6631.37,0,1
TXN-SYN-6EF16168,CUST0389,2026-09-23 14:44:19,144.03,MOBILE_RECHARGE,640,False,577,False,5.79736562564043,RCV0172,False,0,,,NORMAL,0,0,12814.36,-12670.33,0,0
TXN-SYN-EA6A1773,CUST0424,2026-09-23 14:50:51,9097.99,SEND_MONEY,970,False,950,False,4.829439054712989,RCV0198,True,0,,AG026,SCAM_LIKE,0,0,2182.7,6915.29,0,0
TXN-SYN-FA11BADB,CUST0265,2026-09-23 14:53:59,50.0,CASH_IN,1103,False,1018,False,4.241508800582665,RCV0848,False,0,,AG023,NORMAL,0,0,3034.51,-2984.51,0,0
TXN-SYN-C64D6DFF,CUST0799,2026-09-23 15:00:46,5895.57,SEND_MONEY,778,True,745,False,1.6686020169875282,RCV0194,True,0,M003,,SCAM_LIKE,0,0,2015.45,3880.12,0,0
TXN-SYN-3446F8FF,CUST0083,2026-09-23 15:04:08,1409.76,MERCHANT_PAYMENT,1369,False,1285,False,4.290977834855896,RCV0668,False,1,M002,,NORMAL,0,0,13069.95,-11660.19,0,0
TXN-SYN-59DFA782,CUST0510,2026-09-23 15:12:26,37442.93,SEND_MONEY,1397,False,1363,False,7.433791649756158,RCV0998,True,0,,,MULE_LIKE,0,1,2532.86,34910.07,0,0
TXN-SYN-92FE97A8,CUST0678,2026-09-23 15:13:26,1028.91,SEND_MONEY,899,False,881,False,6.734804208983547,RCV0982,False,0,,,NORMAL,0,2,9817.96,-8789.05,0,1
TXN-SYN-19EB4C44,CUST0366,2026-09-23 15:14:26,96.03,SEND_MONEY,788,False,699,False,5.820701311242235,RCV1191,False,0,,,NORMAL,0,0,1701.91,-1605.88,0,0
TXN-SYN-A7DBA5C9,CUST0184,2026-09-23 15:21:09,29378.78,SEND_MONEY,1220,False,1147,False,7.8458607868932635,RCV0083,True,0,,,MULE_LIKE,0,0,10701.23,18677.55,0,0
TXN-SYN-5AC295CA,CUST0710,2026-09-23 15:25:54,181.98,SEND_MONEY,741,False,716,False,7.2030033327509475,RCV0576,False,0,,,NORMAL,0,0,19334.48,-19152.5,0,0
TXN-SYN-2E25B2CD,CUST0087,2026-09-23 15:28:57,43536.4,SEND_MONEY,905,False,837,False,6.37640729971665,RCV1164,True,0,,,MULE_LIKE,0,0,159.55,43376.85,0,0
TXN-SYN-6C0A7531,CUST0152,2026-09-23 15:36:18,776.18,BILL_PAY,836,False,808,False,7.950021909876572,RCV0940,False,0,,,NORMAL,0,0,7145.82,-6369.64,0,0
TXN-SYN-947A01F6,CUST0717,2026-09-23 15:39:12,45624.67,SEND_MONEY,198,False,156,False,8.21849930396189,RCV0240,True,0,,,MULE_LIKE,0,1,6903.71,38720.96,0,0
TXN-SYN-CDAA74B6,CUST0713,2026-09-23 15:46:28,19596.57,SEND_MONEY,665,False,607,False,1.237046442108931,RCV1070,True,0,,,MULE_LIKE,0,0,8766.21,10830.36,0,0
TXN-SYN-53B70769,CUST0173,2026-09-23 16:04:51,1160.31,MOBILE_RECHARGE,838,False,837,False,6.659471660804642,RCV0114,False,0,,,NORMAL,0,0,5285.78,-4125.47,0,0
TXN-SYN-FCDFDAB9,CUST0064,2026-09-23 16:09:53,285.07,SEND_MONEY,645,False,598,False,5.642835017334319,RCV0899,False,0,,,NORMAL,0,0,3225.61,-2940.54,0,0
TXN-SYN-F3762900,CUST0049,2026-09-23 16:16:48,14457.56,SEND_MONEY,1198,False,1135,False,4.336563507716983,RCV0999,True,0,,,MULE_LIKE,0,0,2463.57,11993.99,0,0
TXN-SYN-234BE86B,CUST0532,2026-09-23 16:18:26,9013.46,BILL_PAY,217,False,179,False,5.926586478854467,RCV0910,False,0,,,NORMAL,0,0,203.05,8810.41,0,0
TXN-SYN-09C0AC66,CUST0311,2026-09-23 16:18:54,469.68,CASH_OUT,1208,False,1198,False,6.742686896143166,RCV0081,False,0,,AG007,NORMAL,0,0,1831.18,-1361.5,0,0
TXN-SYN-A2248ADF,CUST0549,2026-09-23 16:28:58,18356.62,SEND_MONEY,1259,False,1210,False,5.545129396679873,RCV0362,False,0,,,NORMAL,0,1,1315.35,17041.27,0,0
TXN-SYN-C9F4F31C,CUST0015,2026-09-23 16:29:49,2381.64,CASH_IN,839,False,773,False,9.934722762576287,RCV0918,False,0,,AG003,NORMAL,0,0,10131.92,-7750.28,0,0
TXN-SYN-31C958F6,CUST0522,2026-09-23 16:31:50,23566.35,SEND_MONEY,223,False,135,False,1.6368380146530148,RCV0521,True,0,,,SCAM_LIKE,0,0,17579.89,5986.46,0,0
TXN-SYN-AECB9F98,CUST0271,2026-09-23 16:33:56,20320.52,SEND_MONEY,579,True,574,False,7.554311006220276,RCV0008,True,0,,AG007,SCAM_LIKE,0,1,9623.7,10696.82,0,0
TXN-SYN-A5CC881A,CUST0533,2026-09-23 16:34:32,4683.23,MERCHANT_PAYMENT,319,False,312,False,0.6737908246230773,RCV0966,False,0,M028,,NORMAL,0,0,8890.78,-4207.55,0,0
TXN-SYN-F757650B,CUST0382,2026-09-23 16:35:12,44434.56,SEND_MONEY,129,False,40,False,4.451492813978336,RCV0997,True,0,,,MULE_LIKE,0,0,12056.49,32378.07,0,0
TXN-SYN-4FFBEA34,CUST0449,2026-09-23 16:38:27,141.94,MOBILE_RECHARGE,1208,False,1154,False,2.4739974705834578,RCV1195,False,0,,,NORMAL,0,1,24525.37,-24383.43,0,0
TXN-SYN-F25501AD,CUST0777,2026-09-23 16:50:27,4745.73,SEND_MONEY,651,False,576,False,1.4900230483109322,RCV0106,False,0,,,NORMAL,0,0,7831.01,-3085.28,0,0
TXN-SYN-BD9B3158,CUST0187,2026-09-23 16:53:03,905.44,MERCHANT_PAYMENT,468,False,438,False,4.7518916004214375,RCV0642,False,0,M048,,NORMAL,0,0,18793.96,-17888.52,0,0
TXN-SYN-4C7DE66F,CUST0717,2026-09-23 16:53:05,83.5,MOBILE_RECHARGE,687,False,637,False,5.305188975921301,RCV0720,False,0,,,NORMAL,0,1,14647.9,-14564.4,0,0
TXN-SYN-1D525DD3,CUST0795,2026-09-23 16:57:37,2163.67,MERCHANT_PAYMENT,962,False,898,False,7.408176579321153,RCV0935,False,0,M009,,NORMAL,0,1,2045.84,117.83,0,0
TXN-SYN-72768A5D,CUST0771,2026-09-23 17:01:43,147.73,SEND_MONEY,1013,False,998,False,1.262682279229892,RCV0681,False,0,,,NORMAL,0,0,18032.03,-17884.3,0,0
TXN-SYN-CF22D407,CUST0160,2026-09-23 17:09:37,730.75,CASH_IN,1287,False,1229,False,2.833047624249306,RCV0330,False,0,,AG002,NORMAL,0,0,11682.41,-10951.66,0,0
TXN-SYN-D6756C5F,CUST0616,2026-09-23 17:35:09,945.78,MERCHANT_PAYMENT,1351,False,1298,False,0.698574286368866,RCV0921,False,0,M007,,NORMAL,0,0,3432.41,-2486.63,0,0
TXN-SYN-1B1B0A09,CUST0769,2026-09-23 17:39:14,12233.56,SEND_MONEY,332,False,269,False,3.7880411531957203,RCV1086,True,0,,,SCAM_LIKE,0,0,17789.63,-5556.07,0,0
TXN-SYN-D4AFE27B,CUST0000,2026-09-23 17:46:02,13475.24,SEND_MONEY,930,False,849,False,3.5207477294564695,RCV0376,False,0,,,NORMAL,0,0,7580.64,5894.6,0,0
TXN-SYN-B371759B,CUST0080,2026-09-23 17:46:45,24542.25,SEND_MONEY,210,False,139,False,7.943523292476752,RCV0294,True,0,,AG027,MULE_LIKE,0,0,2013.49,22528.76,0,0
TXN-SYN-A9A9C8BD,CUST0290,2026-09-23 17:46:47,193.95,BILL_PAY,226,False,155,False,9.036897823598862,RCV0503,False,0,,,NORMAL,0,0,1569.86,-1375.91,0,0
TXN-SYN-52400CB3,CUST0037,2026-09-23 17:46:53,23478.59,SEND_MONEY,636,False,610,False,2.7143857763420023,RCV0998,True,0,,,MULE_LIKE,0,0,15741.49,7737.1,0,0
TXN-SYN-5F27135C,CUST0691,2026-09-23 17:48:39,15815.76,SEND_MONEY,112,True,68,False,6.854822224122971,RCV0096,True,0,,AG007,SCAM_LIKE,0,0,7910.23,7905.53,0,0
TXN-SYN-532C2E20,CUST0694,2026-09-23 17:49:17,24462.89,SEND_MONEY,691,False,636,False,6.272584006359782,RCV0844,True,0,,,SCAM_LIKE,0,1,1284.23,23178.66,0,0
TXN-SYN-E83ABB4D,CUST0523,2026-09-23 17:59:41,655.45,SEND_MONEY,1121,False,1085,False,5.212867904991895,RCV0319,False,0,,,NORMAL,0,0,12139.43,-11483.98,0,0
TXN-SYN-7DF4116B,CUST0276,2026-09-23 18:08:11,50.0,SEND_MONEY,1042,False,1041,False,1.689570411013186,RCV1084,False,0,,,NORMAL,0,1,17972.46,-17922.46,0,0
TXN-SYN-558788DB,CUST0156,2026-09-23 18:14:14,966.57,SEND_MONEY,586,False,579,False,8.030461265598735,RCV0871,False,0,,,NORMAL,0,0,13195.45,-12228.88,0,0
TXN-SYN-7B18BBB0,CUST0052,2026-09-23 18:21:02,2928.86,SEND_MONEY,930,False,914,False,1.1515167529470105,RCV0981,False,0,,,NORMAL,0,0,7973.83,-5044.97,0,0
TXN-SYN-10C35D45,CUST0299,2026-09-23 18:21:08,1137.16,SEND_MONEY,664,False,582,False,7.6053136496980125,RCV0157,False,0,,,NORMAL,0,0,8092.17,-6955.01,0,0
TXN-SYN-961702AB,CUST0507,2026-09-23 18:33:09,6536.53,SEND_MONEY,422,False,334,False,9.671153737567904,RCV0026,False,0,,,NORMAL,0,0,12184.92,-5648.39,0,0
TXN-SYN-C5D6BA60,CUST0329,2026-09-23 18:49:52,505.34,SEND_MONEY,444,False,442,False,2.892877470664926,RCV1002,False,0,,,NORMAL,0,1,10155.21,-9649.87,0,0
TXN-SYN-E43395AF,CUST0004,2026-09-23 18:50:01,1538.62,BILL_PAY,1384,False,1314,False,5.722876939442573,RCV0707,False,0,,,NORMAL,0,0,3487.63,-1949.01,0,0
TXN-SYN-D562CC4B,CUST0428,2026-09-23 18:58:28,5769.14,BILL_PAY,1412,False,1330,False,4.2074770236120775,RCV0999,False,0,,,NORMAL,0,0,9908.38,-4139.24,0,0
TXN-SYN-14386824,CUST0630,2026-09-23 18:58:58,27703.42,SEND_MONEY,1038,False,1006,False,5.422567291435616,RCV0997,True,0,,AG018,MULE_LIKE,0,0,10482.37,17221.05,0,0
TXN-SYN-428D4DEB,CUST0338,2026-09-23 19:14:33,253.82,BILL_PAY,1153,False,1126,False,9.098089819869653,RCV0944,False,0,,,NORMAL,0,0,3730.12,-3476.3,0,0
TXN-SYN-BB975F9B,CUST0415,2026-09-23 19:14:55,5802.34,CASH_OUT,1104,False,1068,False,0.2910145132297659,RCV0783,False,0,,AG011,NORMAL,0,0,10983.66,-5181.32,0,0
TXN-SYN-4B59B667,CUST0450,2026-09-23 19:21:30,2093.68,CASH_IN,1489,False,1473,False,7.2927983384110355,RCV0993,False,0,,AG002,NORMAL,0,0,4288.47,-2194.79,0,0
TXN-SYN-A8897BBA,CUST0676,2026-09-23 19:30:00,728.62,SEND_MONEY,400,False,329,False,7.00305592314476,RCV0193,False,2,,,NORMAL,0,0,12317.53,-11588.91,0,0
TXN-SYN-F841F1B7,CUST0580,2026-09-23 19:31:13,532.45,BILL_PAY,692,False,638,False,8.795580933107152,RCV0317,False,0,,,NORMAL,0,0,4656.57,-4124.12,0,0
TXN-SYN-B2D23D7E,CUST0469,2026-09-23 19:35:50,16312.67,SEND_MONEY,476,False,433,False,0.438009969578812,RCV0639,True,0,M024,,MULE_LIKE,0,0,2126.41,14186.26,0,0
TXN-SYN-CCD22276,CUST0602,2026-09-23 19:40:16,14922.01,SEND_MONEY,1040,False,1029,False,9.689529886532927,RCV1091,True,0,,,MULE_LIKE,0,0,14922.01,0.0,0,0
TXN-SYN-05C28714,CUST0312,2026-09-23 19:42:39,631.67,SEND_MONEY,539,False,533,False,2.578700035480086,RCV0292,False,0,,,NORMAL,0,0,9930.84,-9299.17,0,0
TXN-SYN-E4A4999C,CUST0522,2026-09-23 19:43:23,537.38,MERCHANT_PAYMENT,1379,False,1371,False,4.361265291353167,RCV0745,False,0,M021,,NORMAL,0,1,19076.5,-18539.12,0,0
TXN-SYN-DDE75D09,CUST0419,2026-09-23 19:44:13,413.23,SEND_MONEY,1153,False,1065,False,6.771274885739019,RCV1184,False,0,,,NORMAL,0,0,1298.81,-885.58,0,0
TXN-SYN-E1DFB6EC,CUST0382,2026-09-23 19:48:21,40867.03,CASH_OUT,224,False,224,False,1.8913331227592522,RCV0957,False,0,,AG016,NORMAL,0,1,17452.84,23414.19,0,0
TXN-SYN-78F7EB1A,CUST0696,2026-09-23 19:49:38,745.52,MOBILE_RECHARGE,1088,False,1052,False,3.9519124431255492,RCV0715,False,0,,,NORMAL,0,0,298.74,446.78,0,0
TXN-SYN-7FAEC8D8,CUST0015,2026-09-23 19:53:22,21086.41,SEND_MONEY,1298,True,1232,False,2.9122331857827612,RCV0996,True,0,,,SCAM_LIKE,0,1,8840.21,12246.2,0,0
TXN-SYN-76631CAD,CUST0366,2026-09-23 20:00:12,542.61,MERCHANT_PAYMENT,1039,False,981,False,1.3697450097106467,RCV0055,False,0,M047,,NORMAL,0,1,1523.48,-980.87,0,0
TXN-SYN-A4739230,CUST0352,2026-09-23 20:06:14,1584.18,CASH_IN,1213,False,1198,False,1.8234680587772278,RCV0223,False,0,,AG027,NORMAL,0,0,1878.18,-294.0,0,0
TXN-SYN-21D86684,CUST0461,2026-09-23 20:08:59,2453.42,CASH_OUT,234,False,193,False,6.980753687315865,RCV0337,False,0,,AG006,NORMAL,0,0,6468.62,-4015.2,0,0
TXN-SYN-AFDA85C4,CUST0451,2026-09-23 20:28:54,27021.27,SEND_MONEY,1178,False,1127,False,6.673986245608075,RCV0078,True,0,,,MULE_LIKE,0,0,14238.23,12783.04,0,0
TXN-SYN-4FA5D846,CUST0253,2026-09-23 20:41:41,36141.37,SEND_MONEY,881,False,832,False,8.54725029417387,RCV0787,False,0,,,NORMAL,0,0,576.14,35565.24,0,0
TXN-SYN-0DC0D51F,CUST0370,2026-09-23 20:43:31,524.0,CASH_OUT,355,False,303,False,8.635374720025972,RCV0296,False,0,,AG010,NORMAL,0,0,468.08,55.92,0,0
TXN-SYN-A9557500,CUST0596,2026-09-23 20:45:51,24090.55,SEND_MONEY,1240,False,1202,False,8.029178929602217,RCV0091,True,0,,,SCAM_LIKE,0,0,7948.84,16141.71,0,0
TXN-SYN-5A174E0A,CUST0222,2026-09-23 20:47:03,2395.97,MERCHANT_PAYMENT,1445,False,1379,False,5.9648783924815065,RCV0464,False,0,M008,,NORMAL,0,0,18351.42,-15955.45,0,0
TXN-SYN-6E058624,CUST0260,2026-09-23 20:52:13,20732.7,SEND_MONEY,191,False,118,False,3.12155254844121,RCV0199,True,0,,,SCAM_LIKE,0,0,8301.7,12431.0,0,0
TXN-SYN-0BBE8665,CUST0304,2026-09-23 21:07:06,27783.24,SEND_MONEY,953,False,906,False,4.5934520305874385,RCV0997,True,0,,,MULE_LIKE,0,0,5580.08,22203.16,0,0
TXN-SYN-F4478549,CUST0113,2026-09-23 21:13:44,1338.8,MERCHANT_PAYMENT,279,False,225,False,8.019962869653934,RCV0928,False,0,M040,,NORMAL,0,0,1929.4,-590.6,0,0
TXN-SYN-81A49A16,CUST0342,2026-09-23 21:15:33,50.0,BILL_PAY,271,False,234,False,7.964200182593585,RCV0448,False,0,,,NORMAL,0,0,7420.38,-7370.38,0,0
TXN-SYN-90354407,CUST0767,2026-09-23 21:18:35,5558.74,CASH_IN,751,False,711,False,7.02739488390535,RCV1189,False,0,,AG016,NORMAL,0,0,19805.03,-14246.29,0,0
TXN-SYN-C9A756BC,CUST0638,2026-09-23 21:22:45,12931.89,CASH_OUT,625,False,567,False,2.5243694434402073,RCV0055,False,0,,AG014,NORMAL,0,0,11031.64,1900.25,0,0
TXN-SYN-CFF5379D,CUST0402,2026-09-23 21:32:36,653.71,MERCHANT_PAYMENT,427,False,399,False,6.6932641277357385,RCV0823,False,0,M045,,NORMAL,0,1,789.29,-135.58,0,0
TXN-SYN-5F74C9BE,CUST0063,2026-09-23 21:42:19,272.06,BILL_PAY,409,False,371,False,8.337883312986419,RCV0282,False,0,,,NORMAL,0,0,660.4,-388.34,0,0
TXN-SYN-D7253ACD,CUST0323,2026-09-23 21:44:12,22509.77,SEND_MONEY,1267,True,1217,False,2.48539820927426,RCV1038,True,0,M018,,SCAM_LIKE,0,0,2480.24,20029.53,0,0
TXN-SYN-595230DC,CUST0474,2026-09-23 21:44:37,2143.3,SEND_MONEY,279,False,252,False,1.4006104071923253,RCV0568,False,0,,,NORMAL,0,0,11828.48,-9685.18,0,0
TXN-SYN-60322B06,CUST0096,2026-09-23 21:48:07,44469.6,SEND_MONEY,103,False,101,False,6.845128492021847,RCV0393,True,0,,,MULE_LIKE,0,0,3132.49,41337.11,0,0
TXN-SYN-1B657143,CUST0360,2026-09-23 21:50:38,2560.13,CASH_OUT,826,False,818,False,8.1890227651413,RCV1181,False,0,,AG020,NORMAL,0,0,4476.31,-1916.18,0,0
TXN-SYN-F5B31A22,CUST0491,2026-09-23 22:02:27,39072.76,CASH_OUT,1220,False,1174,True,20.94018076783876,RCV1083,False,0,,AG029,CASH_OUT_RISK,0,0,11043.22,28029.54,0,0
TXN-SYN-0F5BC1A4,CUST0078,2026-09-23 23:05:27,24528.12,CASH_OUT,1280,False,1204,True,66.75489516971767,RCV0414,False,0,M026,AG001,CASH_OUT_RISK,0,1,16204.3,8323.81,0,0
TXN-SYN-7E093B11,CUST0139,2026-09-24 00:19:19,846.7484022357695,CASH_OUT,57,True,2,True,159.05916281154305,RCV0729,False,3,,AG008,ACCOUNT_TAKEOVER_LIKE,0,0,8854.83,-8008.09,0,0
TXN-SYN-F5F6F06A,CUST0379,2026-09-24 00:34:46,9733.767662242153,SEND_MONEY,36,True,2,True,354.5596915007591,RCV0825,False,3,,,ACCOUNT_TAKEOVER_LIKE,0,0,7927.53,1806.24,0,0
TXN-SYN-6C7A07C6,CUST0214,2026-09-24 01:04:17,829.5430649104222,CASH_OUT,37,True,0,True,96.4046130836341,RCV0214,False,2,,AG009,ACCOUNT_TAKEOVER_LIKE,0,0,4262.4,-3432.86,0,0
TXN-SYN-E811A814,CUST0146,2026-09-24 01:23:03,49743.91,CASH_OUT,1196,False,1151,True,87.13320663069531,RCV0564,False,0,,AG017,CASH_OUT_RISK,0,1,9905.96,39837.95,0,0
TXN-SYN-7A69BB78,CUST0239,2026-09-24 01:57:13,22773.25,CASH_OUT,801,False,732,True,38.58387490519405,RCV0814,False,0,,AG017,CASH_OUT_RISK,0,0,15726.67,7046.58,0,0
TXN-SYN-32A643D3,CUST0655,2026-09-24 02:26:40,28483.15,CASH_OUT,824,False,749,True,99.3830554377739,RCV0148,False,0,,AG021,CASH_OUT_RISK,0,0,2732.15,25751.0,0,0
TXN-SYN-40DFA4B7,CUST0515,2026-09-24 02:38:41,42753.46,CASH_OUT,1046,False,1011,True,67.81788522046915,RCV0731,False,0,,AG003,CASH_OUT_RISK,0,0,4827.63,37925.83,0,0
TXN-SYN-5BDC2233,CUST0572,2026-09-24 02:40:40,25305.99,CASH_OUT,397,False,378,True,73.95690267554988,RCV0601,False,0,,AG005,CASH_OUT_RISK,0,0,1104.82,24201.17,0,0
TXN-SYN-B8175F5C,CUST0405,2026-09-24 02:58:13,35965.25,CASH_OUT,843,False,828,True,80.0922694538479,RCV0241,False,0,,AG018,CASH_OUT_RISK,0,2,6790.35,29174.9,0,1
TXN-SYN-A7AD558A,CUST0432,2026-09-24 03:04:55,15252.86,CASH_OUT,935,False,901,True,66.11411214889003,RCV1192,False,0,,AG025,CASH_OUT_RISK,0,0,5146.62,10106.24,0,0
TXN-SYN-41FC21AE,CUST0339,2026-09-24 03:08:46,39415.77535852519,CASH_IN,64,True,0,True,256.907090337412,RCV1164,False,3,,AG001,ACCOUNT_TAKEOVER_LIKE,0,0,6710.17,32705.6,0,0
TXN-SYN-BC55D350,CUST0727,2026-09-24 03:14:05,2657.610371582804,CASH_OUT,35,True,0,True,294.8900009511325,RCV1005,False,2,,AG023,ACCOUNT_TAKEOVER_LIKE,0,1,11803.15,-9145.54,0,0
TXN-SYN-20C3A7FF,CUST0434,2026-09-24 03:19:51,8791.327018354048,SEND_MONEY,37,True,2,True,390.5118299603032,RCV0118,False,2,,,ACCOUNT_TAKEOVER_LIKE,0,0,407.96,8383.37,0,0
TXN-SYN-9F824279,CUST0029,2026-09-24 03:51:11,25009.28,CASH_OUT,1160,False,1071,True,85.60439321745663,RCV0250,False,0,,AG004,CASH_OUT_RISK,0,0,10932.11,14077.17,0,0
TXN-SYN-46FE9284,CUST0280,2026-09-24 04:44:25,1181.8701688503163,MOBILE_RECHARGE,63,True,2,True,173.95605956217662,RCV0178,False,2,,,ACCOUNT_TAKEOVER_LIKE,0,0,21308.29,-20126.42,0,0
TXN-SYN-F69BA44A,CUST0316,2026-09-24 05:22:04,316.28517807704145,SEND_MONEY,79,True,2,True,122.21253076451245,RCV0590,False,5,,,ACCOUNT_TAKEOVER_LIKE,0,0,3062.21,-2745.92,0,0
TXN-SYN-AC2FBCF8,CUST0780,2026-09-24 05:35:18,7643.185452254264,SEND_MONEY,20,True,0,True,270.1858882265909,RCV0893,False,5,,,ACCOUNT_TAKEOVER_LIKE,0,0,18553.02,-10909.83,0,0
TXN-SYN-05D1C25C,CUST0326,2026-09-24 08:08:54,738.85,CASH_OUT,180,False,127,False,2.5732379876995104,RCV0034,False,0,,AG006,NORMAL,0,0,20905.29,-20166.44,0,0
TXN-SYN-6DC0A3FC,CUST0223,2026-09-24 08:13:20,48503.74,SEND_MONEY,646,False,633,False,6.598208426933947,RCV0973,False,0,,,NORMAL,0,0,24071.92,24431.82,0,0
TXN-SYN-D0D0BBED,CUST0718,2026-09-24 08:35:15,26876.22,SEND_MONEY,839,False,752,False,5.870258819337626,RCV0403,True,0,,,MULE_LIKE,0,0,5242.12,21634.1,0,0
TXN-SYN-7AB56F89,CUST0658,2026-09-24 08:58:27,390.32,CASH_OUT,188,False,143,False,8.174809350901404,RCV0727,False,0,,AG017,NORMAL,0,0,1500.38,-1110.06,0,0
TXN-SYN-3556B90D,CUST0695,2026-09-24 09:07:55,31523.24,MOBILE_RECHARGE,279,False,225,False,7.817523101799436,RCV1001,False,0,,,NORMAL,0,0,30127.47,1395.77,0,0
TXN-SYN-F403962F,CUST0495,2026-09-24 09:10:10,20934.83,SEND_MONEY,616,False,615,False,8.152928705558761,RCV0682,True,2,,,MULE_LIKE,0,1,9703.01,11231.82,0,0
TXN-SYN-97478FB5,CUST0685,2026-09-24 09:18:37,3869.45,SEND_MONEY,1354,False,1348,False,1.9538546461484174,RCV0957,False,0,,,NORMAL,0,0,14059.64,-10190.19,0,0
TXN-SYN-0B8F0444,CUST0154,2026-09-24 09:35:23,974.84,SEND_MONEY,101,False,24,False,2.2428434461024302,RCV0045,False,0,,,NORMAL,0,0,6709.5,-5734.66,0,0
TXN-SYN-53577B92,CUST0235,2026-09-24 09:38:12,757.63,CASH_OUT,574,False,499,False,3.933122012395509,RCV0584,False,0,,AG025,NORMAL,0,0,2988.01,-2230.38,0,0
TXN-SYN-87A7AD7A,CUST0768,2026-09-24 09:44:59,7274.4,SEND_MONEY,1438,False,1405,False,5.631614455496842,RCV0629,False,0,,,NORMAL,0,0,1468.38,5806.02,0,0
TXN-SYN-D4095EA4,CUST0005,2026-09-24 09:55:12,79.88,MOBILE_RECHARGE,790,False,722,False,3.2807921789716654,RCV0904,False,0,,,NORMAL,0,0,11124.03,-11044.16,1,0
TXN-SYN-3EC202BF,CUST0324,2026-09-24 09:57:34,2777.89,MERCHANT_PAYMENT,1476,False,1463,False,3.7092366015897618,RCV1183,False,1,M028,,NORMAL,0,0,30303.94,-27526.05,0,0
TXN-SYN-40F82A8D,CUST0623,2026-09-24 10:10:24,950.81,CASH_IN,144,False,127,False,5.663907206310974,RCV1108,False,0,,AG008,NORMAL,0,0,9103.66,-8152.85,0,0
TXN-SYN-F5A05450,CUST0661,2026-09-24 10:11:45,8375.46,BILL_PAY,924,False,872,False,1.9950483585435608,RCV1183,False,0,,,NORMAL,0,0,11789.88,-3414.42,0,0
TXN-SYN-619DD955,CUST0044,2026-09-24 10:16:28,11969.52,MOBILE_RECHARGE,291,False,207,False,3.1934424002769566,RCV0710,False,0,,,NORMAL,0,0,11210.41,759.11,0,0
TXN-SYN-D7B89DC5,CUST0143,2026-09-24 10:17:21,55.0,SEND_MONEY,374,False,309,False,7.39563248111268,RCV0631,False,0,,,NORMAL,0,0,13371.88,-13316.88,0,0
TXN-SYN-60442EED,CUST0697,2026-09-24 10:19:28,2555.89,MERCHANT_PAYMENT,1329,False,1248,False,7.819636499714103,RCV0417,False,0,M034,,NORMAL,0,0,7943.46,-5387.57,0,0
TXN-SYN-62AA56FC,CUST0228,2026-09-24 10:25:19,3687.96,SEND_MONEY,1237,False,1175,False,9.717783292063803,RCV1001,False,1,,,NORMAL,0,0,6932.58,-3244.62,0,0
TXN-SYN-4CEED38F,CUST0515,2026-09-24 10:29:08,978.55,MERCHANT_PAYMENT,1382,False,1320,False,0.6890088109852621,RCV0668,False,0,M033,,NORMAL,0,1,10245.61,-9267.06,0,1
TXN-SYN-65873BF5,CUST0144,2026-09-24 10:30:23,6468.38,SEND_MONEY,563,False,486,False,9.740641242251492,RCV1187,True,0,,,SCAM_LIKE,0,0,12072.78,-5604.4,0,0
TXN-SYN-597A5FC9,CUST0167,2026-09-24 10:35:24,3939.83,SEND_MONEY,992,False,905,False,5.213770214737412,RCV0770,False,0,,,NORMAL,0,0,7245.12,-3305.29,0,0
TXN-SYN-77275435,CUST0793,2026-09-24 10:37:15,11923.5,SEND_MONEY,1414,False,1382,False,0.02140919345475223,RCV0421,True,0,,AG024,SCAM_LIKE,0,0,1780.05,10143.45,0,0
TXN-SYN-882B9B22,CUST0690,2026-09-24 10:43:03,237.43,SEND_MONEY,631,False,610,False,5.624184054329758,RCV0772,False,0,,,NORMAL,0,0,6522.78,-6285.35,0,0
TXN-SYN-E3636050,CUST0220,2026-09-24 10:49:00,24961.13,SEND_MONEY,795,False,709,False,7.40295973621342,RCV0606,True,0,M015,,MULE_LIKE,0,1,3774.86,21186.27,0,0
TXN-SYN-57BCBB45,CUST0201,2026-09-24 10:49:47,284.56,CASH_IN,358,False,304,False,0.4352018535576274,RCV1044,False,0,,AG009,NORMAL,0,0,3477.05,-3192.49,0,0
TXN-SYN-226D6ABB,CUST0088,2026-09-24 10:50:37,363.23,MOBILE_RECHARGE,1146,False,1121,False,7.480130728168776,RCV1198,False,0,,,NORMAL,0,0,14404.45,-14041.22,0,0
TXN-SYN-D8270AA8,CUST0093,2026-09-24 11:09:01,40797.34,SEND_MONEY,396,False,345,False,9.776744141287075,RCV1070,True,0,,,MULE_LIKE,0,0,7473.11,33324.23,0,0
TXN-SYN-0738CEBF,CUST0275,2026-09-24 11:09:02,3840.99,MOBILE_RECHARGE,280,False,241,False,8.028241647126567,RCV0966,False,0,,,NORMAL,0,0,11323.21,-7482.22,0,0
TXN-SYN-04D44E7D,CUST0780,2026-09-24 11:09:50,1661.41,SEND_MONEY,535,False,499,False,0.7754561273824634,RCV0793,False,0,,,NORMAL,0,1,15825.56,-14164.15,0,0
TXN-SYN-93768015,CUST0768,2026-09-24 11:19:35,24423.99,SEND_MONEY,138,False,114,False,3.5542853050794934,RCV0561,True,0,,AG017,SCAM_LIKE,0,1,2436.05,21987.94,0,0
TXN-SYN-865CF057,CUST0164,2026-09-24 11:22:26,210.32,SEND_MONEY,1115,False,1087,False,7.233586117188128,RCV0457,False,0,,,NORMAL,0,0,9412.78,-9202.46,0,0
TXN-SYN-3AC46C95,CUST0231,2026-09-24 11:25:25,2555.94,CASH_OUT,355,False,354,False,6.1025106173192185,RCV0694,False,0,,AG027,NORMAL,0,0,22751.41,-20195.47,0,0
TXN-SYN-779542E9,CUST0456,2026-09-24 11:27:12,5330.42,SEND_MONEY,148,False,96,False,3.127412324376333,RCV1196,False,0,,,NORMAL,0,0,16714.7,-11384.28,0,0
TXN-SYN-A97E017B,CUST0223,2026-09-24 11:28:22,2650.35,CASH_OUT,177,False,160,False,9.02597445145982,RCV1101,False,0,,AG002,NORMAL,0,1,28958.28,-26307.93,0,0
TXN-SYN-ABEEDF5E,CUST0469,2026-09-24 11:35:05,642.97,MOBILE_RECHARGE,1105,False,1054,False,3.169636536980016,RCV0848,False,0,,,NORMAL,0,1,4153.01,-3510.04,0,0
TXN-SYN-79D03448,CUST0438,2026-09-24 11:37:28,3550.75,SEND_MONEY,1380,False,1354,False,0.8062095217578324,RCV0136,False,0,,,NORMAL,0,0,11029.65,-7478.9,0,0
TXN-SYN-71A9F175,CUST0771,2026-09-24 11:49:56,7391.52,CASH_OUT,1087,False,1009,False,2.8103808138102826,RCV0255,False,0,,AG005,NORMAL,0,1,16044.89,-8653.37,0,0
TXN-SYN-77F2FAFF,CUST0478,2026-09-24 11:51:01,34721.3,SEND_MONEY,1027,False,1015,False,8.41214145511053,RCV0975,True,0,,,MULE_LIKE,0,0,1161.7,33559.6,0,0
TXN-SYN-77E2A311,CUST0493,2026-09-24 11:57:40,6168.51,CASH_OUT,210,False,186,False,9.137998685170182,RCV1089,False,0,,AG020,NORMAL,0,0,6301.88,-133.37,0,0
TXN-SYN-B07E1667,CUST0231,2026-09-24 11:59:15,1729.19,MOBILE_RECHARGE,1113,False,1100,False,7.678609231258553,RCV0614,False,0,,,NORMAL,1,1,20226.98,-18497.79,0,1
TXN-SYN-C22E4BD4,CUST0509,2026-09-24 12:11:34,2147.39,SEND_MONEY,460,False,397,False,4.512153132783963,RCV0943,False,0,,,NORMAL,0,0,21010.66,-18863.27,0,0
TXN-SYN-56E32AAC,CUST0599,2026-09-24 12:17:28,4408.4,CASH_OUT,1436,False,1403,False,0.4246916194700401,RCV0022,False,0,,AG014,NORMAL,0,0,11844.37,-7435.97,0,0
TXN-SYN-4823A4C6,CUST0682,2026-09-24 12:25:14,15826.48,SEND_MONEY,138,False,91,False,2.163902383410089,RCV0243,True,1,,,SCAM_LIKE,0,0,7936.89,7889.59,0,0
TXN-SYN-76F59E24,CUST0052,2026-09-24 12:35:15,3417.24,CASH_OUT,770,False,700,False,9.056796353769807,RCV0228,False,0,,AG011,NORMAL,0,1,7413.28,-3996.04,0,0
TXN-SYN-D0EE3C6E,CUST0452,2026-09-24 12:42:59,17607.84,SEND_MONEY,146,True,85,False,3.9372558523589953,RCV0945,True,0,,,SCAM_LIKE,0,0,10644.87,6962.97,0,0
TXN-SYN-F8D2AE0D,CUST0336,2026-09-24 12:56:46,671.85,SEND_MONEY,1191,False,1138,False,9.136695974427194,RCV1139,False,0,,,NORMAL,0,0,1544.52,-872.67,0,0
TXN-SYN-B5B8ED8A,CUST0163,2026-09-24 12:57:26,70.75,MOBILE_RECHARGE,1190,False,1141,False,3.0769224365307313,RCV0348,False,0,,,NORMAL,0,0,7942.04,-7871.29,0,0
TXN-SYN-E267A753,CUST0446,2026-09-24 12:58:12,1438.57,BILL_PAY,872,False,847,False,4.920868988476359,RCV1065,False,0,,,NORMAL,0,0,1705.85,-267.28,0,0
TXN-SYN-E4F86038,CUST0783,2026-09-24 13:19:19,551.53,BILL_PAY,702,False,637,False,1.3062429180973534,RCV0502,False,0,,,NORMAL,0,0,10773.92,-10222.39,0,0
TXN-SYN-ACA053A5,CUST0665,2026-09-24 13:35:36,8073.62,SEND_MONEY,1179,False,1143,False,3.1937232601622902,RCV1176,True,0,,,SCAM_LIKE,0,0,2605.24,5468.38,0,0
TXN-SYN-10B200CD,CUST0036,2026-09-24 13:48:57,1834.03,SEND_MONEY,264,False,252,False,5.297684675304803,RCV0302,False,0,,,NORMAL,0,0,10983.85,-9149.82,0,0
TXN-SYN-D6DBF4FB,CUST0330,2026-09-24 13:49:20,24978.1,SEND_MONEY,1410,False,1367,False,9.553280368375246,RCV0096,True,0,,,SCAM_LIKE,0,0,3686.57,21291.53,0,0
TXN-SYN-A11F6629,CUST0121,2026-09-24 13:49:44,256.67,MERCHANT_PAYMENT,1460,False,1421,False,0.8025811998580301,RCV0488,False,0,M014,,NORMAL,0,0,22503.69,-22247.02,0,0
TXN-SYN-C3AEFB75,CUST0476,2026-09-24 13:50:35,41693.99,SEND_MONEY,202,False,114,False,3.5043242579095404,RCV0303,True,0,,AG027,MULE_LIKE,0,0,492.17,41201.82,0,0
TXN-SYN-EA12DEE2,CUST0407,2026-09-24 13:54:48,539.43,SEND_MONEY,1414,False,1386,False,3.796160362499622,RCV0003,False,0,,,NORMAL,0,0,19625.43,-19086.0,0,0
TXN-SYN-805ABA2A,CUST0777,2026-09-24 13:59:38,993.78,SEND_MONEY,729,False,692,False,0.08938577568048167,RCV0743,False,0,,,NORMAL,0,1,7059.69,-6065.91,0,0
TXN-SYN-C9AEB64E,CUST0568,2026-09-24 14:14:49,244.73,CASH_IN,1093,False,1016,False,1.2251914253709384,RCV0309,False,0,,AG026,NORMAL,0,0,14250.79,-14006.06,0,0
TXN-SYN-75347541,CUST0401,2026-09-24 14:20:37,2702.58,SEND_MONEY,964,False,876,False,7.768798264305739,RCV1010,False,0,,,NORMAL,0,0,1648.51,1054.07,0,0
TXN-SYN-3C94D6CF,CUST0326,2026-09-24 14:25:54,429.82,SEND_MONEY,1174,False,1129,False,6.622500713806502,RCV0864,False,0,,,NORMAL,0,1,16872.01,-16442.19,0,1
TXN-SYN-D3A01766,CUST0450,2026-09-24 14:28:06,556.61,SEND_MONEY,766,False,733,False,9.93255015422964,RCV1196,False,0,,,NORMAL,0,1,3974.93,-3418.32,0,0
TXN-SYN-9B5BC95B,CUST0078,2026-09-24 14:28:49,5663.93,SEND_MONEY,1324,False,1322,False,9.168232920234201,RCV0345,True,0,,,SCAM_LIKE,0,1,18978.91,-13314.98,0,1
TXN-SYN-04B057A8,CUST0455,2026-09-24 14:30:29,129.79,SEND_MONEY,1293,False,1243,False,8.503456614668663,RCV1170,False,0,,,NORMAL,0,0,286.37,-156.58,0,0
TXN-SYN-04083DD8,CUST0571,2026-09-24 14:30:38,808.38,MOBILE_RECHARGE,564,False,530,False,6.629958963989008,RCV1066,False,0,,,NORMAL,0,0,9530.14,-8721.76,0,0
TXN-SYN-BB321A55,CUST0348,2026-09-24 14:31:55,2089.47,CASH_OUT,1287,False,1274,False,7.594793021797209,RCV0499,False,0,,AG022,NORMAL,0,0,8251.08,-6161.61,0,0
TXN-SYN-68DFD305,CUST0540,2026-09-24 14:32:26,800.7,CASH_OUT,691,False,604,False,7.98679466935382,RCV0875,False,0,,AG028,NORMAL,0,0,22026.38,-21225.68,0,0
TXN-SYN-CEDD943D,CUST0410,2026-09-24 14:34:29,2896.08,SEND_MONEY,182,False,97,False,5.555495698856198,RCV0839,False,0,,,NORMAL,0,0,2601.72,294.36,0,0
TXN-SYN-3C8D423C,CUST0490,2026-09-24 14:36:01,1882.77,MOBILE_RECHARGE,1265,False,1176,False,8.571280644658488,RCV0222,False,0,,,NORMAL,0,0,8816.79,-6934.02,0,0
TXN-SYN-DE00EC57,CUST0655,2026-09-24 14:37:45,9893.1,SEND_MONEY,846,True,826,False,8.693523009923474,RCV0258,True,0,M025,,SCAM_LIKE,0,1,9169.9,723.2,0,1
TXN-SYN-FF210E1A,CUST0001,2026-09-24 14:56:48,5433.28,CASH_OUT,1325,False,1305,False,7.26551176872281,RCV0773,False,0,,AG013,NORMAL,0,0,3355.19,2078.09,0,0
TXN-SYN-14EF8EFC,CUST0449,2026-09-24 15:04:04,280.16,MERCHANT_PAYMENT,1168,False,1101,False,8.7277755520538,RCV0644,False,2,M046,,NORMAL,0,1,18429.51,-18149.35,0,0
TXN-SYN-A60DC020,CUST0147,2026-09-24 15:06:40,809.24,CASH_OUT,1266,False,1230,False,6.295103221526497,RCV0380,False,0,,AG008,NORMAL,0,0,616.77,192.47,0,0
TXN-SYN-2E613803,CUST0210,2026-09-24 15:12:03,1401.28,CASH_IN,822,False,733,False,1.8691196479057592,RCV0657,False,0,,AG028,NORMAL,0,0,6331.23,-4929.95,0,0
TXN-SYN-6EA97378,CUST0050,2026-09-24 15:23:32,302.41,SEND_MONEY,1371,False,1302,False,6.141862443190114,RCV0241,False,0,,,NORMAL,0,0,8055.5,-7753.09,0,0
TXN-SYN-2C5D3587,CUST0051,2026-09-24 15:30:01,275.14,SEND_MONEY,1368,False,1305,False,0.5127033246315327,RCV0014,False,0,,,NORMAL,0,0,11468.85,-11193.71,0,0
TXN-SYN-4CC6E76E,CUST0574,2026-09-24 15:31:33,234.63,SEND_MONEY,1347,False,1272,False,9.836750063478135,RCV1181,False,0,,,NORMAL,0,0,8747.34,-8512.71,0,0
TXN-SYN-662079C3,CUST0253,2026-09-24 15:33:21,2222.31,CASH_IN,106,False,36,False,1.4778413347831776,RCV0016,False,0,,AG023,NORMAL,0,1,12431.21,-10208.9,0,0
TXN-SYN-62799365,CUST0687,2026-09-24 15:43:43,1628.07,MERCHANT_PAYMENT,912,False,882,False,2.1115688139235855,RCV0490,False,0,M002,,NORMAL,0,0,1232.05,396.02,0,0
TXN-SYN-DE1E6E75,CUST0327,2026-09-24 16:00:01,50.0,CASH_IN,429,False,410,False,3.6964311762252144,RCV0319,False,0,,AG020,NORMAL,0,0,13516.02,-13466.02,0,0
TXN-SYN-4EC5CBDD,CUST0565,2026-09-24 16:17:25,30312.8,SEND_MONEY,136,False,99,False,9.482070618154644,RCV0997,True,0,,,MULE_LIKE,0,0,4361.36,25951.44,0,0
TXN-SYN-B8E0BE70,CUST0167,2026-09-24 16:19:15,35186.91,SEND_MONEY,1383,False,1296,False,0.2084523980770081,RCV0269,True,0,,,MULE_LIKE,0,1,6914.59,28272.32,0,0
TXN-SYN-79341D1B,CUST0714,2026-09-24 16:23:45,2073.38,SEND_MONEY,526,False,452,False,5.745100995248622,RCV0674,False,2,,,NORMAL,0,0,16280.52,-14207.14,0,0
TXN-SYN-B4C9D614,CUST0413,2026-09-24 16:25:12,118.72,SEND_MONEY,1312,False,1251,False,3.4648060982824456,RCV0067,False,1,,,NORMAL,0,0,8097.29,-7978.57,0,0
TXN-SYN-5E4D9E0F,CUST0429,2026-09-24 16:31:27,28496.54,SEND_MONEY,880,False,817,False,8.213388987280553,RCV0998,True,0,,,MULE_LIKE,0,0,16248.27,12248.27,0,0
TXN-SYN-D0845986,CUST0255,2026-09-24 16:33:09,2925.32,MERCHANT_PAYMENT,1437,False,1397,False,0.5239129559486122,RCV0029,False,0,M047,,NORMAL,0,0,8171.65,-5246.33,0,0
TXN-SYN-A3D28EEB,CUST0719,2026-09-24 16:37:22,855.39,CASH_OUT,1046,False,1000,False,6.164281773718701,RCV0499,False,0,,AG025,NORMAL,0,0,6692.41,-5837.02,0,0
TXN-SYN-09B7CC36,CUST0233,2026-09-24 16:38:01,1622.27,SEND_MONEY,1236,False,1175,False,9.717820827209607,RCV0683,False,1,,,NORMAL,0,0,5755.96,-4133.69,0,0
TXN-SYN-86A5D49D,CUST0177,2026-09-24 16:42:50,2202.34,MOBILE_RECHARGE,694,False,679,False,6.261688170886166,RCV1013,False,0,,,NORMAL,0,0,2184.18,18.16,0,0
TXN-SYN-A0FB0995,CUST0235,2026-09-24 16:43:29,19412.54,SEND_MONEY,413,True,331,False,9.957808921681421,RCV0940,True,0,,,SCAM_LIKE,0,1,2709.21,16703.33,0,1
TXN-SYN-8D4F971D,CUST0298,2026-09-24 16:44:27,8428.06,MERCHANT_PAYMENT,903,False,871,False,6.022001233327833,RCV0072,False,0,M006,,NORMAL,0,0,6042.83,2385.23,0,0
TXN-SYN-38C5C5AC,CUST0213,2026-09-24 16:45:43,101.09,MOBILE_RECHARGE,790,False,708,False,3.5156241761085916,RCV0440,False,2,,,NORMAL,0,0,5679.22,-5578.13,0,0
TXN-SYN-F0C37461,CUST0560,2026-09-24 17:01:52,2486.23,SEND_MONEY,249,False,177,False,8.037549475691906,RCV1187,False,0,,,NORMAL,0,0,10587.93,-8101.7,0,0
TXN-SYN-83E5FCAD,CUST0214,2026-09-24 17:05:27,473.74,CASH_IN,820,False,786,False,4.594686201615459,RCV0742,False,0,,AG023,NORMAL,0,1,3880.97,-3407.23,0,1
TXN-SYN-370E508D,CUST0513,2026-09-24 17:08:45,20989.5,SEND_MONEY,1016,False,972,False,6.153844265877504,RCV0997,True,0,,,MULE_LIKE,0,0,658.97,20330.53,0,0
TXN-SYN-C8174F9B,CUST0779,2026-09-24 17:10:41,9552.34,CASH_IN,801,False,718,False,5.2450848195463955,RCV0223,False,2,,AG019,NORMAL,0,0,13748.99,-4196.65,0,0
TXN-SYN-22F5FBDB,CUST0027,2026-09-24 17:23:36,7632.82,CASH_OUT,729,False,726,False,0.36944685951663114,RCV0696,False,0,,AG021,NORMAL,0,0,5340.7,2292.12,0,0
TXN-SYN-C6121AB6,CUST0376,2026-09-24 17:24:37,8668.87,SEND_MONEY,726,True,682,False,0.2666180224232828,RCV0187,True,0,,,SCAM_LIKE,0,0,300.23,8368.64,0,0
TXN-SYN-B9BF5FA9,CUST0080,2026-09-24 17:52:47,1270.26,BILL_PAY,647,False,597,False,6.903969779917355,RCV0487,False,0,,,NORMAL,0,0,5231.88,-3961.62,0,0
TXN-SYN-A1D8FC88,CUST0759,2026-09-24 17:56:08,2175.39,BILL_PAY,418,False,342,False,2.216546749371168,RCV0688,False,0,,,NORMAL,0,0,3023.33,-847.94,0,0
TXN-SYN-D19D0CF4,CUST0547,2026-09-24 17:56:28,4119.55,SEND_MONEY,555,False,508,False,0.9539927731321063,RCV1179,False,0,,,NORMAL,0,0,234.55,3885.0,0,0
TXN-SYN-FAA2A008,CUST0046,2026-09-24 18:35:53,2291.04,MERCHANT_PAYMENT,843,False,761,False,0.9473896826262951,RCV1083,False,0,M018,,NORMAL,0,0,9594.3,-7303.26,0,0
TXN-SYN-B0DE2824,CUST0415,2026-09-24 18:39:41,189.04,SEND_MONEY,1151,False,1147,False,8.581575947955507,RCV0534,False,0,,,NORMAL,0,1,10465.53,-10276.49,0,1
TXN-SYN-126C7824,CUST0073,2026-09-24 18:46:23,3280.52,MOBILE_RECHARGE,569,False,490,False,2.699202854649033,RCV0634,False,0,,,NORMAL,0,0,4291.03,-1010.51,0,0
TXN-SYN-074CD585,CUST0518,2026-09-24 18:56:36,1212.56,MERCHANT_PAYMENT,298,False,278,False,0.5225787928602377,RCV1093,False,0,M013,,NORMAL,0,0,2659.51,-1446.95,0,0
TXN-SYN-C0DD0BBC,CUST0529,2026-09-24 19:00:33,17644.42,SEND_MONEY,394,True,346,False,2.5258997749181757,RCV0070,True,0,,AG018,SCAM_LIKE,0,0,7424.36,10220.06,0,0
TXN-SYN-CF0662A1,CUST0280,2026-09-24 19:01:55,77.2,MERCHANT_PAYMENT,342,False,303,False,2.889909319419414,RCV0226,False,0,M009,,NORMAL,0,1,17953.88,-17876.68,0,0
TXN-SYN-0BC0C0A3,CUST0196,2026-09-24 19:11:14,1253.8,SEND_MONEY,488,False,445,False,2.266412981339414,RCV0594,False,0,,,NORMAL,0,0,35058.46,-33804.66,0,0
TXN-SYN-3B56283E,CUST0629,2026-09-24 19:13:13,618.64,CASH_OUT,1488,False,1427,False,9.917886474413313,RCV1016,False,0,,AG025,NORMAL,0,0,5057.23,-4438.59,0,0
TXN-SYN-77A3B3D6,CUST0117,2026-09-24 19:20:24,210.14,MERCHANT_PAYMENT,757,False,737,False,4.878766059980595,RCV1028,False,0,M046,,NORMAL,0,0,10653.34,-10443.2,0,0
TXN-SYN-894709EB,CUST0129,2026-09-24 19:30:33,4325.79,SEND_MONEY,1013,False,925,False,0.3605350411235375,RCV0362,False,0,,,NORMAL,0,0,879.31,3446.48,0,0
TXN-SYN-B5D7B6AB,CUST0599,2026-09-24 19:48:27,3849.24,CASH_IN,634,False,616,False,8.155428014951248,RCV0769,False,0,,AG026,NORMAL,0,1,10605.04,-6755.8,0,1
TXN-SYN-CD83CF1D,CUST0266,2026-09-24 20:01:53,40400.22,SEND_MONEY,1391,False,1355,False,2.390663840750297,RCV0484,True,0,,,MULE_LIKE,0,0,4101.16,36299.06,0,0
TXN-SYN-31478A84,CUST0463,2026-09-24 20:05:20,14614.28,SEND_MONEY,748,True,732,False,2.5775521562810964,RCV0045,True,0,,,SCAM_LIKE,0,0,9513.06,5101.23,0,0
TXN-SYN-DA9C8F36,CUST0468,2026-09-24 20:09:12,2800.1,SEND_MONEY,661,False,572,False,5.3370037341517165,RCV0419,False,0,,,NORMAL,0,0,2995.01,-194.91,0,0
TXN-SYN-0EEE1308,CUST0397,2026-09-24 20:10:59,2435.9,BILL_PAY,1308,False,1290,False,5.942321252412441,RCV0898,False,2,,,NORMAL,0,0,8124.45,-5688.55,0,0
TXN-SYN-6CF56E16,CUST0421,2026-09-24 20:12:12,6419.54,SEND_MONEY,164,False,127,False,8.264086383102857,RCV0389,False,0,,,NORMAL,0,0,8057.98,-1638.44,0,0
TXN-SYN-2AD92375,CUST0603,2026-09-24 20:20:07,100.33,BILL_PAY,395,False,322,False,8.506858723247602,RCV1196,False,0,,,NORMAL,0,0,10515.31,-10414.98,0,0
TXN-SYN-1AC61B9A,CUST0293,2026-09-24 20:21:04,568.48,CASH_IN,915,False,839,False,4.309708425052828,RCV0028,False,0,,AG016,NORMAL,0,0,2674.12,-2105.64,0,0
TXN-SYN-120CF34F,CUST0293,2026-09-24 20:28:30,4169.23,CASH_OUT,780,False,753,False,3.604162426774973,RCV0214,False,0,,AG001,NORMAL,1,1,2410.92,1758.31,0,0
TXN-SYN-FE0BF111,CUST0781,2026-09-24 20:37:18,1649.97,SEND_MONEY,931,False,883,False,2.70978213958705,RCV1031,False,0,,,NORMAL,0,0,1729.03,-79.06,0,0
TXN-SYN-678B9A02,CUST0114,2026-09-24 20:38:53,635.63,MOBILE_RECHARGE,1411,False,1322,False,0.09642614337482369,RCV0083,False,0,,,NORMAL,0,0,5784.84,-5149.22,0,0
TXN-SYN-18D5D095,CUST0509,2026-09-24 20:40:10,1391.92,SEND_MONEY,322,False,259,False,0.7909549188583642,RCV0430,False,0,,,NORMAL,0,1,16294.85,-14902.93,0,0
TXN-SYN-1690674E,CUST0463,2026-09-24 20:47:30,28157.05,SEND_MONEY,649,False,581,False,9.429827840711356,RCV0999,True,0,M014,,MULE_LIKE,1,1,10241.8,17915.25,0,0
TXN-SYN-6C1D4DE8,CUST0407,2026-09-24 20:56:02,416.11,BILL_PAY,814,False,736,False,3.8932392172652097,RCV0671,False,0,,,NORMAL,0,1,15808.23,-15392.12,0,0
TXN-SYN-99F31675,CUST0414,2026-09-24 21:01:03,1571.13,CASH_IN,902,False,840,False,0.3061327989707885,RCV1155,False,0,,AG018,NORMAL,0,0,6865.53,-5294.4,0,0
TXN-SYN-2D837DFE,CUST0384,2026-09-24 21:04:26,925.74,SEND_MONEY,1371,False,1316,False,5.833204782437709,RCV0798,False,0,,,NORMAL,0,0,7479.09,-6553.35,0,0
TXN-SYN-76F6021F,CUST0688,2026-09-24 21:07:00,13350.46,MOBILE_RECHARGE,981,False,972,False,7.365332672216835,RCV0601,False,0,,,NORMAL,0,0,12095.37,1255.09,0,0
TXN-SYN-59BEEBE1,CUST0104,2026-09-24 21:11:19,1626.98,BILL_PAY,989,False,959,False,7.561079003433294,RCV0097,False,0,,,NORMAL,0,0,9962.2,-8335.22,0,0
TXN-SYN-1FB2568A,CUST0558,2026-09-24 21:29:58,9275.76,SEND_MONEY,590,False,503,False,3.254064946956481,RCV0513,False,0,,,NORMAL,0,0,406.7,8869.06,0,0
TXN-SYN-9945EB8B,CUST0538,2026-09-24 21:31:25,28537.74,SEND_MONEY,372,False,368,False,3.464745399364295,RCV0997,True,0,,,MULE_LIKE,0,0,9920.6,18617.14,0,0
TXN-SYN-52F6D1FD,CUST0285,2026-09-24 21:40:29,1109.24,SEND_MONEY,633,False,614,False,4.377000059357488,RCV0017,False,0,,,NORMAL,0,0,13003.57,-11894.33,0,0
TXN-SYN-1F06ED91,CUST0070,2026-09-24 21:42:31,2685.43,SEND_MONEY,627,False,599,False,5.453032023657575,RCV0601,False,0,,,NORMAL,0,0,9265.27,-6579.84,0,0
TXN-SYN-7C2F1293,CUST0693,2026-09-24 21:42:54,6497.09,MERCHANT_PAYMENT,717,False,704,False,9.876783550252123,RCV0545,False,0,M014,,NORMAL,0,0,10183.73,-3686.64,0,0
TXN-SYN-647D9A52,CUST0723,2026-09-24 21:46:39,1690.33,SEND_MONEY,256,False,215,False,4.997270179846503,RCV0463,False,0,,,NORMAL,0,0,3069.87,-1379.54,0,0
TXN-SYN-521593B7,CUST0507,2026-09-24 21:52:12,2732.33,CASH_OUT,1150,False,1098,False,8.422307463439479,RCV0294,False,0,,AG029,NORMAL,0,0,11378.01,-8645.68,0,0
TXN-SYN-826C6242,CUST0294,2026-09-24 22:09:11,23979.72,CASH_OUT,1497,False,1465,True,69.44672936890726,RCV1018,False,0,,AG006,CASH_OUT_RISK,0,0,3843.0,20136.72,0,0
TXN-SYN-EEE42F3D,CUST0205,2026-09-24 22:51:15,19645.01,CASH_OUT,1346,False,1291,True,30.059320944531905,RCV1035,False,0,,AG011,CASH_OUT_RISK,0,0,1759.74,17885.27,0,0
TXN-SYN-3B8DA32C,CUST0730,2026-09-24 23:13:36,44039.0,CASH_OUT,1260,False,1195,True,31.692374581937088,RCV0014,False,0,,AG015,CASH_OUT_RISK,0,0,16452.48,27586.52,0,0
TXN-SYN-612A559B,CUST0457,2026-09-25 00:09:50,17379.8858833426,SEND_MONEY,69,True,1,True,166.6040469221403,RCV0553,False,2,,,ACCOUNT_TAKEOVER_LIKE,0,0,2502.7,14877.18,0,0
TXN-SYN-1895C5C7,CUST0490,2026-09-25 00:16:15,638.1978998076487,BILL_PAY,18,True,2,True,56.23796116078705,RCV0550,False,2,,,ACCOUNT_TAKEOVER_LIKE,0,1,7429.99,-6791.79,0,0
TXN-SYN-DD03484C,CUST0797,2026-09-25 01:14:50,47111.12,CASH_OUT,1384,False,1335,True,75.52860257845352,RCV0531,False,0,,AG026,CASH_OUT_RISK,0,0,415.95,46695.17,0,0
TXN-SYN-8D5143E5,CUST0248,2026-09-25 01:24:07,7850.550940266,CASH_OUT,96,True,0,True,425.7305487734526,RCV0939,False,2,,AG000,ACCOUNT_TAKEOVER_LIKE,0,0,9046.6,-1196.05,0,0
TXN-SYN-39F208F0,CUST0601,2026-09-25 02:24:46,40815.12,CASH_OUT,565,False,477,True,71.33563096955629,RCV0567,False,0,,AG021,CASH_OUT_RISK,0,0,21561.81,19253.31,0,0
TXN-SYN-68D79619,CUST0273,2026-09-25 02:30:42,10428.915646358018,BILL_PAY,24,True,0,True,460.8655871371146,RCV0636,False,5,,,ACCOUNT_TAKEOVER_LIKE,0,0,5376.87,5052.04,0,0
TXN-SYN-A1A833AE,CUST0065,2026-09-25 02:31:52,2936.985175716071,SEND_MONEY,15,True,2,True,488.7202210401988,RCV0625,False,5,,,ACCOUNT_TAKEOVER_LIKE,0,0,1412.42,1524.57,0,0
TXN-SYN-AFCDE0D4,CUST0634,2026-09-25 02:33:30,16297.340127373036,MOBILE_RECHARGE,89,True,2,True,278.0874379900487,RCV1002,False,4,,,ACCOUNT_TAKEOVER_LIKE,0,0,770.24,15527.1,0,0
TXN-SYN-68FEE5A1,CUST0419,2026-09-25 02:48:43,10148.871905258873,BILL_PAY,43,True,2,True,296.36029254764117,RCV0104,False,5,,,ACCOUNT_TAKEOVER_LIKE,0,0,1121.69,9027.18,0,0
TXN-SYN-A52F70A3,CUST0633,2026-09-25 02:59:25,6007.466224899967,CASH_OUT,67,True,0,True,472.1165632965745,RCV0801,False,2,,AG010,ACCOUNT_TAKEOVER_LIKE,0,0,1421.57,4585.9,0,0
TXN-SYN-EE760CF2,CUST0488,2026-09-25 03:04:08,21613.8,CASH_OUT,326,False,248,True,64.28191633298778,RCV1129,False,0,,AG025,CASH_OUT_RISK,0,0,11721.77,9892.03,0,0
TXN-SYN-DDDE224E,CUST0624,2026-09-25 03:33:24,871.8859279312071,SEND_MONEY,21,True,1,True,491.46738200654534,RCV0600,False,4,,,ACCOUNT_TAKEOVER_LIKE,0,0,5793.21,-4921.32,0,0
TXN-SYN-607FD9AD,CUST0748,2026-09-25 03:43:53,25003.59,CASH_OUT,1396,False,1353,True,42.391335412069495,RCV0736,False,0,,AG011,CASH_OUT_RISK,0,0,5711.5,19292.09,0,0
TXN-SYN-F3C9E947,CUST0506,2026-09-25 03:47:28,47113.53,CASH_OUT,1027,False,1020,True,42.01532711852876,RCV0369,False,0,,AG003,CASH_OUT_RISK,0,0,6972.39,40141.14,0,0
TXN-SYN-56EEF228,CUST0309,2026-09-25 03:54:25,28768.11,CASH_OUT,884,False,812,True,28.056766415158414,RCV0590,False,0,,AG026,CASH_OUT_RISK,0,0,7211.64,21556.47,0,0
TXN-SYN-55D934AC,CUST0723,2026-09-25 04:30:50,4063.510318207287,CASH_OUT,17,True,0,True,393.6322155191308,RCV0749,False,3,,AG016,ACCOUNT_TAKEOVER_LIKE,0,1,2724.98,1338.53,0,0
TXN-SYN-FDF64578,CUST0580,2026-09-25 04:50:21,18216.398345120437,SEND_MONEY,93,True,2,True,141.6102698958622,RCV0862,False,2,,,ACCOUNT_TAKEOVER_LIKE,0,0,3831.74,14384.65,0,0
TXN-SYN-95B9FFDC,CUST0318,2026-09-25 05:16:04,9083.904932196752,CASH_IN,34,True,1,True,469.53537461247316,RCV0466,False,2,,AG023,ACCOUNT_TAKEOVER_LIKE,0,0,4891.63,4192.27,0,0
TXN-SYN-745D7BA0,CUST0599,2026-09-25 05:17:14,2220.834882234808,SEND_MONEY,55,True,1,True,310.01967782222624,RCV0845,False,4,,,ACCOUNT_TAKEOVER_LIKE,0,2,9639.92,-7419.09,0,1
TXN-SYN-7255839B,CUST0027,2026-09-25 08:02:29,1441.47,BILL_PAY,1351,False,1321,False,9.79133917517725,RCV0135,False,0,,,NORMAL,0,1,5722.72,-4281.25,0,1
TXN-SYN-E0D26B90,CUST0200,2026-09-25 08:16:39,829.22,SEND_MONEY,163,False,80,False,8.622406959603632,RCV1184,False,0,,,NORMAL,0,0,23170.4,-22341.18,0,0
TXN-SYN-F7354CC4,CUST0265,2026-09-25 08:16:56,1583.16,MOBILE_RECHARGE,949,False,871,False,8.617848465377039,RCV0802,False,0,,,NORMAL,0,0,2288.38,-705.22,0,0
TXN-SYN-885DDCDC,CUST0113,2026-09-25 08:17:13,6173.04,MERCHANT_PAYMENT,1139,False,1133,False,6.892070044912098,RCV0276,False,0,M004,,NORMAL,0,0,1830.96,4342.08,0,0
TXN-SYN-C5BDDE98,CUST0488,2026-09-25 08:17:19,857.81,CASH_IN,129,False,45,False,8.511903759383157,RCV0632,False,2,,AG029,NORMAL,0,1,12958.28,-12100.47,0,1
TXN-SYN-06505BDB,CUST0170,2026-09-25 08:30:18,992.05,CASH_IN,1420,False,1340,False,3.7631181695499762,RCV0783,False,0,,AG022,NORMAL,0,0,2226.94,-1234.89,0,0
TXN-SYN-60F880EA,CUST0442,2026-09-25 08:37:44,23476.92,SEND_MONEY,738,False,649,False,0.23818175134068587,RCV0458,True,0,M026,,MULE_LIKE,0,0,11101.36,12375.56,0,0
TXN-SYN-E0368142,CUST0452,2026-09-25 08:41:33,136.96,SEND_MONEY,457,False,385,False,2.8882942991960867,RCV0888,False,0,,,NORMAL,0,1,11805.37,-11668.41,0,0
TXN-SYN-9FBC4917,CUST0777,2026-09-25 08:45:14,1803.2,SEND_MONEY,338,False,316,False,5.454111090894323,RCV0239,False,0,,,NORMAL,0,1,5846.51,-4043.31,0,0
TXN-SYN-C936690A,CUST0549,2026-09-25 08:45:55,601.94,CASH_IN,1465,False,1442,False,8.58470252598263,RCV0680,False,0,,AG016,NORMAL,0,0,4723.61,-4121.67,0,0
TXN-SYN-F236B0C0,CUST0758,2026-09-25 08:51:25,100000.0,CASH_OUT,1136,False,1129,False,9.057720957855263,RCV1058,False,0,,AG017,NORMAL,0,0,3357.58,96642.42,0,0
TXN-SYN-0FF358FE,CUST0623,2026-09-25 09:11:09,592.28,CASH_OUT,1171,False,1100,False,9.997591864912428,RCV0733,False,0,,AG003,NORMAL,0,1,7473.09,-6880.81,0,0
TXN-SYN-8F5CEA38,CUST0172,2026-09-25 09:17:13,619.31,BILL_PAY,1356,False,1281,False,9.65140700737686,RCV0796,False,0,,,NORMAL,0,0,7896.11,-7276.8,0,0
TXN-SYN-FA2F9DFA,CUST0232,2026-09-25 09:26:04,100000.0,CASH_OUT,742,False,684,False,8.44914938451556,RCV1113,False,0,,AG022,NORMAL,0,0,7135.76,92864.24,0,0
TXN-SYN-E7D441EC,CUST0784,2026-09-25 09:32:54,166.64,CASH_OUT,536,False,476,False,2.3756001456776987,RCV0808,False,0,,AG006,NORMAL,0,0,14194.52,-14027.88,0,0
TXN-SYN-919CE85D,CUST0620,2026-09-25 09:40:23,689.19,BILL_PAY,1109,False,1039,False,1.980030303075535,RCV0627,False,0,,,NORMAL,0,0,11515.86,-10826.67,0,0
TXN-SYN-6079C524,CUST0786,2026-09-25 09:43:26,623.62,SEND_MONEY,121,False,38,False,7.304569353928593,RCV0716,False,0,,,NORMAL,0,0,8087.47,-7463.85,0,0
TXN-SYN-D53B7C39,CUST0214,2026-09-25 09:51:36,8177.11,MOBILE_RECHARGE,321,False,278,False,2.8916506098773476,RCV0603,False,0,,,NORMAL,0,1,3540.25,4636.86,0,0
TXN-SYN-3BB46426,CUST0051,2026-09-25 09:54:33,4825.9,SEND_MONEY,1133,False,1060,False,7.273535170759596,RCV0242,False,0,,,NORMAL,0,1,7737.61,-2911.71,0,0
TXN-SYN-36A47B94,CUST0119,2026-09-25 09:58:53,7425.7,CASH_OUT,1384,False,1368,False,0.40710973684136564,RCV0244,False,0,,AG005,NORMAL,0,0,15502.36,-8076.66,0,0
TXN-SYN-E532A083,CUST0680,2026-09-25 10:03:00,7988.13,SEND_MONEY,1138,True,1069,False,6.338794681883208,RCV0670,True,0,,,SCAM_LIKE,0,0,7690.71,297.42,0,0
TXN-SYN-F386273A,CUST0575,2026-09-25 10:21:53,1242.19,SEND_MONEY,1405,False,1325,False,2.257722626974669,RCV1044,False,0,,,NORMAL,0,0,602.38,639.81,0,0
TXN-SYN-8FF7CDC0,CUST0438,2026-09-25 10:29:36,2201.39,CASH_IN,737,False,677,False,3.9106887915141986,RCV0299,False,0,,AG021,NORMAL,0,1,9783.17,-7581.78,0,0
TXN-SYN-14533252,CUST0611,2026-09-25 10:33:15,16791.55,SEND_MONEY,829,False,817,False,3.0246554249644686,RCV0467,True,0,,,SCAM_LIKE,0,0,1703.91,15087.64,0,0
TXN-SYN-E0CB41CF,CUST0362,2026-09-25 10:44:38,2174.07,CASH_IN,198,False,152,False,4.596147517329264,RCV0821,False,0,,AG002,NORMAL,0,0,24793.62,-22619.55,0,0
TXN-SYN-0A05CBB9,CUST0101,2026-09-25 10:46:03,606.56,SEND_MONEY,1073,False,992,False,4.434558363819042,RCV0406,False,0,,,NORMAL,0,0,32546.31,-31939.75,0,0
TXN-SYN-F75376D2,CUST0684,2026-09-25 10:49:57,20565.25,SEND_MONEY,655,True,577,False,4.910891319564959,RCV0173,True,0,,,SCAM_LIKE,0,0,14838.91,5726.34,0,0
TXN-SYN-27536E6D,CUST0473,2026-09-25 10:50:33,185.17,SEND_MONEY,999,False,990,False,8.324894744194486,RCV0567,False,0,,,NORMAL,0,0,10357.53,-10172.36,0,0
TXN-SYN-DEBE9E75,CUST0472,2026-09-25 10:53:39,7191.21,MERCHANT_PAYMENT,1437,False,1412,False,8.528019334276525,RCV0512,False,2,M046,,NORMAL,0,0,215.83,6975.38,0,0
TXN-SYN-FAD1BD70,CUST0275,2026-09-25 11:02:35,128.8,SEND_MONEY,942,False,935,False,3.8416018309248168,RCV0226,False,0,,,NORMAL,0,1,10491.85,-10363.05,0,0
TXN-SYN-59F6D295,CUST0564,2026-09-25 11:08:04,1473.74,SEND_MONEY,278,False,268,False,4.310820464834904,RCV0560,False,0,,,NORMAL,0,0,7475.23,-6001.49,0,0
TXN-SYN-11C76299,CUST0217,2026-09-25 11:22:58,1648.62,CASH_OUT,1165,False,1147,False,6.851745132777806,RCV1187,False,0,,AG025,NORMAL,0,0,12890.14,-11241.52,0,0
TXN-SYN-E61A8C71,CUST0394,2026-09-25 11:24:39,17865.48,SEND_MONEY,780,False,722,False,2.351383080197703,RCV0865,True,0,,,SCAM_LIKE,0,0,6164.86,11700.62,0,0
TXN-SYN-ABDD8317,CUST0748,2026-09-25 11:35:08,23226.81,SEND_MONEY,1328,False,1256,False,9.009350893470234,RCV0245,True,0,,,MULE_LIKE,0,1,8123.01,15103.8,1,1
TXN-SYN-F639B9D3,CUST0173,2026-09-25 11:36:03,4092.31,SEND_MONEY,1199,False,1149,False,5.071237458622565,RCV0330,False,0,,,NORMAL,0,0,4696.42,-604.11,0,0
TXN-SYN-BB5D8561,CUST0125,2026-09-25 11:48:43,8222.65,SEND_MONEY,1269,False,1184,False,5.868411180208791,RCV0811,False,0,,,NORMAL,0,0,4853.16,3369.49,0,0
TXN-SYN-BBAF3E05,CUST0291,2026-09-25 11:52:06,78.9,CASH_OUT,380,False,327,False,0.49640921616318723,RCV0126,False,0,,AG017,NORMAL,0,0,12817.65,-12738.75,0,0
TXN-SYN-EA127875,CUST0789,2026-09-25 11:55:36,834.95,CASH_IN,1491,False,1433,False,3.782559115526495,RCV0666,False,0,,AG019,NORMAL,0,0,17832.16,-16997.21,0,0
TXN-SYN-44D6432C,CUST0564,2026-09-25 11:56:56,2904.0,CASH_IN,1388,False,1357,False,0.4961437333883745,RCV0470,False,0,,AG013,NORMAL,1,1,6274.93,-3370.93,0,0
TXN-SYN-4435D1DC,CUST0799,2026-09-25 11:56:56,1004.46,CASH_OUT,1065,False,1005,False,7.116124028477708,RCV0533,False,0,,AG028,NORMAL,0,0,2791.47,-1787.01,0,0
TXN-SYN-28AD8CA6,CUST0660,2026-09-25 12:06:17,277.87,BILL_PAY,343,False,319,False,8.63518140612957,RCV0968,False,0,,,NORMAL,0,0,1639.61,-1361.74,0,0
TXN-SYN-05DE026B,CUST0591,2026-09-25 12:08:17,11660.77,SEND_MONEY,273,True,252,False,1.3140537180546374,RCV0840,True,2,,,SCAM_LIKE,0,0,3930.91,7729.86,0,0
TXN-SYN-ECE0CDEF,CUST0783,2026-09-25 12:27:03,1247.36,SEND_MONEY,840,False,797,False,3.0865247673491325,RCV0687,False,0,,,NORMAL,0,1,9070.19,-7822.83,0,0
TXN-SYN-06D66D39,CUST0578,2026-09-25 12:32:17,2064.41,SEND_MONEY,263,False,229,False,3.137692854459324,RCV0770,False,0,,,NORMAL,0,0,3914.79,-1850.38,0,0
TXN-SYN-30E616C9,CUST0638,2026-09-25 12:45:57,3382.62,CASH_IN,263,False,233,False,9.339172432934877,RCV0561,False,0,,AG026,NORMAL,0,0,11242.78,-7860.16,0,0
TXN-SYN-96E91885,CUST0350,2026-09-25 12:46:16,659.31,SEND_MONEY,785,False,764,False,7.6766195641581225,RCV0296,False,0,,,NORMAL,0,0,744.66,-85.35,0,0
TXN-SYN-303D4F0C,CUST0185,2026-09-25 12:54:38,147.6,CASH_OUT,1462,False,1395,False,5.482037727921516,RCV0494,False,1,,AG023,NORMAL,0,0,417.91,-270.31,0,0
TXN-SYN-48E17CEA,CUST0471,2026-09-25 12:55:37,2464.16,SEND_MONEY,1257,False,1200,False,8.549108903987687,RCV0748,False,1,,,NORMAL,0,0,4898.56,-2434.4,0,0
TXN-SYN-85F113D8,CUST0674,2026-09-25 12:59:13,67.7,CASH_OUT,1053,False,990,False,2.66839654033575,RCV0796,False,0,,AG015,NORMAL,0,0,2357.74,-2290.04,0,0
TXN-SYN-C6F96C93,CUST0747,2026-09-25 13:07:56,9581.61,MERCHANT_PAYMENT,237,False,156,False,4.126110291294402,RCV0184,False,0,M014,,NORMAL,0,0,948.6,8633.02,0,0
TXN-SYN-54280CCC,CUST0019,2026-09-25 13:13:34,15864.22,SEND_MONEY,412,False,334,False,3.1066850591194664,RCV0214,True,0,,,SCAM_LIKE,0,0,6572.99,9291.23,1,0
TXN-SYN-06D0B40B,CUST0761,2026-09-25 13:13:52,332.29,SEND_MONEY,863,False,804,False,5.0516401829331485,RCV0944,False,0,,,NORMAL,0,0,3184.22,-2851.93,0,0
TXN-SYN-2F045B65,CUST0667,2026-09-25 13:14:02,26182.75,SEND_MONEY,1046,False,976,False,4.51294113029255,RCV1096,True,0,,AG001,MULE_LIKE,0,0,5207.28,20975.47,0,0
TXN-SYN-7A149DDC,CUST0346,2026-09-25 13:20:13,8232.92,SEND_MONEY,1194,False,1125,False,6.640592930875745,RCV0346,False,0,,,NORMAL,0,0,2070.79,6162.13,0,0
TXN-SYN-5B26BB44,CUST0174,2026-09-25 13:24:52,143.93,SEND_MONEY,328,False,318,False,2.1020121445252027,RCV0297,False,0,,,NORMAL,0,0,7523.92,-7380.0,0,0
TXN-SYN-80303C70,CUST0608,2026-09-25 13:35:12,341.99,CASH_OUT,1236,False,1172,False,3.2327692246816184,RCV0944,False,0,,AG002,NORMAL,0,0,3515.49,-3173.5,0,0
TXN-SYN-72AF9266,CUST0709,2026-09-25 13:39:55,42898.04,SEND_MONEY,575,False,531,False,8.359844490934748,RCV1024,True,0,,,MULE_LIKE,0,0,7112.63,35785.41,0,0
TXN-SYN-82B7667A,CUST0525,2026-09-25 13:55:27,41797.89,BILL_PAY,1114,False,1028,False,9.92418701883176,RCV0023,False,0,,,NORMAL,0,0,7538.05,34259.84,0,0
TXN-SYN-3221F719,CUST0100,2026-09-25 13:56:36,451.36,SEND_MONEY,1143,False,1121,False,6.724062935955757,RCV1120,False,0,,,NORMAL,0,0,14385.27,-13933.91,0,0
TXN-SYN-70320CDF,CUST0400,2026-09-25 14:13:53,4961.7,SEND_MONEY,105,False,76,False,1.7948736419318123,RCV0370,False,0,,,NORMAL,0,0,8729.54,-3767.84,0,0
TXN-SYN-2F39341E,CUST0637,2026-09-25 14:15:04,542.04,SEND_MONEY,1477,False,1392,False,0.9206025472570234,RCV1062,False,0,,,NORMAL,0,0,2664.58,-2122.54,0,0
TXN-SYN-8E09F7CE,CUST0769,2026-09-25 14:21:23,1154.61,CASH_OUT,126,False,73,False,1.9835387955218298,RCV0568,False,0,,AG001,NORMAL,0,0,16863.62,-15709.01,0,0
TXN-SYN-27F3C269,CUST0362,2026-09-25 14:21:25,754.79,CASH_OUT,584,False,557,False,0.20071197777726368,RCV0805,False,0,,AG006,NORMAL,0,1,20269.71,-19514.92,0,0
TXN-SYN-7B8FE366,CUST0555,2026-09-25 14:22:24,1332.22,SEND_MONEY,1162,False,1098,False,7.991886918125005,RCV0392,False,0,,,NORMAL,0,0,2763.5,-1431.28,0,0
TXN-SYN-4B147980,CUST0010,2026-09-25 14:23:53,304.43,MERCHANT_PAYMENT,1244,False,1218,False,7.092912258284797,RCV0786,False,1,M027,,NORMAL,0,0,1698.64,-1394.21,0,0
TXN-SYN-A9C8614C,CUST0529,2026-09-25 14:24:48,5792.51,BILL_PAY,442,False,440,False,6.379781756531884,RCV0854,False,0,,,NORMAL,0,1,9468.37,-3675.86,0,0
TXN-SYN-A8CA03C4,CUST0736,2026-09-25 14:44:25,462.27,MOBILE_RECHARGE,1453,False,1416,False,8.347097094826742,RCV0166,False,0,,,NORMAL,0,0,6661.33,-6199.06,0,0
TXN-SYN-5F1E6EFE,CUST0446,2026-09-25 14:49:07,1138.94,CASH_OUT,117,False,65,False,8.792280825136089,RCV0500,False,0,,AG028,NORMAL,0,0,1639.03,-500.09,0,0
TXN-SYN-B2B67A97,CUST0381,2026-09-25 14:52:06,10126.53,CASH_IN,313,False,261,False,3.437415828880368,RCV1176,False,0,,AG017,NORMAL,0,0,2130.35,7996.18,0,0
TXN-SYN-2D3FBA20,CUST0124,2026-09-25 15:04:11,323.45,MOBILE_RECHARGE,617,False,587,False,0.8658735817935026,RCV0086,False,0,,,NORMAL,0,0,8228.0,-7904.55,0,0
TXN-SYN-365E17CA,CUST0772,2026-09-25 15:18:52,138.72,CASH_OUT,1143,False,1088,False,7.284985766407713,RCV0328,False,0,,AG029,NORMAL,0,0,14597.2,-14458.48,0,0
TXN-SYN-3148CFD3,CUST0242,2026-09-25 15:34:32,2496.85,SEND_MONEY,275,False,237,False,7.4558401091279,RCV0327,False,0,,,NORMAL,0,0,6235.09,-3738.24,0,0
TXN-SYN-8E98BC48,CUST0606,2026-09-25 15:35:49,655.37,CASH_IN,643,False,569,False,3.1132627741993266,RCV0921,False,0,,AG028,NORMAL,0,0,9149.32,-8493.95,0,0
TXN-SYN-40214E3F,CUST0309,2026-09-25 15:39:58,1443.16,SEND_MONEY,1305,False,1293,False,3.173888500278852,RCV0832,False,0,,,NORMAL,0,1,11522.93,-10079.77,0,1
TXN-SYN-C62FA873,CUST0711,2026-09-25 15:40:33,19620.35,SEND_MONEY,124,False,84,False,2.220330962188198,RCV0240,False,0,,,NORMAL,0,0,3371.72,16248.63,0,0
TXN-SYN-713F61A1,CUST0218,2026-09-25 15:46:23,93.14,SEND_MONEY,885,False,871,False,3.9285944303363762,RCV0012,False,0,,,NORMAL,0,0,1505.92,-1412.78,0,0
TXN-SYN-927327F1,CUST0563,2026-09-25 15:56:44,242.28,MOBILE_RECHARGE,225,False,141,False,3.402641927630997,RCV0501,False,0,,,NORMAL,0,0,3595.59,-3353.31,0,0
TXN-SYN-27075D8E,CUST0542,2026-09-25 16:09:35,190.53,SEND_MONEY,254,False,188,False,9.387968866664554,RCV0153,False,0,,,NORMAL,0,0,8804.37,-8613.84,0,0
TXN-SYN-82C8BABC,CUST0355,2026-09-25 16:10:28,243.01,SEND_MONEY,1381,False,1328,False,2.9981206102265845,RCV0539,False,0,,,NORMAL,0,0,12470.75,-12227.74,0,0
TXN-SYN-A7AD60CF,CUST0401,2026-09-25 16:10:47,709.76,SEND_MONEY,340,False,304,False,0.13370862040427145,RCV0509,False,0,,,NORMAL,0,0,1999.87,-1290.11,0,0
TXN-SYN-3CC5CE36,CUST0646,2026-09-25 16:21:00,307.57,MERCHANT_PAYMENT,1175,False,1091,False,1.0874210440652576,RCV0626,False,0,M013,,NORMAL,0,0,15417.1,-15109.52,0,0
TXN-SYN-355EF823,CUST0438,2026-09-25 16:22:14,23773.3,SEND_MONEY,163,False,77,False,4.838025398606472,RCV0213,True,0,M029,,SCAM_LIKE,0,1,8700.06,15073.24,0,0
TXN-SYN-B0A20CBA,CUST0675,2026-09-25 16:24:53,2290.15,SEND_MONEY,1022,False,1022,False,0.7741155198475058,RCV0872,False,0,,,NORMAL,0,0,8055.88,-5765.73,0,0
TXN-SYN-F23366AD,CUST0051,2026-09-25 16:28:39,3254.89,SEND_MONEY,387,False,337,False,1.8543951940933956,RCV0257,False,0,,,NORMAL,0,1,7009.68,-3754.79,0,0
TXN-SYN-9273F1DD,CUST0117,2026-09-25 16:37:24,1362.43,SEND_MONEY,1012,False,934,False,6.5071812712070045,RCV0060,False,0,,,NORMAL,0,1,9703.96,-8341.53,0,0
TXN-SYN-373EA8F3,CUST0341,2026-09-25 16:37:29,4370.9,SEND_MONEY,614,False,534,False,1.10601751482577,RCV1020,False,0,,,NORMAL,0,0,14893.68,-10522.78,0,0
TXN-SYN-DA1F0A5F,CUST0083,2026-09-25 16:44:22,5273.84,SEND_MONEY,360,False,296,False,7.734731256866007,RCV0129,False,0,,,NORMAL,0,0,11126.58,-5852.74,0,0
TXN-SYN-4F84CF08,CUST0244,2026-09-25 16:55:36,6042.79,SEND_MONEY,392,False,305,False,5.910808338490804,RCV0255,False,0,,,NORMAL,0,0,2007.21,4035.58,0,0
TXN-SYN-309A2FA6,CUST0632,2026-09-25 17:11:38,7925.28,SEND_MONEY,1389,False,1364,False,8.59742350377592,RCV0615,False,0,,,NORMAL,0,0,10414.92,-2489.64,0,0
TXN-SYN-7F9561B1,CUST0201,2026-09-25 17:13:12,445.04,SEND_MONEY,1416,False,1411,False,6.967282944355699,RCV0141,False,0,,,NORMAL,0,0,2838.55,-2393.51,0,0
TXN-SYN-B1EBCFBE,CUST0364,2026-09-25 17:14:23,2762.66,SEND_MONEY,158,False,80,False,5.893316449477281,RCV0546,False,0,,,NORMAL,0,0,6302.55,-3539.89,0,0
TXN-SYN-F82B21FC,CUST0567,2026-09-25 17:30:31,1486.13,SEND_MONEY,960,False,919,False,3.3380629673476605,RCV0590,False,0,,,NORMAL,0,0,2094.92,-608.79,0,0
TXN-SYN-0BFB350F,CUST0309,2026-09-25 17:36:33,1608.53,CASH_OUT,256,False,247,False,8.496270549444247,RCV0847,False,0,,AG003,NORMAL,0,2,9842.97,-8234.44,0,1
TXN-SYN-4BF9F530,CUST0681,2026-09-25 17:38:08,9865.5,SEND_MONEY,612,False,530,False,3.7890766464183736,RCV0410,False,0,,,NORMAL,0,0,4006.07,5859.43,0,0
TXN-SYN-58153AEF,CUST0487,2026-09-25 17:55:20,2226.67,CASH_IN,583,False,536,False,7.516566772103712,RCV0018,False,0,,AG017,NORMAL,0,0,3188.06,-961.39,0,0
TXN-SYN-7999FED1,CUST0216,2026-09-25 17:58:04,2433.72,CASH_OUT,492,False,407,False,3.5779652289418964,RCV0632,False,0,,AG005,NORMAL,0,0,3261.41,-827.69,0,0
TXN-SYN-35A1878A,CUST0059,2026-09-25 18:03:22,606.74,BILL_PAY,1133,False,1084,False,6.870581531812978,RCV1194,False,0,,,NORMAL,0,0,17491.86,-16885.12,0,0
TXN-SYN-E76FF1A3,CUST0191,2026-09-25 18:05:08,13842.55,MERCHANT_PAYMENT,1294,False,1227,False,8.41188705071247,RCV1142,False,0,M048,,NORMAL,0,0,1562.18,12280.37,0,0
TXN-SYN-35952AFE,CUST0029,2026-09-25 18:20:50,8879.32,CASH_OUT,468,False,383,False,1.5915766944458076,RCV0762,False,0,,AG002,NORMAL,0,0,12691.75,-3812.43,0,0
TXN-SYN-8EEDDB8F,CUST0045,2026-09-25 18:22:35,24798.61,SEND_MONEY,1090,False,1044,False,3.6068180476023315,RCV1173,False,0,,,NORMAL,0,0,15161.65,9636.96,0,0
TXN-SYN-4869524E,CUST0799,2026-09-25 18:26:32,5563.3,SEND_MONEY,1237,False,1214,False,4.255843601413507,RCV0599,True,0,,,SCAM_LIKE,0,1,2493.64,3069.66,0,1
TXN-SYN-B6186DAD,CUST0361,2026-09-25 18:31:16,3381.29,BILL_PAY,328,False,298,False,8.178464430604302,RCV0394,False,0,,,NORMAL,0,0,888.38,2492.91,0,0
TXN-SYN-63BFE477,CUST0285,2026-09-25 18:34:12,8675.17,SEND_MONEY,841,True,767,False,8.611657627051837,RCV0319,True,0,,,SCAM_LIKE,0,1,10624.7,-1949.53,0,0
TXN-SYN-14BD7227,CUST0586,2026-09-25 18:37:33,4417.75,MOBILE_RECHARGE,995,False,989,False,5.918571736902056,RCV0596,False,0,,,NORMAL,0,0,11063.66,-6645.91,0,0
TXN-SYN-7B18596E,CUST0492,2026-09-25 18:44:16,1097.98,SEND_MONEY,701,False,697,False,1.6066914875536953,RCV0024,False,0,,,NORMAL,0,0,18729.88,-17631.9,0,0
TXN-SYN-F72BA6AD,CUST0761,2026-09-25 18:44:32,5232.77,SEND_MONEY,983,False,898,False,2.469990796720196,RCV1031,False,0,,,NORMAL,0,1,2471.24,2761.53,0,0
TXN-SYN-7804FF56,CUST0096,2026-09-25 18:46:36,2520.18,CASH_OUT,938,False,906,False,9.387716110143899,RCV0338,False,0,,AG016,NORMAL,0,0,10022.01,-7501.83,0,0
TXN-SYN-84E1AF03,CUST0656,2026-09-25 19:01:16,414.67,SEND_MONEY,190,False,177,False,4.02311321174162,RCV0671,False,0,,,NORMAL,0,0,4896.62,-4481.95,0,0
TXN-SYN-24F2EBC9,CUST0734,2026-09-25 19:04:51,1408.74,MERCHANT_PAYMENT,1408,False,1365,False,2.5531380117127087,RCV0092,False,0,M016,,NORMAL,0,0,6268.83,-4860.09,0,0
TXN-SYN-4C5C709F,CUST0755,2026-09-25 19:15:53,1459.19,BILL_PAY,232,False,210,False,1.147419583381919,RCV1109,False,0,,,NORMAL,0,0,22944.92,-21485.73,0,0
TXN-SYN-42C70C7D,CUST0732,2026-09-25 19:18:36,23747.99,SEND_MONEY,1091,False,1073,False,5.63904050605864,RCV0783,True,0,,AG017,SCAM_LIKE,0,0,15387.7,8360.29,0,0
TXN-SYN-85BFAE9D,CUST0663,2026-09-25 19:24:34,279.17,SEND_MONEY,375,False,357,False,3.681028537546961,RCV0789,False,0,,,NORMAL,0,0,3185.68,-2906.51,0,0
TXN-SYN-A0EE4D68,CUST0729,2026-09-25 19:26:08,347.08,CASH_OUT,604,False,540,False,6.093926309870536,RCV0650,False,0,,AG007,NORMAL,0,0,9906.37,-9559.29,0,0
TXN-SYN-F1C1E034,CUST0213,2026-09-25 19:31:48,2912.33,MERCHANT_PAYMENT,907,False,902,False,2.0249226525232764,RCV0972,False,0,M042,,NORMAL,0,0,4981.95,-2069.62,0,0
TXN-SYN-D2B6CA28,CUST0348,2026-09-25 19:31:49,2572.18,SEND_MONEY,528,False,484,False,2.845795798358698,RCV0588,False,0,,,NORMAL,0,0,7224.14,-4651.96,0,0
TXN-SYN-D1B369EF,CUST0175,2026-09-25 19:46:11,185.55,MOBILE_RECHARGE,787,False,768,False,5.729461250839096,RCV0510,False,0,,,NORMAL,0,0,12490.55,-12305.0,0,0
TXN-SYN-95B95711,CUST0053,2026-09-25 19:46:40,391.65,SEND_MONEY,813,False,809,False,7.740609747685232,RCV0012,False,0,,,NORMAL,0,0,9439.43,-9047.78,0,0
TXN-SYN-BCD026AF,CUST0586,2026-09-25 19:50:42,7328.17,SEND_MONEY,630,False,603,False,0.9208154046892381,RCV1007,False,0,,,NORMAL,0,1,9734.48,-2406.31,0,0
TXN-SYN-C800F6C5,CUST0441,2026-09-25 19:53:35,8464.03,MOBILE_RECHARGE,923,False,874,False,1.0790191948157735,RCV0876,False,0,,,NORMAL,0,0,4840.84,3623.2,0,0
TXN-SYN-D995F634,CUST0305,2026-09-25 19:57:09,2958.18,CASH_IN,419,False,341,False,2.7150992673788865,RCV0118,False,0,,AG028,NORMAL,0,0,12185.43,-9227.25,0,0
TXN-SYN-25DAEB07,CUST0474,2026-09-25 20:03:27,21337.83,SEND_MONEY,1471,False,1434,False,9.208615651815437,RCV0998,True,0,,,MULE_LIKE,0,0,10948.01,10389.82,0,0
TXN-SYN-7873191A,CUST0306,2026-09-25 20:11:16,3585.51,SEND_MONEY,1072,False,1021,False,7.733922246287723,RCV0559,False,0,,,NORMAL,0,0,1620.19,1965.32,0,0
TXN-SYN-A3DD7C92,CUST0655,2026-09-25 20:21:56,3057.98,CASH_OUT,944,False,903,False,2.5108010366516775,RCV0693,False,0,,AG012,NORMAL,0,0,9314.54,-6256.56,0,0
TXN-SYN-CFCB416B,CUST0599,2026-09-25 20:39:17,14185.7,CASH_OUT,756,False,748,False,1.4597543266845636,RCV0794,False,0,,AG015,NORMAL,0,1,8712.54,5473.16,0,0
TXN-SYN-CF14E2A1,CUST0606,2026-09-25 20:44:53,287.58,SEND_MONEY,219,False,167,False,2.786430631150364,RCV0309,False,0,,,NORMAL,0,1,7025.83,-6738.25,0,0
TXN-SYN-6316EE32,CUST0375,2026-09-25 20:54:19,2663.98,SEND_MONEY,823,False,762,False,3.3591384510668956,RCV0925,False,0,,,NORMAL,0,0,34297.17,-31633.19,0,0
TXN-SYN-2A279CF4,CUST0115,2026-09-25 20:55:56,10701.75,SEND_MONEY,1345,False,1271,False,8.804220324199033,RCV0348,False,0,,,NORMAL,0,0,11522.16,-820.41,0,0
TXN-SYN-6EE8A31D,CUST0671,2026-09-25 20:57:02,1141.3,MOBILE_RECHARGE,1194,False,1136,False,2.5815467183941774,RCV1081,False,0,,,NORMAL,0,0,9404.86,-8263.56,0,0
TXN-SYN-6C37ACE7,CUST0159,2026-09-25 20:58:21,328.26,MERCHANT_PAYMENT,442,False,411,False,7.154602666747475,RCV0909,False,0,M042,,NORMAL,0,0,6406.85,-6078.59,0,0
TXN-SYN-C83FA6AA,CUST0759,2026-09-25 21:08:09,2909.7,SEND_MONEY,890,False,829,False,4.204358946137554,RCV0085,False,0,,,NORMAL,0,0,2882.01,27.69,0,0
TXN-SYN-7CDD4A0D,CUST0575,2026-09-25 21:24:24,1989.24,SEND_MONEY,1208,False,1158,False,8.495921102128886,RCV0628,False,0,,,NORMAL,0,1,762.33,1226.91,0,0
TXN-SYN-1AEA9270,CUST0670,2026-09-25 21:26:28,1821.1,CASH_OUT,1069,False,1003,False,2.3162631170049144,RCV0340,False,0,,AG012,NORMAL,0,0,2803.67,-982.57,0,0
TXN-SYN-E7F59CEF,CUST0478,2026-09-25 21:37:54,484.04,BILL_PAY,520,False,476,False,0.3638956540085647,RCV0843,False,0,,,NORMAL,0,0,5955.92,-5471.88,0,0
TXN-SYN-5BB2AD9A,CUST0759,2026-09-25 21:48:24,19592.45,CASH_OUT,332,False,266,False,6.825992797813054,RCV0114,False,0,,AG016,NORMAL,1,1,2885.96,16706.49,0,0
TXN-SYN-822561DF,CUST0657,2026-09-25 21:48:41,2502.58,SEND_MONEY,1162,False,1150,False,1.8458512953703299,RCV0001,False,0,,,NORMAL,0,0,953.7,1548.88,0,0
TXN-SYN-93FAF293,CUST0301,2026-09-25 21:49:57,87.88,CASH_OUT,1276,False,1204,False,6.364904838812335,RCV0487,False,0,,AG023,NORMAL,0,0,6651.1,-6563.22,0,0
TXN-SYN-2963F117,CUST0743,2026-09-25 21:55:20,53.85,CASH_OUT,487,False,458,False,6.703322636657935,RCV0678,False,0,,AG026,NORMAL,0,0,16126.87,-16073.02,0,0
TXN-SYN-CBFBE714,CUST0028,2026-09-25 22:16:13,40778.44,CASH_OUT,837,False,753,True,73.53737293033123,RCV0500,False,0,M022,AG003,CASH_OUT_RISK,0,0,1258.82,39519.62,0,0
TXN-SYN-BE0F6829,CUST0624,2026-09-25 22:36:01,33921.38,CASH_OUT,246,False,166,True,56.30772510455293,RCV0643,False,0,,AG025,CASH_OUT_RISK,0,1,4562.88,29358.5,0,0
TXN-SYN-5A2E65DD,CUST0709,2026-09-25 22:42:57,30431.59,CASH_OUT,1419,False,1392,True,90.82770304997177,RCV0350,False,0,M030,AG025,CASH_OUT_RISK,0,1,16058.98,14372.61,0,0
TXN-SYN-99C98DF1,CUST0495,2026-09-25 22:53:41,16331.72,CASH_OUT,387,False,306,True,56.28582476921398,RCV1047,False,0,,AG008,CASH_OUT_RISK,0,0,11106.99,5224.73,0,0
TXN-SYN-F21355C9,CUST0431,2026-09-25 23:16:34,23064.77,CASH_OUT,810,False,747,True,62.84207061564796,RCV1088,False,0,,AG016,CASH_OUT_RISK,0,0,490.63,22574.14,0,0
TXN-SYN-8B646B81,CUST0725,2026-09-25 23:31:11,16263.85,CASH_OUT,428,False,342,True,21.709053047756992,RCV1153,False,0,,AG028,CASH_OUT_RISK,0,0,3080.66,13183.19,0,0
TXN-SYN-33FBE83D,CUST0599,2026-09-25 23:34:32,29554.19,CASH_OUT,913,False,913,True,64.78694422828718,RCV1017,False,0,,AG023,CASH_OUT_RISK,0,2,9320.67,20233.52,0,1
TXN-SYN-F50FA0F6,CUST0656,2026-09-25 23:57:09,15005.79,CASH_OUT,1247,False,1186,True,26.578308222213565,RCV0951,False,0,,AG009,CASH_OUT_RISK,0,1,4149.62,10856.16,0,0
TXN-SYN-BC88257F,CUST0608,2026-09-26 00:46:41,91572.49886064444,CASH_OUT,83,True,0,True,221.95557250698792,RCV0168,False,2,,AG003,ACCOUNT_TAKEOVER_LIKE,0,1,2986.57,88585.93,0,1
TXN-SYN-686F8B1D,CUST0119,2026-09-26 00:53:47,5752.728894030135,CASH_OUT,43,True,0,True,127.9824440318806,RCV0830,False,4,,AG020,ACCOUNT_TAKEOVER_LIKE,0,1,14768.12,-9015.39,0,1
TXN-SYN-4F07EC3A,CUST0063,2026-09-26 01:24:29,3275.8237136067905,SEND_MONEY,18,True,1,True,492.47530333488817,RCV0095,False,3,,,ACCOUNT_TAKEOVER_LIKE,0,0,530.96,2744.87,0,0
TXN-SYN-208CD0A7,CUST0579,2026-09-26 01:40:16,8614.727734597625,BILL_PAY,17,True,1,True,57.904455066785125,RCV0332,False,2,,,ACCOUNT_TAKEOVER_LIKE,0,0,2722.96,5891.77,0,0
TXN-SYN-1054FC4D,CUST0432,2026-09-26 01:47:11,3563.6249253979227,BILL_PAY,70,True,2,True,352.91207795065515,RCV0043,False,3,,,ACCOUNT_TAKEOVER_LIKE,0,0,6830.99,-3267.37,0,0
TXN-SYN-03A52F46,CUST0070,2026-09-26 02:10:38,40023.35,CASH_OUT,225,False,202,True,85.08870506938847,RCV0885,False,0,,AG016,CASH_OUT_RISK,0,0,8168.63,31854.72,0,0
TXN-SYN-BA625371,CUST0001,2026-09-26 02:20:52,34630.1,CASH_OUT,1271,False,1237,True,24.358131123041503,RCV0170,False,0,,AG024,CASH_OUT_RISK,0,0,3874.72,30755.38,0,0
TXN-SYN-0C5F27D4,CUST0386,2026-09-26 02:44:12,396.87381859510674,SEND_MONEY,38,True,2,True,415.1333762152953,RCV0962,False,5,,,ACCOUNT_TAKEOVER_LIKE,0,0,1115.19,-718.32,0,0
TXN-SYN-0FED1862,CUST0196,2026-09-26 02:54:49,46671.24,CASH_OUT,1018,False,994,True,23.48827068689701,RCV1143,False,0,,AG001,CASH_OUT_RISK,0,0,23790.24,22881.0,0,0
TXN-SYN-B8CBF032,CUST0245,2026-09-26 03:20:51,469.8356551872316,SEND_MONEY,69,True,1,True,79.07750592983876,RCV0741,False,2,,,ACCOUNT_TAKEOVER_LIKE,0,0,2308.4,-1838.56,0,0
TXN-SYN-3B765B5A,CUST0142,2026-09-26 03:22:03,26410.82,CASH_OUT,1111,False,1071,True,54.243823355365976,RCV0327,False,0,,AG007,CASH_OUT_RISK,0,0,669.86,25740.96,0,0
TXN-SYN-5B4D2EB9,CUST0087,2026-09-26 03:23:26,8443.452814624297,BILL_PAY,15,True,1,True,306.22384031991623,RCV0157,False,5,,,ACCOUNT_TAKEOVER_LIKE,0,0,21847.98,-13404.52,0,0
TXN-SYN-227741D5,CUST0657,2026-09-26 03:26:45,44001.21,CASH_OUT,574,False,535,True,62.50144039686687,RCV0917,False,0,,AG028,CASH_OUT_RISK,0,1,1470.0,42531.21,0,0
TXN-SYN-A0C44CCA,CUST0338,2026-09-26 03:43:24,31999.44,CASH_OUT,634,False,578,True,35.036617416527065,RCV1103,False,0,,AG027,CASH_OUT_RISK,0,0,3233.51,28765.93,0,0
TXN-SYN-1D9E7621,CUST0032,2026-09-26 04:01:46,2743.083288522314,CASH_OUT,84,True,2,True,287.16084329533794,RCV0878,False,2,,AG008,ACCOUNT_TAKEOVER_LIKE,0,0,727.2,2015.88,0,0
TXN-SYN-950422C0,CUST0045,2026-09-26 04:02:11,34175.812562833016,SEND_MONEY,83,True,2,True,226.31034691609776,RCV0193,False,4,,,ACCOUNT_TAKEOVER_LIKE,0,1,16767.81,17408.0,0,0
TXN-SYN-61B7F9A0,CUST0368,2026-09-26 04:11:06,11915.365339650669,SEND_MONEY,69,True,2,True,423.49972711767106,RCV0223,False,2,,,ACCOUNT_TAKEOVER_LIKE,0,0,11822.35,93.01,0,0
TXN-SYN-AF0AF091,CUST0718,2026-09-26 04:27:05,12580.609930394363,SEND_MONEY,80,True,2,True,329.21320327338674,RCV1071,False,4,,,ACCOUNT_TAKEOVER_LIKE,0,0,10650.65,1929.96,0,0
TXN-SYN-2749062D,CUST0145,2026-09-26 05:25:19,16225.601628753648,SEND_MONEY,75,True,1,True,415.9709361424945,RCV0383,False,5,,,ACCOUNT_TAKEOVER_LIKE,0,0,11590.16,4635.44,0,0
TXN-SYN-1F7F2D27,CUST0653,2026-09-26 05:47:06,2387.272256146722,CASH_IN,10,True,0,True,199.4481551920084,RCV1142,False,2,,AG028,ACCOUNT_TAKEOVER_LIKE,0,0,5278.06,-2890.78,0,0
TXN-SYN-4CF12AFD,CUST0679,2026-09-26 05:55:23,761.0623717696105,CASH_OUT,34,True,1,True,231.87180504796441,RCV0847,False,3,,AG024,ACCOUNT_TAKEOVER_LIKE,0,0,4259.41,-3498.35,0,0
TXN-SYN-5AC28534,CUST0264,2026-09-26 08:01:46,384.06,SEND_MONEY,1015,False,936,False,5.874151637926667,RCV0435,False,0,,,NORMAL,0,0,15330.5,-14946.44,0,0
TXN-SYN-1223F4CE,CUST0390,2026-09-26 08:12:37,2045.23,BILL_PAY,1308,False,1264,False,4.143004118309941,RCV0082,False,0,,,NORMAL,0,0,953.62,1091.6,0,0
TXN-SYN-67AF83BF,CUST0724,2026-09-26 08:20:24,1119.54,CASH_OUT,397,False,366,False,5.893292530566302,RCV0147,False,0,,AG022,NORMAL,0,0,7735.24,-6615.7,0,0
TXN-SYN-26A3B62C,CUST0677,2026-09-26 08:20:41,16896.33,CASH_IN,1468,False,1444,False,4.17937247750532,RCV0995,False,0,,AG025,NORMAL,0,0,945.49,15950.84,0,0
TXN-SYN-B9B8870E,CUST0698,2026-09-26 08:30:26,4971.48,CASH_OUT,524,False,503,False,0.9766631812612292,RCV1062,False,0,,AG008,NORMAL,0,0,15204.42,-10232.94,0,0
TXN-SYN-D62359BB,CUST0444,2026-09-26 08:30:54,709.73,CASH_IN,900,False,852,False,4.816092461102119,RCV0104,False,0,,AG007,NORMAL,0,0,11685.47,-10975.74,0,0
TXN-SYN-15F63CC7,CUST0592,2026-09-26 08:35:32,4487.08,MERCHANT_PAYMENT,812,False,791,False,1.2362965260541847,RCV0712,False,0,M002,,NORMAL,0,0,13026.4,-8539.32,0,0
TXN-SYN-78BE02BE,CUST0085,2026-09-26 08:41:41,6513.1,SEND_MONEY,443,False,389,False,9.436336706484948,RCV0848,False,0,,,NORMAL,0,0,15543.36,-9030.26,0,0
TXN-SYN-F0519FBF,CUST0238,2026-09-26 08:42:44,23105.41,SEND_MONEY,1431,False,1369,False,1.2451546883362041,RCV0539,False,0,,,NORMAL,0,0,49201.21,-26095.8,0,0
TXN-SYN-99BD4296,CUST0065,2026-09-26 08:49:58,16970.58,SEND_MONEY,248,False,190,False,5.002249118845211,RCV0052,True,0,M015,,MULE_LIKE,0,0,1793.56,15177.02,0,0
TXN-SYN-E4C9D167,CUST0699,2026-09-26 08:53:32,1201.0,SEND_MONEY,104,False,21,False,6.309217902291634,RCV0558,False,0,,,NORMAL,0,0,9170.68,-7969.68,0,0
TXN-SYN-5652CF40,CUST0709,2026-09-26 08:56:36,418.8,MOBILE_RECHARGE,947,False,886,False,2.569080788268624,RCV0246,False,0,,,NORMAL,0,2,18933.5,-18514.7,0,1
TXN-SYN-A5291541,CUST0783,2026-09-26 08:58:18,634.45,MERCHANT_PAYMENT,1169,False,1102,False,0.31708075891562215,RCV1081,False,0,M003,,NORMAL,0,1,7952.64,-7318.19,0,0
TXN-SYN-864F74C2,CUST0029,2026-09-26 08:58:37,528.52,MERCHANT_PAYMENT,719,False,700,False,1.2234137992133287,RCV1088,False,0,M029,,NORMAL,0,1,12268.15,-11739.63,0,1
TXN-SYN-637D28C2,CUST0078,2026-09-26 09:06:39,621.82,MERCHANT_PAYMENT,925,False,858,False,9.888405413036631,RCV0657,False,0,M041,,NORMAL,0,0,15650.16,-15028.34,0,0
TXN-SYN-9CA1917A,CUST0275,2026-09-26 09:08:30,1810.13,SEND_MONEY,984,False,984,False,4.7557740971846645,RCV0650,False,0,,,NORMAL,0,1,9455.55,-7645.42,0,0
TXN-SYN-DE5162E5,CUST0102,2026-09-26 09:08:38,1859.08,MOBILE_RECHARGE,416,False,350,False,8.962213026850383,RCV0193,False,0,,,NORMAL,0,0,25191.66,-23332.58,0,0
TXN-SYN-8B25B96F,CUST0123,2026-09-26 09:20:17,628.05,SEND_MONEY,1080,False,1008,False,4.826809287713916,RCV0271,False,1,,,NORMAL,0,0,5379.8,-4751.75,0,0
TXN-SYN-85E8BA24,CUST0661,2026-09-26 09:20:19,146.54,SEND_MONEY,157,False,141,False,4.528752863372327,RCV0528,False,0,,,NORMAL,0,0,11302.11,-11155.57,0,0
TXN-SYN-15AEAD6E,CUST0123,2026-09-26 09:30:38,17852.23,SEND_MONEY,1453,False,1400,False,0.2194748239275579,RCV0067,False,0,,,NORMAL,1,1,4429.45,13422.78,0,0
TXN-SYN-0CF9400C,CUST0536,2026-09-26 09:54:13,296.36,SEND_MONEY,1241,False,1176,False,5.8389371372659475,RCV0976,False,1,,,NORMAL,0,0,10387.27,-10090.91,0,0
TXN-SYN-3744A7AD,CUST0664,2026-09-26 09:55:09,422.64,MOBILE_RECHARGE,1293,False,1263,False,5.790205400047132,RCV0197,False,0,,,NORMAL,0,0,12307.0,-11884.36,0,0
TXN-SYN-8C3AAA5A,CUST0661,2026-09-26 10:05:44,8973.0,SEND_MONEY,1014,False,985,False,2.4886358870080705,RCV0284,True,0,,AG006,SCAM_LIKE,1,1,9907.66,-934.66,0,0
TXN-SYN-E8497CC9,CUST0300,2026-09-26 10:10:37,32325.66,SEND_MONEY,1408,False,1343,False,1.2801606520343634,RCV1016,True,0,,,MULE_LIKE,0,0,5518.62,26807.04,0,0
TXN-SYN-1D51D81A,CUST0221,2026-09-26 10:15:15,1703.41,SEND_MONEY,621,False,534,False,9.05548281603916,RCV0465,False,0,,,NORMAL,0,0,24680.87,-22977.46,0,0
TXN-SYN-F5933DB3,CUST0415,2026-09-26 10:20:00,762.77,MERCHANT_PAYMENT,662,False,662,False,2.4589891068016545,RCV0070,False,0,M035,,NORMAL,0,0,9531.3,-8768.53,0,0
TXN-SYN-CE528BDA,CUST0586,2026-09-26 10:28:19,1540.54,CASH_OUT,292,False,235,False,4.764612712393995,RCV0565,False,0,,AG001,NORMAL,0,2,9333.43,-7792.89,0,0
TXN-SYN-3A89C39E,CUST0461,2026-09-26 10:28:33,10047.11,MERCHANT_PAYMENT,1033,False,959,False,4.8341743979633645,RCV1181,False,1,M023,,NORMAL,0,0,6022.49,4024.62,0,0
TXN-SYN-161B8366,CUST0598,2026-09-26 10:30:54,422.33,CASH_OUT,1033,False,1032,False,1.6439902272030937,RCV1161,False,0,,AG021,NORMAL,0,0,335.84,86.5,0,0
TXN-SYN-4D438712,CUST0021,2026-09-26 10:31:28,108.79,MOBILE_RECHARGE,848,False,773,False,7.922159038047747,RCV0179,False,0,,,NORMAL,0,0,25126.37,-25017.58,0,0
TXN-SYN-46A96101,CUST0771,2026-09-26 10:34:30,1295.48,SEND_MONEY,245,False,239,False,0.9102543535038699,RCV0874,False,0,,,NORMAL,0,0,15179.55,-13884.07,0,0
TXN-SYN-95E7709D,CUST0027,2026-09-26 10:37:17,1141.44,SEND_MONEY,1229,False,1184,False,4.2185396698948345,RCV0425,False,0,,,NORMAL,0,0,5111.11,-3969.67,0,0
TXN-SYN-26D466C1,CUST0544,2026-09-26 10:44:21,35612.23,SEND_MONEY,285,False,201,False,4.517934811218142,RCV0999,True,0,,,MULE_LIKE,0,0,7425.87,28186.36,0,0
TXN-SYN-620B2FA6,CUST0051,2026-09-26 10:47:37,32522.87,SEND_MONEY,308,False,279,False,7.09646393255548,RCV0976,True,0,,,MULE_LIKE,0,1,6258.73,26264.14,0,0
TXN-SYN-D5332903,CUST0309,2026-09-26 10:51:36,988.02,SEND_MONEY,1448,False,1398,False,1.3032043317233588,RCV0035,False,0,,,NORMAL,0,2,8666.62,-7678.6,0,1
TXN-SYN-0BEA5832,CUST0681,2026-09-26 11:12:59,4385.86,SEND_MONEY,513,False,437,False,7.8790851118032705,RCV0116,False,0,,,NORMAL,0,1,4738.5,-352.64,0,0
TXN-SYN-ED00B1F2,CUST0128,2026-09-26 11:26:41,19087.82,SEND_MONEY,1350,False,1328,False,8.134623931347242,RCV0999,True,0,,AG011,MULE_LIKE,0,0,5236.62,13851.2,0,0
TXN-SYN-9629BC52,CUST0624,2026-09-26 11:28:20,1762.65,CASH_IN,709,False,626,False,9.331834184767672,RCV0250,False,0,,AG029,NORMAL,0,1,10434.58,-8671.93,0,1
TXN-SYN-BC5A4EDB,CUST0311,2026-09-26 11:35:45,2489.15,CASH_OUT,252,False,198,False,2.160601162447664,RCV0745,False,0,,AG004,NORMAL,0,0,1558.88,930.27,0,0
TXN-SYN-B04B75B6,CUST0295,2026-09-26 11:43:34,3738.84,BILL_PAY,431,False,416,False,6.376642845894569,RCV0240,False,0,,,NORMAL,0,0,8559.85,-4821.01,0,0
TXN-SYN-4DFE5672,CUST0067,2026-09-26 11:45:46,1899.42,MERCHANT_PAYMENT,209,False,197,False,1.2431626905898685,RCV0845,False,0,M039,,NORMAL,0,0,6579.51,-4680.09,0,0
TXN-SYN-068E98F1,CUST0348,2026-09-26 11:47:08,774.93,MERCHANT_PAYMENT,550,False,506,False,5.5329063962300005,RCV1170,False,0,M002,,NORMAL,0,1,6559.58,-5784.65,0,0
TXN-SYN-A367C684,CUST0170,2026-09-26 11:51:29,380.0,CASH_OUT,1296,False,1209,False,8.551058377399537,RCV1175,False,0,,AG021,NORMAL,0,0,1918.22,-1538.22,0,0
TXN-SYN-ABE69289,CUST0075,2026-09-26 11:51:42,23240.61,SEND_MONEY,1010,False,953,False,0.029801307823309475,RCV0755,True,0,,AG009,MULE_LIKE,0,0,14597.75,8642.86,0,0
TXN-SYN-7535277E,CUST0657,2026-09-26 11:52:12,858.98,SEND_MONEY,595,False,584,False,1.3224012441065802,RCV0335,False,0,,,NORMAL,0,2,12102.8,-11243.82,0,1
TXN-SYN-08B20C64,CUST0353,2026-09-26 11:53:33,419.93,CASH_IN,451,False,442,False,0.970474215311159,RCV0734,False,0,,AG012,NORMAL,0,0,1686.4,-1266.47,0,0
TXN-SYN-E13F7CED,CUST0641,2026-09-26 11:53:38,22591.65,SEND_MONEY,344,False,334,False,4.517087176199929,RCV0193,True,0,M036,,SCAM_LIKE,0,0,14278.21,8313.44,0,0
TXN-SYN-4B1358B9,CUST0192,2026-09-26 11:58:54,2106.63,MERCHANT_PAYMENT,227,False,216,False,2.7844661068628263,RCV1168,False,0,M007,,NORMAL,0,0,3519.27,-1412.64,0,0
TXN-SYN-7E8CC85F,CUST0408,2026-09-26 11:59:21,11088.87,SEND_MONEY,1374,True,1368,False,0.6078116862940341,RCV0710,True,0,,,SCAM_LIKE,0,0,4242.73,6846.14,0,0
TXN-SYN-57D09643,CUST0420,2026-09-26 12:10:00,3104.83,BILL_PAY,744,False,714,False,8.379515732657444,RCV0660,False,0,,,NORMAL,0,0,2215.51,889.32,0,0
TXN-SYN-9D9A5E4F,CUST0779,2026-09-26 12:11:35,34204.27,SEND_MONEY,515,False,448,False,2.1144326925067447,RCV0303,True,0,,AG019,MULE_LIKE,0,0,13329.33,20874.94,0,0
TXN-SYN-BB30DC7E,CUST0313,2026-09-26 12:11:56,2377.75,SEND_MONEY,1083,False,1035,False,4.639324866883362,RCV0020,False,1,,,NORMAL,0,0,25439.27,-23061.52,0,0
TXN-SYN-CA117389,CUST0600,2026-09-26 12:14:08,17780.65,SEND_MONEY,130,True,95,False,2.6425987784965566,RCV1023,True,0,,,SCAM_LIKE,0,0,12176.13,5604.52,0,0
TXN-SYN-18D5CB24,CUST0066,2026-09-26 12:16:08,5274.26,CASH_IN,1254,False,1186,False,1.5624411425191675,RCV0644,False,1,,AG007,NORMAL,0,0,15709.0,-10434.74,0,0
TXN-SYN-6C4BA61D,CUST0660,2026-09-26 12:18:14,23088.49,SEND_MONEY,406,False,342,False,7.686053267945152,RCV0997,True,0,,,MULE_LIKE,0,0,1367.26,21721.23,0,0
TXN-SYN-D800D988,CUST0596,2026-09-26 12:26:50,1326.58,SEND_MONEY,769,False,753,False,1.8514033197394753,RCV0048,False,0,,,NORMAL,0,0,10639.13,-9312.55,0,0
TXN-SYN-1D20A0C8,CUST0696,2026-09-26 12:36:56,8089.86,SEND_MONEY,248,True,235,False,4.833114486972939,RCV1009,True,0,,,SCAM_LIKE,0,0,388.1,7701.76,0,0
TXN-SYN-53603201,CUST0497,2026-09-26 12:48:25,38613.53,SEND_MONEY,755,False,693,False,3.2224284489181274,RCV0999,True,1,,,MULE_LIKE,0,0,15048.31,23565.22,0,0
TXN-SYN-E525E47F,CUST0097,2026-09-26 12:50:48,540.62,CASH_IN,1135,False,1111,False,2.2394794126074724,RCV0936,False,0,,AG023,NORMAL,0,0,14290.36,-13749.74,0,0
TXN-SYN-9F116350,CUST0199,2026-09-26 12:59:44,8197.95,SEND_MONEY,267,True,233,False,7.980155187044523,RCV0947,True,0,,,SCAM_LIKE,0,0,818.8,7379.16,0,0
TXN-SYN-AB624213,CUST0024,2026-09-26 13:05:18,641.7,SEND_MONEY,641,False,628,False,2.554606153416852,RCV0091,False,0,,,NORMAL,0,0,6028.3,-5386.6,0,0
TXN-SYN-66E44FFA,CUST0400,2026-09-26 13:06:54,1286.28,SEND_MONEY,1332,False,1246,False,4.171118602095746,RCV1126,False,0,,,NORMAL,0,1,7787.58,-6501.3,0,0
TXN-SYN-300106AC,CUST0261,2026-09-26 13:08:45,683.83,CASH_OUT,207,False,189,False,1.909697896671958,RCV0086,False,0,,AG003,NORMAL,0,0,6830.74,-6146.91,0,0
TXN-SYN-62596C96,CUST0330,2026-09-26 13:08:46,254.51,BILL_PAY,570,False,527,False,1.5939310846183774,RCV0251,False,0,,,NORMAL,0,0,9009.45,-8754.94,0,0
TXN-SYN-E707C62A,CUST0191,2026-09-26 13:10:10,6654.64,SEND_MONEY,470,True,458,False,2.716367974120967,RCV0436,True,0,,,SCAM_LIKE,0,1,4632.27,2022.37,0,0
TXN-SYN-AF2090D3,CUST0677,2026-09-26 13:12:37,1617.41,SEND_MONEY,1379,False,1348,False,7.363193948636227,RCV0154,False,0,,,NORMAL,0,1,3603.97,-1986.56,0,0
TXN-SYN-42BC2417,CUST0115,2026-09-26 13:12:43,632.36,SEND_MONEY,242,False,211,False,6.373048264283244,RCV0403,False,0,,,NORMAL,0,1,11111.96,-10479.59,0,0
TXN-SYN-883F3BD5,CUST0763,2026-09-26 13:14:46,16956.99,SEND_MONEY,574,True,507,False,8.504519004049165,RCV0744,True,0,,,SCAM_LIKE,0,0,1329.67,15627.32,0,0
TXN-SYN-0FC5EE03,CUST0535,2026-09-26 13:18:07,362.73,MERCHANT_PAYMENT,861,False,845,False,8.147845339645663,RCV0904,False,0,M037,,NORMAL,0,0,7994.62,-7631.89,0,0
TXN-SYN-F9F63B83,CUST0175,2026-09-26 13:31:57,19593.98,SEND_MONEY,496,False,436,False,7.917974280536516,RCV0321,True,1,,AG024,SCAM_LIKE,0,1,10952.42,8641.56,0,0
TXN-SYN-0B5245DB,CUST0050,2026-09-26 13:36:32,31483.3,SEND_MONEY,404,False,353,False,0.388347344294232,RCV0997,True,0,,,MULE_LIKE,0,0,6117.23,25366.07,0,0
TXN-SYN-2994C1BA,CUST0733,2026-09-26 13:38:34,701.14,SEND_MONEY,962,False,950,False,7.700044132524325,RCV0397,False,0,,,NORMAL,0,0,6410.42,-5709.28,0,0
TXN-SYN-E956ABB8,CUST0147,2026-09-26 13:56:19,3819.16,SEND_MONEY,1334,False,1273,False,8.999501467236602,RCV0027,False,0,,,NORMAL,0,0,713.0,3106.16,0,0
TXN-SYN-C4DAB90C,CUST0199,2026-09-26 14:00:41,399.98,MOBILE_RECHARGE,1205,False,1144,False,3.377191445622171,RCV0527,False,0,,,NORMAL,0,1,3278.51,-2878.53,0,0
TXN-SYN-1C114B09,CUST0244,2026-09-26 14:00:42,17178.32,SEND_MONEY,765,False,747,False,2.27445731536256,RCV0785,True,0,,,MULE_LIKE,0,1,3352.4,13825.92,0,0
TXN-SYN-8BF132E4,CUST0652,2026-09-26 14:02:02,582.58,MERCHANT_PAYMENT,112,False,61,False,4.685985087288353,RCV0440,False,0,M018,,NORMAL,0,0,9091.2,-8508.62,0,0
TXN-SYN-4471BBDF,CUST0794,2026-09-26 14:05:50,20202.54,SEND_MONEY,430,False,355,False,5.522460249325004,RCV0114,True,0,,AG026,MULE_LIKE,0,0,5496.22,14706.32,0,0
TXN-SYN-C8B4ECDC,CUST0330,2026-09-26 14:17:28,10142.33,MOBILE_RECHARGE,190,False,153,False,3.2605255028771385,RCV0344,False,0,,,NORMAL,0,1,7258.46,2883.87,0,0
TXN-SYN-3A7579D8,CUST0756,2026-09-26 14:20:11,5740.03,CASH_IN,1331,False,1275,False,3.6836594064430983,RCV1160,False,0,,AG015,NORMAL,0,0,5225.77,514.26,0,0
TXN-SYN-E4579190,CUST0384,2026-09-26 14:34:10,795.54,SEND_MONEY,1478,False,1448,False,6.965046200469594,RCV1121,False,0,,,NORMAL,0,0,6542.9,-5747.36,0,0
TXN-SYN-48F5B399,CUST0697,2026-09-26 14:50:59,195.66,SEND_MONEY,166,False,139,False,9.188520512589097,RCV0725,False,0,,,NORMAL,0,0,7045.53,-6849.87,0,0
TXN-SYN-A12D4FB6,CUST0220,2026-09-26 14:59:59,760.29,BILL_PAY,635,False,602,False,5.993689656629338,RCV0525,False,0,,,NORMAL,0,0,7305.91,-6545.62,0,0
TXN-SYN-ED06FD8E,CUST0512,2026-09-26 15:15:08,2231.88,MERCHANT_PAYMENT,1197,False,1149,False,9.421963388357298,RCV0286,False,0,M029,,NORMAL,0,0,4967.96,-2736.08,0,0
TXN-SYN-31370E03,CUST0275,2026-09-26 15:22:50,944.41,MERCHANT_PAYMENT,259,False,194,False,8.394537159432758,RCV0417,False,0,M019,,NORMAL,0,1,8760.51,-7816.1,0,0
TXN-SYN-4B31A709,CUST0368,2026-09-26 15:25:44,494.02,SEND_MONEY,255,False,199,False,2.8724635893503017,RCV0171,False,0,,,NORMAL,0,1,11837.85,-11343.83,0,0
TXN-SYN-C5368841,CUST0779,2026-09-26 15:30:40,18410.08,SEND_MONEY,1489,True,1468,False,9.22062267166209,RCV0329,True,0,,,SCAM_LIKE,0,1,15227.05,3183.03,0,0
TXN-SYN-DEA5DEB0,CUST0413,2026-09-26 15:35:22,1430.47,MOBILE_RECHARGE,1468,False,1450,False,8.145652121135027,RCV1176,False,0,,,NORMAL,0,0,6767.53,-5337.06,0,0
TXN-SYN-34A901BD,CUST0013,2026-09-26 15:35:36,3167.67,CASH_OUT,1074,False,1051,False,4.873543708786357,RCV0716,False,0,,AG008,NORMAL,0,0,4110.72,-943.05,0,0
TXN-SYN-C923B30F,CUST0208,2026-09-26 15:38:23,2651.16,SEND_MONEY,540,False,528,False,8.545154359107496,RCV0604,False,0,,,NORMAL,0,0,5734.89,-3083.73,0,0
TXN-SYN-EA80085F,CUST0279,2026-09-26 15:43:32,426.73,CASH_OUT,1121,False,1087,False,0.6690362901245717,RCV1045,False,0,,AG006,NORMAL,0,0,25187.99,-24761.26,0,0
TXN-SYN-3F19AD45,CUST0733,2026-09-26 15:47:30,778.29,CASH_IN,619,False,564,False,4.976879595477721,RCV0889,False,0,,AG011,NORMAL,0,1,5971.24,-5192.95,0,0
TXN-SYN-11A4EEC5,CUST0336,2026-09-26 15:53:54,112.34,MOBILE_RECHARGE,411,False,406,False,8.090185422666975,RCV1100,False,0,,,NORMAL,0,0,1326.35,-1214.01,0,0
TXN-SYN-CF37EA2B,CUST0215,2026-09-26 16:05:53,7264.62,SEND_MONEY,1248,True,1170,False,5.016991660064249,RCV0971,True,0,,,SCAM_LIKE,0,0,7264.62,0.0,0,0
TXN-SYN-330FF3C4,CUST0536,2026-09-26 16:06:08,2088.97,CASH_OUT,1080,False,995,False,9.154882975880419,RCV0465,False,0,,AG020,NORMAL,0,1,8369.09,-6280.12,0,0
TXN-SYN-C7B0654C,CUST0603,2026-09-26 16:08:12,4151.0,SEND_MONEY,1301,False,1219,False,3.285517429445257,RCV0669,False,0,,,NORMAL,0,0,8432.31,-4281.31,0,0
TXN-SYN-6DD50F05,CUST0745,2026-09-26 16:10:52,40946.67,SEND_MONEY,779,False,760,False,1.5309739464624172,RCV0435,True,0,,,MULE_LIKE,0,0,22897.45,18049.22,0,0
TXN-SYN-C4EB69EE,CUST0698,2026-09-26 16:11:19,115.94,MERCHANT_PAYMENT,1329,False,1243,False,1.2579221811125618,RCV0504,False,0,M048,,NORMAL,0,1,13925.3,-13809.36,0,1
TXN-SYN-32A815B4,CUST0579,2026-09-26 16:12:29,2407.43,BILL_PAY,1083,False,1079,False,1.691375933224738,RCV0635,False,0,,,NORMAL,0,1,3564.64,-1157.21,0,0
TXN-SYN-4158C5D5,CUST0244,2026-09-26 16:12:58,1966.51,CASH_OUT,1207,False,1193,False,5.663228801665321,RCV0577,False,0,,AG029,NORMAL,0,2,6808.88,-4842.37,0,0
TXN-SYN-6E5F6E5B,CUST0301,2026-09-26 16:16:15,100000.0,SEND_MONEY,820,False,804,False,2.306264286221442,RCV0585,False,0,,,NORMAL,0,1,6054.44,93945.56,0,1
TXN-SYN-893D3391,CUST0761,2026-09-26 16:18:02,7776.22,SEND_MONEY,1195,False,1128,False,3.9176836589859807,RCV0800,False,0,,,NORMAL,0,1,3023.55,4752.67,0,0
TXN-SYN-A575C51F,CUST0282,2026-09-26 16:22:49,2007.75,CASH_OUT,738,False,701,False,7.7235042111324335,RCV0830,False,0,,AG012,NORMAL,0,0,9547.95,-7540.2,0,0
TXN-SYN-19767D32,CUST0596,2026-09-26 16:26:50,23999.11,SEND_MONEY,974,False,929,False,1.1052525520579626,RCV0998,True,0,,,MULE_LIKE,0,1,9308.76,14690.35,0,0
TXN-SYN-91858920,CUST0428,2026-09-26 16:27:51,951.73,MOBILE_RECHARGE,1436,False,1360,False,2.6517074118335557,RCV0873,False,0,,,NORMAL,0,0,9218.51,-8266.78,0,0
TXN-SYN-7943444F,CUST0247,2026-09-26 16:30:04,5465.74,SEND_MONEY,473,True,460,False,4.955246233118446,RCV0038,True,0,,,SCAM_LIKE,0,0,17976.97,-12511.23,0,0
TXN-SYN-49E807D1,CUST0066,2026-09-26 16:46:29,342.0,MERCHANT_PAYMENT,591,False,590,False,8.812433203644407,RCV0046,False,0,M003,,NORMAL,0,1,13622.05,-13280.05,0,0
TXN-SYN-77059003,CUST0304,2026-09-26 16:52:49,441.98,CASH_OUT,1035,False,997,False,3.6672190859379903,RCV0285,False,0,,AG013,NORMAL,0,0,11130.87,-10688.89,0,0
TXN-SYN-C6CC3651,CUST0173,2026-09-26 17:03:34,310.69,SEND_MONEY,1488,False,1446,False,4.998206595750823,RCV0325,False,0,,,NORMAL,0,0,4620.91,-4310.22,0,0
TXN-SYN-CFDCB1BF,CUST0161,2026-09-26 17:07:13,22976.31,SEND_MONEY,1232,True,1167,False,4.3372370283142105,RCV0252,True,0,,AG026,SCAM_LIKE,0,0,1849.18,21127.14,0,0
TXN-SYN-D8A086FF,CUST0182,2026-09-26 17:07:42,97.61,CASH_IN,1298,False,1285,False,3.3060375082667717,RCV0197,False,0,,AG013,NORMAL,0,0,5175.48,-5077.87,0,0
TXN-SYN-F128E7CC,CUST0656,2026-09-26 17:14:44,5604.76,SEND_MONEY,596,False,518,False,0.19514094337760524,RCV0827,True,0,,,SCAM_LIKE,0,2,5700.51,-95.75,0,1
TXN-SYN-5695CC0D,CUST0497,2026-09-26 17:21:06,144.75,CASH_OUT,601,False,522,False,8.696164577322618,RCV0604,False,0,,AG004,NORMAL,0,1,19761.35,-19616.6,0,0
TXN-SYN-A189E52A,CUST0292,2026-09-26 17:25:45,23660.99,SEND_MONEY,1474,False,1437,False,6.284663368583336,RCV0765,True,0,M018,,SCAM_LIKE,0,0,9943.58,13717.41,0,0
TXN-SYN-751F7555,CUST0588,2026-09-26 17:35:03,261.21,SEND_MONEY,521,False,488,False,8.211863754087236,RCV0338,False,0,,,NORMAL,0,0,425.95,-164.74,0,0
TXN-SYN-3EE3BB3B,CUST0073,2026-09-26 17:43:32,764.32,CASH_OUT,614,False,583,False,5.264919466137603,RCV0673,False,0,,AG023,NORMAL,0,0,4122.61,-3358.29,1,0
TXN-SYN-7B791550,CUST0339,2026-09-26 17:48:16,5675.03,SEND_MONEY,362,False,285,False,6.9567767571330466,RCV0686,False,0,,,NORMAL,0,0,10798.37,-5123.34,0,0
TXN-SYN-BB45D674,CUST0064,2026-09-26 18:11:40,27511.98,SEND_MONEY,309,False,270,False,6.126685297394793,RCV0997,True,0,,,MULE_LIKE,0,0,2805.53,24706.45,0,0
TXN-SYN-33676CAE,CUST0403,2026-09-26 18:24:28,1426.76,BILL_PAY,977,False,954,False,6.74908091171945,RCV0168,False,0,,,NORMAL,0,0,4886.23,-3459.47,0,0
TXN-SYN-7ADF56CE,CUST0460,2026-09-26 18:25:39,7082.17,MERCHANT_PAYMENT,1113,False,1102,False,7.315073696663607,RCV0244,False,0,M000,,NORMAL,0,0,7846.24,-764.07,0,0
TXN-SYN-C69DCA85,CUST0377,2026-09-26 18:27:04,15946.09,SEND_MONEY,191,True,112,False,9.620584989413516,RCV0094,True,0,M019,,SCAM_LIKE,0,0,6610.02,9336.07,0,0
TXN-SYN-07EAF622,CUST0275,2026-09-26 18:36:41,12317.13,SEND_MONEY,1218,False,1179,False,4.729418635417149,RCV0212,False,0,,,NORMAL,0,2,8109.17,4207.96,0,0
TXN-SYN-F7A1763B,CUST0166,2026-09-26 18:38:04,2375.54,SEND_MONEY,549,False,498,False,0.8451466885783099,RCV0268,False,0,,,NORMAL,0,0,8473.49,-6097.95,1,0
TXN-SYN-8546ECFA,CUST0359,2026-09-26 18:43:22,19906.36,SEND_MONEY,743,False,703,False,3.3092230783359433,RCV0997,True,0,,,MULE_LIKE,0,0,13478.73,6427.63,0,0
TXN-SYN-B4C24A92,CUST0608,2026-09-26 19:09:18,15858.9,SEND_MONEY,1359,False,1340,False,2.2029267049442747,RCV0227,False,0,,,NORMAL,0,1,15641.7,217.2,0,1
TXN-SYN-4056ED0C,CUST0181,2026-09-26 19:11:13,1874.55,SEND_MONEY,172,False,171,False,5.778993846358342,RCV0869,False,0,,,NORMAL,0,0,10835.53,-8960.98,0,0
TXN-SYN-2895E943,CUST0527,2026-09-26 19:13:15,857.05,CASH_OUT,1450,False,1372,False,8.784158630449618,RCV0491,False,1,,AG013,NORMAL,0,0,17128.07,-16271.02,0,0
TXN-SYN-FB8C2998,CUST0496,2026-09-26 19:19:17,243.74,MERCHANT_PAYMENT,1253,False,1229,False,3.8501563486320665,RCV0964,False,0,M020,,NORMAL,0,0,18746.82,-18503.08,1,0
TXN-SYN-065278FC,CUST0750,2026-09-26 19:31:11,47343.52,SEND_MONEY,248,False,233,False,6.657660847303056,RCV1061,True,0,,,MULE_LIKE,0,0,50.14,47293.38,0,0
TXN-SYN-BEC48915,CUST0211,2026-09-26 19:31:27,1575.53,SEND_MONEY,287,False,254,False,1.7920465422304377,RCV1129,False,0,,,NORMAL,0,0,504.25,1071.28,0,0
TXN-SYN-DF78F4BB,CUST0352,2026-09-26 19:34:20,20344.51,SEND_MONEY,143,False,98,False,2.365559985123017,RCV0928,True,0,,,SCAM_LIKE,0,0,1819.38,18525.13,0,0
TXN-SYN-922237F0,CUST0790,2026-09-26 19:37:21,1301.75,SEND_MONEY,539,False,490,False,4.610489672188355,RCV0780,False,0,,,NORMAL,0,0,1027.29,274.46,0,0
TXN-SYN-244BF599,CUST0401,2026-09-26 19:52:47,11649.42,SEND_MONEY,1035,True,992,False,0.5095108579366348,RCV0471,True,0,,,SCAM_LIKE,0,0,1677.34,9972.08,0,0
TXN-SYN-B9CFCF48,CUST0709,2026-09-26 19:55:56,676.42,SEND_MONEY,1084,False,1051,False,9.218289466394582,RCV0499,False,0,,,NORMAL,0,2,15847.72,-15171.3,0,1
TXN-SYN-34E8EA54,CUST0190,2026-09-26 19:56:19,214.61,SEND_MONEY,761,False,722,False,6.92013390568912,RCV1091,False,0,,,NORMAL,0,0,12548.89,-12334.28,0,0
TXN-SYN-43EE5935,CUST0754,2026-09-26 20:00:12,19419.78,SEND_MONEY,1064,False,1004,False,7.050769619293123,RCV0999,True,0,,,MULE_LIKE,0,0,4407.92,15011.86,0,0
TXN-SYN-7526CB66,CUST0720,2026-09-26 20:02:28,483.83,SEND_MONEY,190,False,148,False,9.867520113463506,RCV1001,False,0,,,NORMAL,0,0,2586.6,-2102.78,0,0
TXN-SYN-0A6AD762,CUST0404,2026-09-26 20:20:01,154.71,SEND_MONEY,817,False,734,False,5.443312166390541,RCV0937,False,0,,,NORMAL,0,0,1317.76,-1163.06,0,0
TXN-SYN-36125EF1,CUST0169,2026-09-26 20:26:05,43699.15,MERCHANT_PAYMENT,271,False,210,False,1.6942374019741058,RCV0820,False,0,M017,,NORMAL,0,0,452.56,43246.59,0,0
TXN-SYN-27EEBCE0,CUST0769,2026-09-26 20:26:11,26474.32,SEND_MONEY,928,False,928,False,4.88162191675772,RCV0832,True,0,,,MULE_LIKE,0,0,14619.47,11854.85,0,0
TXN-SYN-8F3DA871,CUST0058,2026-09-26 20:27:12,4073.7,CASH_IN,1150,False,1138,False,3.9121816504142104,RCV0009,False,1,,AG009,NORMAL,0,0,4172.23,-98.53,0,0
TXN-SYN-2414346B,CUST0793,2026-09-26 20:27:32,4182.63,SEND_MONEY,771,False,723,False,6.25769415081959,RCV0529,False,0,,,NORMAL,0,0,3470.62,712.01,0,0
TXN-SYN-86C0824A,CUST0557,2026-09-26 20:34:47,778.96,CASH_OUT,1275,False,1209,False,3.8401907396495814,RCV0112,False,0,,AG029,NORMAL,0,0,4377.25,-3598.29,0,0
TXN-SYN-9963B09E,CUST0550,2026-09-26 20:42:30,2075.55,CASH_IN,763,False,674,False,2.3309407086205636,RCV0291,False,0,,AG005,NORMAL,0,0,5244.0,-3168.44,0,0
TXN-SYN-C0C74129,CUST0256,2026-09-26 20:48:47,50.0,CASH_IN,1087,False,1055,False,5.274959445582615,RCV0576,False,0,,AG024,NORMAL,0,0,13294.88,-13244.88,0,0
TXN-SYN-93BABBAF,CUST0065,2026-09-26 20:54:04,1083.49,SEND_MONEY,127,False,69,False,7.785834718513456,RCV0528,False,0,,,NORMAL,0,1,4828.97,-3745.48,0,0
TXN-SYN-1CCE12ED,CUST0081,2026-09-26 20:55:44,8504.44,SEND_MONEY,1389,False,1331,False,2.208527829630089,RCV0323,True,0,M000,,SCAM_LIKE,0,0,876.93,7627.51,0,0
TXN-SYN-EB08A9DF,CUST0622,2026-09-26 20:58:02,1048.33,MERCHANT_PAYMENT,664,False,582,False,8.047231808428686,RCV1106,False,0,M048,,NORMAL,0,0,1919.7,-871.37,0,0
TXN-SYN-165CB445,CUST0223,2026-09-26 20:58:38,2103.2,SEND_MONEY,296,False,255,False,2.8336406889111823,RCV0219,False,0,,,NORMAL,0,0,24573.63,-22470.43,0,0
TXN-SYN-87C1429E,CUST0546,2026-09-26 21:19:06,243.12,SEND_MONEY,418,False,330,False,3.0541349854275133,RCV0017,False,0,,,NORMAL,0,0,17050.65,-16807.53,0,0
TXN-SYN-CFEA988E,CUST0446,2026-09-26 21:24:45,1282.57,SEND_MONEY,616,False,615,False,8.882641562790223,RCV0069,False,0,,,NORMAL,0,0,1539.01,-256.44,0,0
TXN-SYN-6C9EF7E0,CUST0007,2026-09-26 21:25:59,1399.11,MOBILE_RECHARGE,1249,False,1167,False,0.014546845088795335,RCV0797,False,0,,,NORMAL,0,0,5596.79,-4197.68,0,0
TXN-SYN-019C6427,CUST0004,2026-09-26 21:29:46,1589.55,MERCHANT_PAYMENT,594,False,507,False,9.95917414877384,RCV0381,False,2,M042,,NORMAL,0,0,3162.79,-1573.24,0,0
TXN-SYN-CC7BD960,CUST0529,2026-09-26 21:30:18,2063.91,SEND_MONEY,843,False,794,False,9.676452161421887,RCV0464,False,0,,,NORMAL,0,0,8855.72,-6791.82,0,0
TXN-SYN-CE17A2C8,CUST0152,2026-09-26 21:32:38,45241.83,CASH_OUT,1482,False,1427,False,4.719025105645231,RCV0400,False,0,,AG013,NORMAL,0,0,6235.87,39005.96,0,0
TXN-SYN-218C01AA,CUST0732,2026-09-26 21:39:42,3639.6,BILL_PAY,1199,False,1181,False,0.6110295648660358,RCV0109,False,0,,,NORMAL,0,0,16432.74,-12793.14,0,0
TXN-SYN-FA448223,CUST0112,2026-09-26 21:50:14,1693.8,BILL_PAY,500,False,457,False,8.404140514049626,RCV0814,False,0,,,NORMAL,0,0,13008.54,-11314.74,0,0
TXN-SYN-6155CC52,CUST0036,2026-09-26 21:56:39,9111.27,CASH_OUT,1371,False,1324,False,2.6606219032492486,RCV0874,False,0,,AG028,NORMAL,0,0,8696.39,414.88,0,0
TXN-SYN-D604ACC6,CUST0645,2026-09-26 21:59:31,26942.98,CASH_OUT,1046,False,962,False,1.6672359305904605,RCV0980,False,0,,AG002,NORMAL,0,0,8020.2,18922.78,0,0
TXN-SYN-30A29700,CUST0738,2026-09-26 22:40:57,47542.71,CASH_OUT,878,False,867,True,63.9461092148812,RCV1129,False,0,M010,AG003,CASH_OUT_RISK,0,0,14202.68,33340.03,0,0
TXN-SYN-C0A68030,CUST0201,2026-09-26 23:10:10,17830.54,CASH_OUT,854,False,804,True,35.47439675264559,RCV0432,False,0,,AG023,CASH_OUT_RISK,0,0,2439.64,15390.9,0,0
TXN-SYN-0A7E8B2A,CUST0162,2026-09-27 00:57:43,60246.953375074416,CASH_IN,76,True,0,True,104.27597292151401,RCV0801,False,3,,AG006,ACCOUNT_TAKEOVER_LIKE,0,0,8027.7,52219.26,0,0
TXN-SYN-430827E9,CUST0230,2026-09-27 01:28:04,42847.05,CASH_OUT,557,False,542,True,59.794629410646095,RCV0817,False,0,,AG023,CASH_OUT_RISK,0,0,6935.24,35911.81,0,0
TXN-SYN-2A91FE5E,CUST0059,2026-09-27 01:34:19,3777.275696398322,CASH_OUT,61,True,2,True,469.11126524290665,RCV0466,False,2,,AG001,ACCOUNT_TAKEOVER_LIKE,0,0,15381.22,-11603.94,0,0
TXN-SYN-2D6BB204,CUST0321,2026-09-27 01:35:40,8454.891136452088,BILL_PAY,65,True,1,True,340.68391812462255,RCV0806,False,5,,,ACCOUNT_TAKEOVER_LIKE,0,0,7600.23,854.66,0,0
TXN-SYN-F92FF70C,CUST0113,2026-09-27 01:44:51,43322.85,CASH_OUT,872,False,823,True,69.13001315566952,RCV0759,False,0,,AG018,CASH_OUT_RISK,0,0,2451.26,40871.59,0,0
TXN-SYN-E81D864D,CUST0339,2026-09-27 01:45:26,949.9691916887266,SEND_MONEY,38,True,1,True,470.92219930616426,RCV1176,False,5,,,ACCOUNT_TAKEOVER_LIKE,0,1,10229.11,-9279.14,0,0
TXN-SYN-AC4BC620,CUST0658,2026-09-27 01:55:29,145.3404361662419,SEND_MONEY,18,True,0,True,406.8536716051422,RCV1182,False,5,,,ACCOUNT_TAKEOVER_LIKE,0,0,1377.04,-1231.7,0,0
TXN-SYN-1E4CF226,CUST0725,2026-09-27 02:03:13,12273.315561835094,SEND_MONEY,28,True,2,True,464.9654949611093,RCV0459,False,5,,,ACCOUNT_TAKEOVER_LIKE,0,0,5277.86,6995.46,0,0
TXN-SYN-DB30D86D,CUST0386,2026-09-27 02:03:54,23471.93,CASH_OUT,954,False,954,True,98.85203632884806,RCV1136,False,0,,AG011,CASH_OUT_RISK,0,1,935.61,22536.32,0,0
TXN-SYN-EE8178DF,CUST0525,2026-09-27 02:08:46,23180.74,CASH_OUT,495,False,479,True,32.25855760265814,RCV0121,False,0,M026,AG027,CASH_OUT_RISK,0,0,13248.02,9932.72,0,0
TXN-SYN-9ACA2BCF,CUST0686,2026-09-27 02:11:15,37465.1,CASH_OUT,1257,False,1251,True,37.86107084041571,RCV0464,False,0,,AG022,CASH_OUT_RISK,0,0,29387.35,8077.75,0,0
TXN-SYN-C7375F0A,CUST0495,2026-09-27 03:03:16,683.6425941931262,SEND_MONEY,60,True,2,True,237.00560199252817,RCV1130,False,4,,,ACCOUNT_TAKEOVER_LIKE,0,0,11687.51,-11003.87,0,0
TXN-SYN-700B5BCE,CUST0638,2026-09-27 03:30:00,48484.58,CASH_OUT,640,False,630,True,27.95412722503559,RCV0320,False,0,,AG007,CASH_OUT_RISK,0,0,10456.77,38027.81,0,0
TXN-SYN-F0ADD041,CUST0057,2026-09-27 03:37:37,7286.479924993161,MERCHANT_PAYMENT,20,True,2,True,304.3272591946736,RCV1135,False,3,M025,,ACCOUNT_TAKEOVER_LIKE,0,0,12467.32,-5180.84,0,0
TXN-SYN-285EADDC,CUST0232,2026-09-27 03:43:50,38680.02,CASH_OUT,1181,False,1092,True,92.85832542827622,RCV0460,False,0,,AG028,CASH_OUT_RISK,0,0,22613.13,16066.89,0,0
TXN-SYN-0D825775,CUST0599,2026-09-27 04:27:02,8535.966215725599,MERCHANT_PAYMENT,79,True,1,True,76.67275404558974,RCV0847,False,3,M026,,ACCOUNT_TAKEOVER_LIKE,0,0,11344.02,-2808.05,0,0
TXN-SYN-E2DFF3B8,CUST0639,2026-09-27 05:42:17,1297.8341176006559,CASH_IN,26,True,2,True,364.58403570036404,RCV0386,False,5,,AG023,ACCOUNT_TAKEOVER_LIKE,0,0,4676.61,-3378.77,0,0
TXN-SYN-1F85291A,CUST0761,2026-09-27 08:05:49,1542.32,SEND_MONEY,1243,False,1242,False,4.435890535313332,RCV1071,False,0,,,NORMAL,0,1,3815.66,-2273.34,0,0
TXN-SYN-55BA8F6D,CUST0511,2026-09-27 08:05:58,14131.38,CASH_OUT,327,False,265,False,6.579499112045923,RCV0044,False,0,,AG005,NORMAL,0,0,14131.38,0.0,0,0
TXN-SYN-04B4110C,CUST0005,2026-09-27 08:08:55,277.07,MERCHANT_PAYMENT,808,False,792,False,4.321162368019293,RCV1150,False,1,M033,,NORMAL,0,0,9546.3,-9269.23,0,0
TXN-SYN-C77EBF6C,CUST0727,2026-09-27 08:12:58,1537.1,BILL_PAY,704,False,622,False,4.553184100619284,RCV0496,False,0,,,NORMAL,0,0,10496.64,-8959.54,0,0
TXN-SYN-4437647A,CUST0338,2026-09-27 08:31:56,33015.33,SEND_MONEY,730,False,722,False,5.7631814974945,RCV0998,True,0,,,MULE_LIKE,0,0,6829.25,26186.08,0,0
TXN-SYN-5F8E6F80,CUST0725,2026-09-27 08:34:39,2105.18,BILL_PAY,352,False,304,False,9.571969635192346,RCV0075,False,0,,,NORMAL,0,1,6277.21,-4172.03,0,0
TXN-SYN-5343E12B,CUST0408,2026-09-27 08:46:04,21184.12,SEND_MONEY,936,False,927,False,0.10670199259654622,RCV0465,True,0,,AG015,SCAM_LIKE,0,1,5003.41,16180.71,0,0
TXN-SYN-C624B96D,CUST0588,2026-09-27 08:47:05,247.95,SEND_MONEY,965,False,906,False,0.09072404652724964,RCV0294,False,0,,,NORMAL,0,1,343.58,-95.63,0,0
TXN-SYN-2D67EF42,CUST0641,2026-09-27 08:48:31,624.34,BILL_PAY,1378,False,1357,False,4.886845447886909,RCV1023,False,0,,,NORMAL,0,1,15465.84,-14841.5,0,0
TXN-SYN-553336C0,CUST0169,2026-09-27 08:49:27,8180.97,MERCHANT_PAYMENT,542,False,515,False,1.4494106764001558,RCV0910,False,0,M010,,NORMAL,0,1,11264.21,-3083.24,0,0
TXN-SYN-042EB77A,CUST0146,2026-09-27 09:01:05,1701.69,SEND_MONEY,814,False,767,False,5.530368534585614,RCV0024,False,0,,,NORMAL,0,0,19865.45,-18163.76,0,0
TXN-SYN-E148BFC2,CUST0114,2026-09-27 09:07:34,9566.24,BILL_PAY,987,False,942,False,4.6035827120192625,RCV0645,False,0,,,NORMAL,0,0,4755.0,4811.24,0,0
TXN-SYN-C3500235,CUST0478,2026-09-27 09:11:43,452.83,SEND_MONEY,1448,False,1405,False,0.23434898287455042,RCV1159,False,0,,,NORMAL,0,0,5271.94,-4819.11,0,0
TXN-SYN-1C9C52A8,CUST0529,2026-09-27 09:11:47,834.81,SEND_MONEY,423,False,339,False,6.100690361975078,RCV0220,False,0,,,NORMAL,0,1,7885.47,-7050.66,0,0
TXN-SYN-DE220B20,CUST0749,2026-09-27 09:13:16,1691.22,SEND_MONEY,729,False,654,False,5.873835952686472,RCV0567,False,0,,,NORMAL,0,0,2607.6,-916.38,0,0
TXN-SYN-6E892B4B,CUST0106,2026-09-27 09:14:22,5148.22,BILL_PAY,614,False,536,False,3.333971277696335,RCV0310,False,0,,,NORMAL,0,0,6133.82,-985.6,0,0
TXN-SYN-974DB157,CUST0097,2026-09-27 09:17:42,24441.6,CASH_OUT,775,False,730,False,0.9733208845134234,RCV1173,False,0,,AG019,NORMAL,0,1,12762.61,11678.99,0,0
TXN-SYN-6BE81A0C,CUST0180,2026-09-27 09:24:43,28640.14,SEND_MONEY,658,False,654,False,8.322628859701487,RCV0173,True,0,,,MULE_LIKE,0,0,11522.18,17117.96,0,0
TXN-SYN-7DAF670A,CUST0530,2026-09-27 09:25:27,76.88,SEND_MONEY,701,False,653,False,7.593950917969665,RCV0081,False,0,,,NORMAL,0,0,9696.55,-9619.67,0,0
TXN-SYN-6F1D8D6D,CUST0168,2026-09-27 09:38:40,5355.7,SEND_MONEY,1391,False,1380,False,8.265557967860978,RCV0442,True,2,,AG020,SCAM_LIKE,0,0,723.21,4632.49,0,0
TXN-SYN-AF3DAEAE,CUST0628,2026-09-27 09:44:58,840.67,MERCHANT_PAYMENT,1133,False,1097,False,2.387764660926419,RCV0025,False,0,M012,,NORMAL,0,0,3879.85,-3039.18,0,0
TXN-SYN-C745E398,CUST0568,2026-09-27 09:45:29,9802.53,SEND_MONEY,1390,True,1360,False,0.14079663282890675,RCV1045,True,0,,,SCAM_LIKE,0,0,11916.44,-2113.91,0,0
TXN-SYN-B2C3BD22,CUST0334,2026-09-27 09:50:22,134.68,CASH_IN,329,False,245,False,5.84441464140636,RCV0307,False,0,,AG008,NORMAL,0,0,2481.51,-2346.83,0,0
TXN-SYN-9BD7D7A9,CUST0614,2026-09-27 09:50:54,1813.2,SEND_MONEY,1223,False,1164,False,7.150349857665893,RCV0078,False,0,,,NORMAL,0,0,3781.29,-1968.09,0,0
TXN-SYN-88BF3974,CUST0534,2026-09-27 09:55:45,11880.13,CASH_OUT,1002,False,956,False,6.39170821917154,RCV1102,False,0,,AG010,NORMAL,0,0,32779.43,-20899.3,0,0
TXN-SYN-A8220CDC,CUST0460,2026-09-27 10:11:04,1025.63,SEND_MONEY,443,False,404,False,1.727553939907227,RCV0138,False,0,,,NORMAL,0,1,7750.73,-6725.1,0,0
TXN-SYN-8C7105A3,CUST0470,2026-09-27 10:14:09,12026.72,SEND_MONEY,441,False,438,False,1.8163888987797439,RCV0669,False,0,,,NORMAL,0,0,15943.89,-3917.17,0,0
TXN-SYN-1139C938,CUST0715,2026-09-27 10:24:32,7893.35,SEND_MONEY,312,False,294,False,8.417288008284116,RCV0134,True,0,,AG001,SCAM_LIKE,0,0,2423.47,5469.88,0,0
TXN-SYN-294A9FD1,CUST0444,2026-09-27 10:28:22,20747.94,SEND_MONEY,537,False,468,False,7.741668850687273,RCV0997,True,0,M037,,SCAM_LIKE,0,0,9490.32,11257.62,0,0
TXN-SYN-8CCA2735,CUST0335,2026-09-27 10:40:01,24794.73,SEND_MONEY,723,False,680,False,1.6393172095320274,RCV0606,True,0,,AG023,SCAM_LIKE,0,0,12491.5,12303.22,0,0
TXN-SYN-285C0205,CUST0194,2026-09-27 10:44:50,2232.21,SEND_MONEY,569,False,548,False,2.4398964337908358,RCV0400,False,1,,,NORMAL,0,0,1690.51,541.7,0,0
TXN-SYN-2E89F8E1,CUST0762,2026-09-27 10:48:27,843.74,CASH_OUT,1284,False,1222,False,8.511187907758863,RCV0735,False,0,,AG019,NORMAL,0,0,50408.14,-49564.4,0,0
TXN-SYN-FBFC4083,CUST0711,2026-09-27 10:51:30,32934.51,SEND_MONEY,1048,False,1019,False,1.6173442944991223,RCV0232,True,0,,,MULE_LIKE,0,0,7433.88,25500.64,0,0
TXN-SYN-CBD34E1F,CUST0706,2026-09-27 10:54:14,6182.08,MERCHANT_PAYMENT,849,False,824,False,1.2197633410242703,RCV0722,False,0,M049,,NORMAL,0,0,6587.5,-405.42,0,0
TXN-SYN-BBABE90B,CUST0009,2026-09-27 10:56:11,828.93,MERCHANT_PAYMENT,196,False,119,False,0.20906354400268667,RCV0263,False,1,M012,,NORMAL,0,0,13776.58,-12947.65,0,0
TXN-SYN-EC906ECB,CUST0228,2026-09-27 10:57:56,3365.93,SEND_MONEY,1369,False,1354,False,6.812302239799051,RCV1115,False,0,,,NORMAL,0,0,6121.42,-2755.5,0,0
TXN-SYN-EB637647,CUST0107,2026-09-27 10:59:07,434.79,BILL_PAY,986,False,945,False,4.124390137160495,RCV0594,False,0,,,NORMAL,0,0,2914.89,-2480.1,0,0
TXN-SYN-C9354D19,CUST0013,2026-09-27 11:14:04,739.47,CASH_IN,1293,False,1265,False,4.163440663463163,RCV0898,False,0,,AG029,NORMAL,0,1,3953.55,-3214.08,0,1
TXN-SYN-095DA1F8,CUST0745,2026-09-27 11:14:38,240.97,BILL_PAY,1356,False,1334,False,0.6180109277958035,RCV0637,False,0,,,NORMAL,0,1,25153.6,-24912.63,0,0
TXN-SYN-A4E43EBC,CUST0217,2026-09-27 11:31:14,5341.82,BILL_PAY,1438,False,1352,False,8.659364506764247,RCV0616,False,0,,,NORMAL,0,0,11284.21,-5942.39,0,0
TXN-SYN-C5E1553C,CUST0325,2026-09-27 11:32:39,1111.78,SEND_MONEY,246,False,227,False,6.451727904094499,RCV0463,False,0,,,NORMAL,0,0,7795.76,-6683.98,0,0
TXN-SYN-B5C72AD4,CUST0390,2026-09-27 11:34:26,1215.25,CASH_OUT,426,False,377,False,8.175622528761247,RCV0928,False,0,,AG009,NORMAL,0,0,1317.49,-102.24,0,0
TXN-SYN-2F92F350,CUST0242,2026-09-27 11:38:31,50332.69,BILL_PAY,1317,False,1262,False,0.5380112209719023,RCV0208,False,0,,,NORMAL,0,0,5487.44,44845.25,0,0
TXN-SYN-8578D41C,CUST0252,2026-09-27 11:39:04,1782.67,CASH_OUT,113,False,100,False,0.4689336668762567,RCV0307,False,0,,AG008,NORMAL,0,0,5143.74,-3361.07,0,0
TXN-SYN-C2407177,CUST0197,2026-09-27 11:43:05,356.74,CASH_OUT,473,False,422,False,1.5332017863121628,RCV0492,False,0,,AG003,NORMAL,0,0,584.82,-228.08,0,0
TXN-SYN-94835170,CUST0380,2026-09-27 11:43:22,2715.2,MOBILE_RECHARGE,838,False,811,False,9.368534300910152,RCV0443,False,0,,,NORMAL,0,0,4400.55,-1685.35,0,0
TXN-SYN-21E12FDD,CUST0320,2026-09-27 11:52:47,2033.37,SEND_MONEY,245,False,164,False,1.0221131492062252,RCV0058,False,0,,,NORMAL,0,0,16123.86,-14090.49,0,0
TXN-SYN-0F2EDC87,CUST0649,2026-09-27 12:02:31,14653.2,SEND_MONEY,1252,False,1220,False,7.647446541349128,RCV1191,False,0,,,NORMAL,0,0,13487.95,1165.25,0,0
TXN-SYN-9854EA4B,CUST0240,2026-09-27 12:22:13,683.66,CASH_IN,124,False,109,False,5.0227486459538735,RCV0012,False,0,,AG025,NORMAL,0,0,1572.88,-889.22,0,0
TXN-SYN-27C50116,CUST0374,2026-09-27 12:23:48,209.15,SEND_MONEY,1427,False,1355,False,6.664967409043015,RCV0702,False,0,,,NORMAL,0,0,2455.5,-2246.35,0,0
TXN-SYN-59A44BE1,CUST0211,2026-09-27 12:29:43,771.04,CASH_OUT,960,False,935,False,6.7316158269912485,RCV0206,False,0,,AG018,NORMAL,0,1,718.51,52.53,0,0
TXN-SYN-119E4479,CUST0330,2026-09-27 12:33:30,467.72,MERCHANT_PAYMENT,1117,False,1107,False,8.517518577677638,RCV0040,False,0,M047,,NORMAL,0,2,7739.11,-7271.39,0,0
TXN-SYN-6DB8C309,CUST0741,2026-09-27 12:33:49,22936.46,SEND_MONEY,851,False,795,False,9.490759977476065,RCV1064,False,0,,,NORMAL,0,0,650.53,22285.93,0,0
TXN-SYN-E4EEF706,CUST0608,2026-09-27 12:38:51,467.9,CASH_OUT,334,False,260,False,4.48201645556206,RCV0057,False,0,,AG027,NORMAL,0,1,15668.85,-15200.95,0,0
TXN-SYN-17645DDA,CUST0569,2026-09-27 12:45:22,670.37,CASH_IN,482,False,446,False,9.892667452184176,RCV0042,False,0,,AG021,NORMAL,0,0,1946.97,-1276.6,0,0
TXN-SYN-2BD702AA,CUST0537,2026-09-27 12:50:18,7049.94,CASH_OUT,959,False,902,False,2.417645074796816,RCV0603,False,0,,AG011,NORMAL,0,0,3936.01,3113.93,0,0
TXN-SYN-ADA03F82,CUST0127,2026-09-27 13:16:50,729.14,MERCHANT_PAYMENT,1115,False,1079,False,9.488008296776355,RCV0412,False,0,M019,,NORMAL,0,0,4668.66,-3939.52,0,0
TXN-SYN-54242661,CUST0092,2026-09-27 13:19:43,602.72,CASH_OUT,1456,False,1424,False,5.014065577094429,RCV0074,False,0,,AG023,NORMAL,0,0,1374.38,-771.66,0,0
TXN-SYN-61EAFED4,CUST0033,2026-09-27 13:23:14,15291.66,SEND_MONEY,215,False,149,False,1.7255628639716847,RCV0225,True,0,,AG010,SCAM_LIKE,0,0,4366.23,10925.43,0,0
TXN-SYN-1BED8B84,CUST0769,2026-09-27 13:29:21,2422.6,CASH_OUT,624,False,624,False,2.576703131645975,RCV0748,False,0,,AG008,NORMAL,0,1,16101.33,-13678.73,0,0
TXN-SYN-34D5C919,CUST0041,2026-09-27 13:31:10,779.31,MERCHANT_PAYMENT,774,False,725,False,6.606742518453236,RCV1012,False,0,M005,,NORMAL,0,0,15989.29,-15209.98,0,0
TXN-SYN-DC785665,CUST0726,2026-09-27 13:33:00,3055.09,BILL_PAY,238,False,231,False,0.01428804166974218,RCV0305,False,0,,,NORMAL,0,0,5187.0,-2131.92,0,0
TXN-SYN-0FFB239D,CUST0214,2026-09-27 13:35:54,2825.28,MERCHANT_PAYMENT,954,False,924,False,3.966061253509724,RCV0215,False,0,M002,,NORMAL,0,0,3961.78,-1136.5,0,0
TXN-SYN-4F2CD9DE,CUST0726,2026-09-27 13:36:26,165.78,BILL_PAY,404,False,375,False,6.789939148076991,RCV1116,False,0,,,NORMAL,1,1,4760.62,-4594.84,0,0
TXN-SYN-5CFE7786,CUST0562,2026-09-27 13:36:39,10811.8,SEND_MONEY,693,False,677,False,6.93075112970487,RCV0764,False,0,,,NORMAL,0,0,2229.37,8582.43,0,0
TXN-SYN-5CDEDB5A,CUST0796,2026-09-27 13:41:46,364.12,SEND_MONEY,607,False,547,False,9.99754460434331,RCV0670,False,1,,,NORMAL,0,0,9574.51,-9210.39,0,0
TXN-SYN-4B414789,CUST0278,2026-09-27 13:42:16,90.03,BILL_PAY,685,False,684,False,2.748375508803637,RCV1151,False,0,,,NORMAL,0,0,15654.25,-15564.22,0,0
TXN-SYN-23C32309,CUST0472,2026-09-27 13:42:58,23175.17,SEND_MONEY,1364,False,1284,False,7.015652656029423,RCV0997,True,0,M001,,MULE_LIKE,0,0,3703.52,19471.65,0,0
TXN-SYN-F6108779,CUST0152,2026-09-27 14:11:40,2903.97,SEND_MONEY,409,False,407,False,8.080652829860291,RCV0771,False,0,,,NORMAL,0,1,11111.62,-8207.65,0,1
TXN-SYN-571CBB34,CUST0578,2026-09-27 14:18:59,4273.92,SEND_MONEY,672,False,661,False,6.0407167707121925,RCV0853,False,0,,,NORMAL,0,0,3544.71,729.21,0,0
TXN-SYN-9D7C6790,CUST0665,2026-09-27 14:21:27,88.6,SEND_MONEY,1419,False,1397,False,1.9229266782728072,RCV0349,False,0,,,NORMAL,0,0,3698.92,-3610.32,0,0
TXN-SYN-19C1E4A2,CUST0508,2026-09-27 14:22:00,219.34,SEND_MONEY,570,False,543,False,8.370057020975377,RCV0512,False,0,,,NORMAL,0,0,13696.61,-13477.27,0,0
TXN-SYN-697C9698,CUST0543,2026-09-27 14:22:31,16564.51,MERCHANT_PAYMENT,1222,False,1184,False,9.312952273844845,RCV0467,False,0,M025,,NORMAL,0,0,9637.38,6927.13,0,0
TXN-SYN-4B4B097B,CUST0798,2026-09-27 14:23:48,4106.69,SEND_MONEY,1336,False,1249,False,5.4651604501723,RCV1089,False,0,,,NORMAL,0,0,3379.07,727.62,0,0
TXN-SYN-2A44825E,CUST0255,2026-09-27 14:32:36,211.9,SEND_MONEY,731,False,677,False,9.907239105537778,RCV0394,False,0,,,NORMAL,0,0,7122.38,-6910.48,0,0
TXN-SYN-152784A5,CUST0299,2026-09-27 14:43:16,534.2,SEND_MONEY,1129,False,1097,False,5.051912287527692,RCV0173,False,0,,,NORMAL,0,0,6701.17,-6166.97,0,0
TXN-SYN-3B68E51F,CUST0271,2026-09-27 14:55:57,1015.72,CASH_IN,1444,False,1432,False,8.848236912928693,RCV0891,False,0,,AG023,NORMAL,0,0,10960.8,-9945.08,0,0
TXN-SYN-67CEE7A6,CUST0119,2026-09-27 14:56:29,1774.72,SEND_MONEY,967,False,941,False,9.645728684265158,RCV0672,False,0,,,NORMAL,0,0,14016.84,-12242.12,0,0
TXN-SYN-18B1105A,CUST0294,2026-09-27 14:59:14,974.8,SEND_MONEY,388,False,339,False,2.7910479553955514,RCV1116,False,0,,,NORMAL,0,0,6719.67,-5744.87,0,0
TXN-SYN-D9E32C34,CUST0260,2026-09-27 15:00:40,36629.95,SEND_MONEY,966,False,906,False,6.635192111336301,RCV0997,True,0,,,MULE_LIKE,0,0,11409.45,25220.5,0,0
TXN-SYN-7A98B9CF,CUST0520,2026-09-27 15:03:33,240.68,CASH_OUT,1350,False,1297,False,9.802698106659866,RCV0735,False,0,,AG018,NORMAL,0,0,4717.86,-4477.18,0,0
TXN-SYN-6096F927,CUST0687,2026-09-27 15:06:13,234.05,SEND_MONEY,140,False,66,False,5.6169337485147475,RCV0523,False,0,,,NORMAL,0,0,1311.25,-1077.2,0,0
TXN-SYN-D4BCF402,CUST0347,2026-09-27 15:08:29,598.1,MERCHANT_PAYMENT,748,False,665,False,5.174012898249662,RCV0049,False,0,M044,,NORMAL,0,0,1911.99,-1313.89,0,0
TXN-SYN-5459A910,CUST0385,2026-09-27 15:09:15,3068.43,MOBILE_RECHARGE,303,False,297,False,7.766594183238409,RCV0164,False,0,,,NORMAL,0,0,6342.54,-3274.11,0,0
TXN-SYN-9159AEAE,CUST0162,2026-09-27 15:10:17,22455.93,SEND_MONEY,920,False,899,False,3.3615966498509886,RCV1075,True,0,,,SCAM_LIKE,0,1,18471.55,3984.38,0,0
TXN-SYN-AF69852D,CUST0670,2026-09-27 15:20:37,3634.09,BILL_PAY,1288,False,1253,False,9.495166138891795,RCV1153,False,2,,,NORMAL,0,0,2558.03,1076.06,0,0
TXN-SYN-BC234C7B,CUST0050,2026-09-27 15:22:43,1320.24,SEND_MONEY,610,False,549,False,3.4164414597075297,RCV0831,False,0,,,NORMAL,0,0,11190.44,-9870.2,0,0
TXN-SYN-65C4B6E1,CUST0062,2026-09-27 15:23:44,3232.94,MERCHANT_PAYMENT,918,False,914,False,0.019952280064845507,RCV0393,False,0,M011,,NORMAL,0,0,9306.99,-6074.05,0,0
TXN-SYN-D45B18AA,CUST0376,2026-09-27 15:41:25,582.87,CASH_IN,130,False,110,False,3.0487935739120706,RCV0775,False,2,,AG017,NORMAL,0,0,3089.78,-2506.91,0,0
TXN-SYN-ECFF71C5,CUST0007,2026-09-27 15:43:05,1797.47,BILL_PAY,670,False,609,False,3.057153256916126,RCV0585,False,0,,,NORMAL,0,1,4897.18,-3099.71,0,0
TXN-SYN-4BBCB4AA,CUST0384,2026-09-27 15:45:03,638.02,SEND_MONEY,1320,False,1269,False,9.431630524604394,RCV0261,False,0,,,NORMAL,0,0,5824.48,-5186.46,0,0
TXN-SYN-16E3F3E2,CUST0279,2026-09-27 15:50:07,618.52,SEND_MONEY,1169,False,1090,False,8.174460023253014,RCV0797,False,0,,,NORMAL,0,0,20235.73,-19617.21,0,0
TXN-SYN-3AA9BB11,CUST0627,2026-09-27 15:53:29,8039.2,MERCHANT_PAYMENT,936,False,932,False,3.026792103787547,RCV0688,False,0,M008,,NORMAL,0,0,5794.29,2244.91,0,0
TXN-SYN-8C85EEE7,CUST0322,2026-09-27 15:55:19,8591.65,CASH_IN,355,False,334,False,8.384972179114751,RCV0179,False,0,,AG028,NORMAL,0,0,4063.07,4528.58,0,0
TXN-SYN-F7D95F6A,CUST0125,2026-09-27 16:00:13,403.72,SEND_MONEY,706,False,641,False,7.335832610226582,RCV0413,False,0,,,NORMAL,0,0,5274.34,-4870.62,0,0
TXN-SYN-CA286E15,CUST0259,2026-09-27 16:03:20,2186.95,BILL_PAY,238,False,233,False,5.433127390975212,RCV0072,False,0,,,NORMAL,0,0,4843.46,-2656.51,0,0
TXN-SYN-F82A6C60,CUST0603,2026-09-27 16:12:39,639.63,CASH_OUT,992,False,977,False,8.915500494128707,RCV0500,False,0,,AG014,NORMAL,0,0,7718.76,-7079.13,0,0
TXN-SYN-41F6BBBB,CUST0704,2026-09-27 16:14:14,11433.28,SEND_MONEY,898,False,823,False,8.887464047516419,RCV0548,False,0,,,NORMAL,0,0,10515.57,917.71,0,0
TXN-SYN-3EA04DBC,CUST0002,2026-09-27 16:23:16,134.61,SEND_MONEY,318,False,307,False,2.7980852980411153,RCV0684,False,0,,,NORMAL,0,0,3480.7,-3346.09,0,0
TXN-SYN-149AE562,CUST0319,2026-09-27 16:25:43,6616.95,MERCHANT_PAYMENT,1453,False,1400,False,4.046286876201156,RCV0022,False,0,M042,,NORMAL,0,0,9053.94,-2437.0,0,0
TXN-SYN-C306ED65,CUST0121,2026-09-27 16:35:34,1294.99,MOBILE_RECHARGE,521,False,434,False,5.258929685789998,RCV0149,False,0,,,NORMAL,0,0,16941.94,-15646.95,0,0
TXN-SYN-5225C10E,CUST0170,2026-09-27 16:37:27,1892.03,MERCHANT_PAYMENT,446,False,401,False,3.815388424735465,RCV0423,False,1,M041,,NORMAL,0,0,1610.57,281.46,0,0
TXN-SYN-3A779E4D,CUST0373,2026-09-27 16:40:18,1979.95,MOBILE_RECHARGE,1261,False,1256,False,4.863501151094953,RCV0566,False,0,,,NORMAL,0,0,984.54,995.41,0,0
TXN-SYN-6A6BACCD,CUST0540,2026-09-27 16:43:08,18621.0,SEND_MONEY,367,False,327,False,7.295169285731221,RCV0143,True,0,,,SCAM_LIKE,0,0,18994.14,-373.14,0,0
TXN-SYN-097ECC97,CUST0075,2026-09-27 16:46:51,7474.09,CASH_OUT,940,False,918,False,0.6569211648965922,RCV0598,False,0,,AG004,NORMAL,0,0,16326.32,-8852.23,0,0
TXN-SYN-F32736C9,CUST0624,2026-09-27 16:47:13,2386.09,MOBILE_RECHARGE,1115,False,1084,False,2.806964770804404,RCV0477,False,0,,,NORMAL,0,0,8989.26,-6603.17,0,0
TXN-SYN-D77FF25D,CUST0569,2026-09-27 16:48:10,14223.17,SEND_MONEY,1327,False,1320,False,7.753758700131032,RCV0998,True,0,,,MULE_LIKE,0,1,1734.2,12488.97,0,0
TXN-SYN-1F57074D,CUST0133,2026-09-27 16:52:14,332.63,BILL_PAY,686,False,649,False,6.3634812526705655,RCV0707,False,0,,,NORMAL,0,0,1698.07,-1365.44,0,0
TXN-SYN-AFFA1490,CUST0536,2026-09-27 16:59:35,1933.78,SEND_MONEY,152,False,109,False,4.617328971592537,RCV0891,False,0,,,NORMAL,0,0,7322.4,-5388.62,0,0
TXN-SYN-6C28A095,CUST0117,2026-09-27 17:01:34,904.01,CASH_IN,802,False,770,False,1.479547387739707,RCV1029,False,0,,AG002,NORMAL,0,0,9008.83,-8104.82,0,0
TXN-SYN-8CE262FE,CUST0068,2026-09-27 17:02:41,667.51,MERCHANT_PAYMENT,1433,False,1419,False,4.837068288999439,RCV0907,False,0,M046,,NORMAL,0,0,7270.19,-6602.68,0,0
TXN-SYN-99FC5359,CUST0749,2026-09-27 17:08:45,1060.78,BILL_PAY,918,False,896,False,9.003121410906335,RCV0741,False,0,,,NORMAL,0,1,2493.05,-1432.27,0,0
TXN-SYN-9E23CA1C,CUST0553,2026-09-27 17:13:52,46964.23,SEND_MONEY,388,False,310,False,7.619527577006262,RCV1052,True,0,M027,,MULE_LIKE,0,0,2648.92,44315.32,0,0
TXN-SYN-E2F0DDDC,CUST0500,2026-09-27 17:15:35,2787.33,SEND_MONEY,1251,False,1180,False,9.34896448517574,RCV0882,False,2,,,NORMAL,0,0,3189.58,-402.26,0,0
TXN-SYN-B2B5AA92,CUST0085,2026-09-27 17:16:56,2909.45,SEND_MONEY,655,False,567,False,4.45098373429254,RCV0620,False,0,,,NORMAL,0,0,14253.32,-11343.87,0,0
TXN-SYN-DD46C6EB,CUST0338,2026-09-27 17:19:05,176.58,BILL_PAY,428,False,379,False,2.0290579555517785,RCV0178,False,0,,,NORMAL,0,1,9738.81,-9562.23,0,0
TXN-SYN-14BAE064,CUST0783,2026-09-27 17:25:58,10250.3,SEND_MONEY,397,False,322,False,3.641127750104994,RCV0240,True,0,,,MULE_LIKE,0,0,7037.87,3212.43,0,0
TXN-SYN-E8DD0603,CUST0220,2026-09-27 17:27:03,2602.32,CASH_IN,874,False,843,False,9.124749857193489,RCV0745,False,0,,AG012,NORMAL,0,0,6370.82,-3768.5,0,0
TXN-SYN-91B5B95C,CUST0187,2026-09-27 17:59:10,467.81,SEND_MONEY,692,False,652,False,9.313693880151561,RCV1174,False,0,,,NORMAL,0,0,12831.12,-12363.31,0,0
TXN-SYN-DFBE7EC8,CUST0698,2026-09-27 18:03:33,598.26,MOBILE_RECHARGE,465,False,429,False,0.1155959021842845,RCV1034,False,0,,,NORMAL,0,0,12390.93,-11792.67,0,0
TXN-SYN-8052F33E,CUST0592,2026-09-27 18:06:02,131.81,CASH_IN,1052,False,1012,False,3.4267534878105854,RCV0173,False,0,,AG011,NORMAL,0,0,11603.18,-11471.37,0,0
TXN-SYN-3FE03762,CUST0776,2026-09-27 18:12:32,1230.83,MOBILE_RECHARGE,1305,False,1252,False,9.312209203689806,RCV1040,False,0,,,NORMAL,0,0,4252.98,-3022.15,0,0
TXN-SYN-8715A3F7,CUST0497,2026-09-27 18:15:36,22817.15,SEND_MONEY,909,True,874,False,5.566956708208533,RCV0047,True,0,M045,,SCAM_LIKE,0,0,16491.92,6325.23,0,0
TXN-SYN-9C296378,CUST0311,2026-09-27 18:25:32,1139.22,MOBILE_RECHARGE,1063,False,987,False,1.6024228017622166,RCV0005,False,0,,,NORMAL,0,0,1713.92,-574.7,0,0
TXN-SYN-8830138B,CUST0707,2026-09-27 18:28:06,21641.19,SEND_MONEY,1034,True,997,False,5.896085918063183,RCV1067,True,0,,,SCAM_LIKE,0,0,3735.24,17905.95,0,0
TXN-SYN-B8F1B34E,CUST0155,2026-09-27 18:29:29,8613.03,MERCHANT_PAYMENT,403,False,358,False,7.55133617445196,RCV0507,False,0,M003,,NORMAL,0,0,10027.95,-1414.92,0,0
TXN-SYN-9EFEAC72,CUST0652,2026-09-27 18:38:54,269.41,MERCHANT_PAYMENT,1482,False,1409,False,2.568854888751945,RCV0554,False,0,M012,,NORMAL,0,0,6254.99,-5985.58,0,0
TXN-SYN-D3EA8DD9,CUST0463,2026-09-27 18:41:19,423.1,BILL_PAY,153,False,67,False,0.7673435351271629,RCV0436,False,0,,,NORMAL,0,0,12481.21,-12058.11,0,0
TXN-SYN-7EE116A8,CUST0259,2026-09-27 18:47:22,5503.46,SEND_MONEY,1232,False,1192,False,5.476668900148858,RCV0123,True,0,,,SCAM_LIKE,0,1,4577.81,925.65,0,0
TXN-SYN-775C67FF,CUST0109,2026-09-27 18:50:21,106.07,MOBILE_RECHARGE,1343,False,1300,False,2.2979441737042814,RCV0199,False,1,,,NORMAL,0,0,3653.41,-3547.34,0,0
TXN-SYN-117CB892,CUST0432,2026-09-27 18:51:36,470.8,MOBILE_RECHARGE,1136,False,1117,False,9.304916218764344,RCV0398,False,0,,,NORMAL,0,0,6364.23,-5893.43,0,0
TXN-SYN-BF1C0055,CUST0742,2026-09-27 19:16:33,654.01,CASH_OUT,997,False,959,False,9.059439679262645,RCV0224,False,0,,AG017,NORMAL,0,0,5663.72,-5009.7,0,0
TXN-SYN-97527873,CUST0408,2026-09-27 19:16:44,412.1,MERCHANT_PAYMENT,754,False,701,False,6.223414632920018,RCV0519,False,0,M028,,NORMAL,0,1,6621.48,-6209.38,0,0
TXN-SYN-029004FE,CUST0217,2026-09-27 19:18:35,2151.93,SEND_MONEY,806,False,777,False,6.883128325456186,RCV0617,False,0,,,NORMAL,0,1,10541.41,-8389.48,0,0
TXN-SYN-A12946A7,CUST0010,2026-09-27 19:30:43,370.2,SEND_MONEY,684,False,633,False,7.560042417740771,RCV0186,False,0,,,NORMAL,0,0,1350.09,-979.89,0,0
TXN-SYN-A795DE22,CUST0479,2026-09-27 19:35:57,617.78,CASH_IN,120,False,67,False,7.177278672546025,RCV0332,False,0,,AG004,NORMAL,0,0,25899.34,-25281.56,0,0
TXN-SYN-0C111198,CUST0088,2026-09-27 19:38:09,757.39,SEND_MONEY,613,False,599,False,4.127845633143243,RCV0645,False,0,,,NORMAL,0,0,12064.24,-11306.85,0,0
TXN-SYN-E744A791,CUST0381,2026-09-27 19:42:33,38483.55,SEND_MONEY,634,False,609,False,1.7478294246430504,RCV0998,True,0,,AG005,MULE_LIKE,0,0,4129.4,34354.15,0,0
TXN-SYN-16F41387,CUST0214,2026-09-27 19:45:07,78336.77,SEND_MONEY,1450,False,1430,False,7.753098216179458,RCV0261,False,0,,,NORMAL,0,1,3867.07,74469.7,0,0
TXN-SYN-ADFAB2A9,CUST0742,2026-09-27 19:45:39,361.93,CASH_IN,571,False,510,False,2.7545297224647394,RCV0152,False,0,,AG010,NORMAL,1,1,4661.77,-4299.84,0,1
TXN-SYN-C4ABD08B,CUST0474,2026-09-27 19:51:05,1586.29,MOBILE_RECHARGE,862,False,812,False,2.482264427571519,RCV0417,False,0,,,NORMAL,0,0,11813.83,-10227.54,0,0
TXN-SYN-C6339C3E,CUST0186,2026-09-27 19:56:12,20701.95,SEND_MONEY,1375,False,1339,False,7.839873586893554,RCV0852,True,0,,AG021,SCAM_LIKE,0,0,1788.84,18913.12,0,0
TXN-SYN-BAFCAAAA,CUST0112,2026-09-27 19:58:32,111.77,SEND_MONEY,668,False,641,False,4.045273855738697,RCV1035,False,0,,,NORMAL,0,1,11751.35,-11639.58,0,0
TXN-SYN-9760D95A,CUST0349,2026-09-27 20:05:23,11667.39,SEND_MONEY,1499,False,1422,False,2.0229126617400093,RCV0911,False,0,,,NORMAL,0,0,5418.5,6248.89,0,0
TXN-SYN-2987FDED,CUST0711,2026-09-27 20:06:34,3008.04,BILL_PAY,1038,False,1036,False,7.083775791597727,RCV0614,False,0,,,NORMAL,0,1,12534.0,-9525.96,0,0
TXN-SYN-48BA4230,CUST0466,2026-09-27 20:12:15,6615.24,SEND_MONEY,234,False,175,False,1.6185466357530232,RCV0595,False,0,,,NORMAL,0,0,13323.29,-6708.05,0,0
TXN-SYN-B7C13085,CUST0198,2026-09-27 20:23:53,46699.43,SEND_MONEY,962,False,935,False,6.428189148001743,RCV0361,True,0,M046,,MULE_LIKE,0,0,12945.43,33754.0,0,0
TXN-SYN-F387C799,CUST0269,2026-09-27 20:26:15,2990.25,CASH_OUT,1001,False,953,False,5.407345671331042,RCV0673,False,0,,AG004,NORMAL,0,0,431.22,2559.03,0,0
TXN-SYN-A0B1A584,CUST0108,2026-09-27 20:29:38,50.0,SEND_MONEY,1395,False,1394,False,7.604243116824717,RCV0327,False,0,,,NORMAL,0,0,39388.87,-39338.87,0,0
TXN-SYN-457012DA,CUST0333,2026-09-27 20:35:29,1974.61,SEND_MONEY,850,False,823,False,5.391612766752544,RCV0963,False,0,,,NORMAL,0,0,865.24,1109.37,0,0
TXN-SYN-3A4F72F1,CUST0620,2026-09-27 20:43:18,22435.16,SEND_MONEY,197,True,172,False,8.786411179892573,RCV1152,True,0,,,SCAM_LIKE,0,0,8809.19,13625.97,0,0
TXN-SYN-8327E6DE,CUST0227,2026-09-27 21:00:24,18312.85,SEND_MONEY,1420,False,1377,False,5.723474138232977,RCV0360,True,0,,AG018,MULE_LIKE,0,0,15074.06,3238.79,0,0
TXN-SYN-CF77D983,CUST0517,2026-09-27 21:03:39,315.66,SEND_MONEY,563,False,481,False,0.06936925194663268,RCV0300,False,0,,,NORMAL,0,0,8657.58,-8341.92,0,0
TXN-SYN-2B9EBFB0,CUST0643,2026-09-27 21:04:47,26367.48,CASH_IN,1452,False,1406,False,2.257669428311906,RCV0020,False,0,,AG017,NORMAL,0,0,13317.47,13050.01,0,0
TXN-SYN-21A64652,CUST0740,2026-09-27 21:06:26,1055.57,SEND_MONEY,1444,False,1406,False,7.349531581167693,RCV0029,False,0,,,NORMAL,0,0,183.19,872.38,0,0
TXN-SYN-E516D117,CUST0287,2026-09-27 21:20:33,24726.67,SEND_MONEY,666,False,659,False,9.923789914312245,RCV0997,True,0,,,MULE_LIKE,0,0,15968.85,8757.82,0,0
TXN-SYN-3D014ECD,CUST0030,2026-09-27 21:21:22,173.09,BILL_PAY,486,False,402,False,3.826515622940463,RCV0745,False,0,,,NORMAL,0,0,8718.97,-8545.88,0,0
TXN-SYN-3425B6E4,CUST0147,2026-09-27 21:33:47,980.08,CASH_IN,494,False,446,False,1.0125991461515893,RCV0913,False,0,,AG007,NORMAL,0,0,1748.39,-768.31,0,0
TXN-SYN-F072FED9,CUST0314,2026-09-27 21:44:43,88.2,CASH_OUT,1402,False,1355,False,1.1304784815305169,RCV0110,False,0,,AG028,NORMAL,0,0,1823.7,-1735.5,0,0
TXN-SYN-22B129BE,CUST0447,2026-09-27 21:50:03,677.59,CASH_OUT,1085,False,1074,False,9.539059994272854,RCV0125,False,0,,AG019,NORMAL,0,0,2797.32,-2119.72,0,0
TXN-SYN-7F7EE9EA,CUST0764,2026-09-27 22:00:18,39001.03,CASH_OUT,743,False,682,True,96.35968227638237,RCV0270,False,0,,AG007,CASH_OUT_RISK,0,0,2854.73,36146.3,0,0
TXN-SYN-CEC4553B,CUST0707,2026-09-27 22:42:35,38532.67,CASH_OUT,691,False,685,True,43.87944784599706,RCV0841,False,0,,AG007,CASH_OUT_RISK,0,1,5973.48,32559.18,0,0
TXN-SYN-1F632583,CUST0676,2026-09-27 23:35:34,36125.0,CASH_OUT,1407,False,1341,True,64.43495821698096,RCV0378,False,0,,AG029,CASH_OUT_RISK,0,0,10661.97,25463.03,0,0
TXN-SYN-CDA72C8A,CUST0250,2026-09-28 00:17:09,3028.2070499386173,SEND_MONEY,76,True,1,True,273.2748823473804,RCV1017,False,2,,,ACCOUNT_TAKEOVER_LIKE,0,0,14623.47,-11595.26,0,0
TXN-SYN-2B200A0C,CUST0595,2026-09-28 00:20:17,29027.208105311456,SEND_MONEY,77,True,2,True,190.57475322289193,RCV0107,False,5,,,ACCOUNT_TAKEOVER_LIKE,0,0,21362.14,7665.07,0,0
TXN-SYN-C9C13E10,CUST0434,2026-09-28 00:20:24,14196.96991663831,SEND_MONEY,45,True,1,True,123.16768427617438,RCV0223,False,2,,,ACCOUNT_TAKEOVER_LIKE,0,0,4599.64,9597.33,0,0
TXN-SYN-9074EC3D,CUST0160,2026-09-28 00:41:16,2998.8492136366363,SEND_MONEY,52,True,1,True,253.49111559659244,RCV0283,False,2,,,ACCOUNT_TAKEOVER_LIKE,0,0,9857.13,-6858.28,0,0
TXN-SYN-317CBFBB,CUST0089,2026-09-28 01:09:40,1933.3711872086337,MERCHANT_PAYMENT,89,True,1,True,339.59367721547846,RCV0790,False,3,M008,,ACCOUNT_TAKEOVER_LIKE,0,0,5866.01,-3932.64,0,0
TXN-SYN-74998A41,CUST0779,2026-09-28 01:17:04,18959.27731067271,CASH_IN,11,True,1,True,220.77590972587336,RCV0483,False,4,,AG008,ACCOUNT_TAKEOVER_LIKE,0,0,15492.3,3466.98,0,0
TXN-SYN-CEF6FA24,CUST0550,2026-09-28 01:40:22,46376.98,CASH_OUT,1003,False,985,True,75.49808491699537,RCV0446,False,1,M023,AG023,CASH_OUT_RISK,0,0,4791.36,41585.62,0,0
TXN-SYN-8790CB78,CUST0593,2026-09-28 01:45:36,22212.58,CASH_OUT,410,False,322,True,75.69771488970179,RCV0652,False,0,M026,AG019,CASH_OUT_RISK,0,0,6368.82,15843.76,0,0
TXN-SYN-FE6248C3,CUST0163,2026-09-28 01:47:04,34775.96,CASH_OUT,1386,False,1345,True,68.16730931758619,RCV0925,False,0,M012,AG020,CASH_OUT_RISK,0,0,5318.28,29457.68,0,0
TXN-SYN-6C8D0E40,CUST0472,2026-09-28 02:10:09,320.74932445524684,CASH_OUT,80,True,0,True,110.95637670915633,RCV0415,False,2,,AG007,ACCOUNT_TAKEOVER_LIKE,0,1,10194.07,-9873.32,0,0
TXN-SYN-FFFA9593,CUST0148,2026-09-28 02:37:14,2838.7930815618297,CASH_IN,52,True,0,True,366.57772729004455,RCV0056,False,4,,AG021,ACCOUNT_TAKEOVER_LIKE,0,0,11428.16,-8589.37,0,0
TXN-SYN-F728C130,CUST0508,2026-09-28 03:05:21,1294.2987350138671,SEND_MONEY,29,True,1,True,360.6302884701125,RCV0004,False,2,,,ACCOUNT_TAKEOVER_LIKE,0,1,12011.95,-10717.66,0,0
TXN-SYN-577C68CC,CUST0448,2026-09-28 03:09:10,551.9689831251893,SEND_MONEY,78,True,2,True,272.0330151860278,RCV0535,False,4,,,ACCOUNT_TAKEOVER_LIKE,0,0,2013.96,-1461.99,0,0
TXN-SYN-11D7BB3A,CUST0154,2026-09-28 03:23:23,4426.652521874046,MOBILE_RECHARGE,83,True,1,True,96.536769246252,RCV0394,False,2,,,ACCOUNT_TAKEOVER_LIKE,0,0,5753.73,-1327.07,0,0
TXN-SYN-D492097C,CUST0111,2026-09-28 03:44:52,18655.91,CASH_OUT,1365,False,1356,True,84.07845603226919,RCV0470,False,0,,AG022,CASH_OUT_RISK,0,0,16300.32,2355.59,0,0
TXN-SYN-E2E6B6A2,CUST0322,2026-09-28 03:51:20,6421.027422377648,SEND_MONEY,20,True,0,True,312.0627720830073,RCV0627,False,3,,,ACCOUNT_TAKEOVER_LIKE,0,1,4817.83,1603.19,0,0
TXN-SYN-1F0D5C0A,CUST0528,2026-09-28 04:08:07,2171.7953708714467,CASH_OUT,74,True,1,True,430.6100458743429,RCV1184,False,4,,AG023,ACCOUNT_TAKEOVER_LIKE,0,0,11220.05,-9048.26,0,0
TXN-SYN-57FF3651,CUST0480,2026-09-28 04:18:59,696.7650375038198,SEND_MONEY,46,True,1,True,75.26164118441709,RCV0921,False,5,,,ACCOUNT_TAKEOVER_LIKE,0,0,19442.68,-18745.91,0,0
TXN-SYN-5F507848,CUST0711,2026-09-28 04:21:35,638.7037098402617,SEND_MONEY,52,True,0,True,143.63283995498068,RCV0038,False,2,,,ACCOUNT_TAKEOVER_LIKE,0,2,10946.34,-10307.64,0,0
TXN-SYN-01F31E6B,CUST0437,2026-09-28 04:21:44,208.73057585710998,BILL_PAY,68,True,1,True,185.47063956405066,RCV0838,False,2,,,ACCOUNT_TAKEOVER_LIKE,0,0,2382.64,-2173.91,0,0
TXN-SYN-85D5A2DA,CUST0512,2026-09-28 04:26:38,2485.9068425847736,CASH_IN,47,True,1,True,196.64589224978843,RCV0695,False,4,,AG000,ACCOUNT_TAKEOVER_LIKE,0,0,4283.94,-1798.03,0,0
TXN-SYN-CBD65C81,CUST0354,2026-09-28 04:33:28,65446.32158712186,CASH_IN,69,True,2,True,218.70942710404907,RCV0880,False,2,,AG010,ACCOUNT_TAKEOVER_LIKE,0,0,7604.77,57841.55,0,0
TXN-SYN-E1FBB37A,CUST0696,2026-09-28 05:32:52,7061.555710520374,SEND_MONEY,21,True,0,True,207.0459171453754,RCV1037,False,3,,,ACCOUNT_TAKEOVER_LIKE,0,0,1671.72,5389.83,0,0
TXN-SYN-78D05170,CUST0161,2026-09-28 05:35:54,9650.153543265853,SEND_MONEY,49,True,2,True,231.77976956919744,RCV0928,False,5,,,ACCOUNT_TAKEOVER_LIKE,0,0,8891.55,758.6,0,0
TXN-SYN-64CE759D,CUST0154,2026-09-28 08:07:05,50.0,CASH_OUT,1191,False,1146,False,9.885399870457066,RCV0110,False,0,,AG025,NORMAL,0,1,5564.14,-5514.14,0,0
TXN-SYN-B29BA9BF,CUST0741,2026-09-28 08:15:21,268.77,SEND_MONEY,640,False,569,False,7.369562988174959,RCV0087,False,0,,,NORMAL,0,1,4364.85,-4096.08,0,0
TXN-SYN-8AD65F72,CUST0443,2026-09-28 08:16:04,806.79,SEND_MONEY,1201,False,1117,False,7.658684256625316,RCV1151,False,0,,,NORMAL,0,0,6450.72,-5643.93,0,0
TXN-SYN-E61DE716,CUST0779,2026-09-28 08:16:54,50.0,SEND_MONEY,1090,False,1076,False,2.9145841765789693,RCV1053,False,0,,,NORMAL,0,1,15758.99,-15708.99,0,0
TXN-SYN-DC4F97C1,CUST0132,2026-09-28 08:17:39,2567.19,BILL_PAY,1277,False,1223,False,3.22901068577901,RCV0918,False,0,,,NORMAL,0,0,5119.45,-2552.26,0,0
TXN-SYN-14E0EA44,CUST0373,2026-09-28 08:19:18,3574.23,SEND_MONEY,410,False,359,False,9.196213008359965,RCV1035,False,0,,,NORMAL,0,1,1150.44,2423.79,0,0
TXN-SYN-3E5F9DBB,CUST0763,2026-09-28 08:34:18,674.02,MERCHANT_PAYMENT,552,False,516,False,8.826363431893396,RCV0143,False,0,M040,,NORMAL,0,0,5236.5,-4562.48,0,0
TXN-SYN-76DED6C8,CUST0048,2026-09-28 08:40:08,5578.75,SEND_MONEY,803,False,742,False,3.9679684708631644,RCV0880,False,0,,,NORMAL,0,0,723.79,4854.96,0,0
TXN-SYN-8B539DFA,CUST0437,2026-09-28 08:43:27,2803.16,MERCHANT_PAYMENT,758,False,755,False,0.2431596643145384,RCV0026,False,0,M016,,NORMAL,0,1,1839.16,964.0,0,0
TXN-SYN-F3F1A5FE,CUST0528,2026-09-28 08:46:08,3262.0,MERCHANT_PAYMENT,225,False,216,False,4.615457632332854,RCV0908,False,0,M045,,NORMAL,0,1,8957.99,-5695.99,0,1
TXN-SYN-92495F94,CUST0091,2026-09-28 08:51:25,465.68,CASH_IN,101,False,69,False,8.825334858196,RCV0672,False,0,,AG012,NORMAL,0,0,9349.65,-8883.97,0,0
TXN-SYN-02E934BE,CUST0389,2026-09-28 09:00:40,1325.26,MERCHANT_PAYMENT,1354,False,1299,False,0.5287233364577293,RCV0172,False,0,M030,,NORMAL,0,0,11004.31,-9679.05,1,0
TXN-SYN-2EDB6169,CUST0258,2026-09-28 09:03:23,512.68,CASH_OUT,257,False,220,False,9.689846671740135,RCV0570,False,0,,AG011,NORMAL,0,0,1898.3,-1385.62,0,0
TXN-SYN-0E4F16DF,CUST0377,2026-09-28 09:12:06,5086.72,MERCHANT_PAYMENT,1365,False,1338,False,0.012229913883252674,RCV1078,False,0,M038,,NORMAL,0,0,7647.36,-2560.64,0,0
TXN-SYN-76896596,CUST0348,2026-09-28 09:14:36,89.41,CASH_OUT,725,False,695,False,9.577041070064872,RCV1003,False,0,,AG011,NORMAL,0,0,5836.5,-5747.08,0,0
TXN-SYN-332836A6,CUST0074,2026-09-28 09:16:28,150.72,SEND_MONEY,1420,False,1339,False,4.880140380728822,RCV0789,False,0,,,NORMAL,0,0,23102.87,-22952.15,0,0
TXN-SYN-AA778C7A,CUST0317,2026-09-28 09:16:54,644.61,SEND_MONEY,841,False,764,False,8.169859876514336,RCV0393,False,0,,,NORMAL,0,0,15296.61,-14652.0,0,0
TXN-SYN-01B8447E,CUST0354,2026-09-28 09:24:29,16148.23,SEND_MONEY,1272,False,1215,False,3.739350261713894,RCV0099,True,0,,,SCAM_LIKE,0,1,22065.16,-5916.93,0,0
TXN-SYN-7AD267E3,CUST0667,2026-09-28 09:25:48,1348.53,BILL_PAY,1242,False,1206,False,8.848551176960044,RCV0272,False,0,,,NORMAL,0,0,12199.1,-10850.57,0,0
TXN-SYN-9ABC33B3,CUST0741,2026-09-28 09:36:57,2498.72,CASH_OUT,1434,False,1431,False,5.958348969007225,RCV0136,False,0,,AG026,NORMAL,0,2,3779.7,-1280.98,0,0
TXN-SYN-DAF49276,CUST0182,2026-09-28 09:37:47,6173.73,SEND_MONEY,807,False,787,False,8.886932147847983,RCV1195,False,0,,,NORMAL,0,0,3906.01,2267.72,0,0
TXN-SYN-1F11D871,CUST0072,2026-09-28 09:42:46,8065.79,SEND_MONEY,1105,False,1093,False,2.6623540752418426,RCV0643,False,0,,,NORMAL,0,0,15768.97,-7703.18,0,0
TXN-SYN-9B51B607,CUST0593,2026-09-28 09:48:24,17518.19,SEND_MONEY,1478,False,1393,False,0.1119852538092525,RCV0903,False,0,,,NORMAL,0,1,9009.45,8508.74,0,1
TXN-SYN-ED83CA22,CUST0454,2026-09-28 10:01:31,711.41,SEND_MONEY,313,False,276,False,4.266253734763945,RCV0961,False,0,,,NORMAL,0,0,6831.05,-6119.64,0,0
TXN-SYN-D29B14F9,CUST0407,2026-09-28 10:03:49,573.27,MERCHANT_PAYMENT,925,False,919,False,3.507095466705569,RCV0013,False,0,M017,,NORMAL,0,0,13242.88,-12669.61,0,0
TXN-SYN-B5F364E6,CUST0496,2026-09-28 10:04:11,3565.73,SEND_MONEY,138,False,138,False,2.171898708258986,RCV0253,False,0,,,NORMAL,0,0,15662.97,-12097.24,0,0
TXN-SYN-38A5FE8D,CUST0365,2026-09-28 10:09:37,554.34,MERCHANT_PAYMENT,541,False,537,False,5.4961604371892445,RCV0435,False,0,M007,,NORMAL,0,0,22982.79,-22428.45,0,0
TXN-SYN-36516B29,CUST0463,2026-09-28 10:10:04,4050.36,SEND_MONEY,1480,False,1410,False,0.5139967293911185,RCV0967,False,0,,,NORMAL,0,1,11141.42,-7091.06,0,0
TXN-SYN-BB219655,CUST0057,2026-09-28 10:12:18,4300.74,CASH_IN,587,False,549,False,4.3439619607341475,RCV0463,False,0,,AG007,NORMAL,0,0,11727.2,-7426.46,0,0
TXN-SYN-4C0D277D,CUST0381,2026-09-28 10:41:54,40901.39,SEND_MONEY,664,False,619,False,7.454524135070204,RCV0945,True,0,,,MULE_LIKE,0,1,11000.23,29901.16,0,0
TXN-SYN-49DF5E30,CUST0170,2026-09-28 11:08:56,29558.04,SEND_MONEY,917,False,895,False,3.7230709857304776,RCV1038,True,0,,,MULE_LIKE,0,1,1657.48,27900.56,0,0
TXN-SYN-51B6D74F,CUST0380,2026-09-28 11:10:17,48879.51,SEND_MONEY,1060,False,1022,False,9.813487170871563,RCV0998,True,0,,,MULE_LIKE,0,1,4063.48,44816.03,0,0
TXN-SYN-0C0250D8,CUST0112,2026-09-28 11:10:38,31238.52,SEND_MONEY,1250,False,1169,False,6.238244013183499,RCV0997,True,0,,,MULE_LIKE,0,1,10587.39,20651.13,0,0
TXN-SYN-486095DA,CUST0144,2026-09-28 11:16:49,1053.92,SEND_MONEY,533,False,531,False,7.13900933396598,RCV0419,False,0,,,NORMAL,0,0,10951.9,-9897.98,0,0
TXN-SYN-066B6F08,CUST0507,2026-09-28 11:17:05,16546.13,SEND_MONEY,524,True,465,False,2.884583504181284,RCV0809,True,0,,AG014,SCAM_LIKE,0,0,10297.3,6248.83,0,0
TXN-SYN-F5AB4993,CUST0276,2026-09-28 11:34:20,406.23,SEND_MONEY,572,False,485,False,8.43796568605881,RCV1143,False,0,,,NORMAL,0,0,14985.38,-14579.15,0,0
TXN-SYN-8E9DF8AE,CUST0065,2026-09-28 11:36:19,3237.8,CASH_OUT,1224,False,1186,False,5.035484729762578,RCV0882,False,0,,AG002,NORMAL,0,0,4204.72,-966.92,0,0
TXN-SYN-5D179820,CUST0563,2026-09-28 11:46:07,392.9,MOBILE_RECHARGE,210,False,122,False,7.94888329801248,RCV0232,False,0,,,NORMAL,0,0,2757.26,-2364.36,0,0
TXN-SYN-8815BB17,CUST0384,2026-09-28 11:52:29,50.0,SEND_MONEY,597,False,578,False,5.614156862337854,RCV0703,False,0,,,NORMAL,0,1,5248.2,-5198.2,0,0
TXN-SYN-F25F32F4,CUST0354,2026-09-28 11:53:49,19079.6,SEND_MONEY,1117,False,1087,False,6.14716925002346,RCV1189,False,0,,,NORMAL,0,2,20881.77,-1802.17,0,0
TXN-SYN-606B1B64,CUST0725,2026-09-28 11:54:41,786.74,SEND_MONEY,1082,False,1061,False,9.799402545648043,RCV0631,False,0,,,NORMAL,0,0,5755.71,-4968.97,0,0
TXN-SYN-6560EE13,CUST0310,2026-09-28 11:56:53,3242.6,SEND_MONEY,607,False,602,False,6.356411063196799,RCV1085,False,0,,,NORMAL,0,0,14997.96,-11755.36,0,0
TXN-SYN-3FA1EE38,CUST0442,2026-09-28 11:58:23,3046.91,CASH_IN,412,False,349,False,2.220105342743209,RCV0559,False,0,,AG021,NORMAL,0,0,13576.47,-10529.56,0,0
TXN-SYN-EBDAC928,CUST0730,2026-09-28 11:58:42,9516.43,SEND_MONEY,1024,True,985,False,7.370116590955615,RCV0953,True,0,M031,,SCAM_LIKE,0,0,23349.11,-13832.68,0,0
TXN-SYN-E828170A,CUST0660,2026-09-28 12:04:17,46471.26,SEND_MONEY,1299,False,1296,False,0.7742915050030497,RCV0225,True,0,,,MULE_LIKE,0,0,4987.46,41483.8,0,0
TXN-SYN-6975C695,CUST0272,2026-09-28 12:10:09,98.59,MOBILE_RECHARGE,838,False,753,False,0.42748194092889213,RCV0190,False,0,,,NORMAL,0,0,4720.91,-4622.32,0,0
TXN-SYN-5F04DA89,CUST0728,2026-09-28 12:22:15,1126.65,BILL_PAY,222,False,200,False,0.1036234560090199,RCV0972,False,0,,,NORMAL,0,0,5269.34,-4142.69,0,0
TXN-SYN-C99D3E48,CUST0761,2026-09-28 12:26:52,2558.61,SEND_MONEY,756,False,721,False,9.069428088348339,RCV0786,False,0,,,NORMAL,0,0,3490.9,-932.29,0,0
TXN-SYN-BE494A0A,CUST0584,2026-09-28 12:34:20,418.15,SEND_MONEY,1384,False,1368,False,2.120433621929596,RCV0700,False,0,,,NORMAL,0,0,14338.0,-13919.85,0,0
TXN-SYN-DC65AB46,CUST0008,2026-09-28 12:38:50,50.0,MERCHANT_PAYMENT,1322,False,1240,False,1.1892105216972093,RCV0151,False,0,M032,,NORMAL,0,0,3541.26,-3491.26,0,0
TXN-SYN-2D22FAA0,CUST0371,2026-09-28 12:47:52,38505.52,SEND_MONEY,361,False,348,False,4.712549696471054,RCV0998,True,0,,,MULE_LIKE,0,0,43067.84,-4562.32,0,0
TXN-SYN-D7E20326,CUST0424,2026-09-28 13:00:40,25884.24,MOBILE_RECHARGE,1037,False,1005,False,4.531254069036049,RCV0624,False,0,,,NORMAL,0,0,3911.52,21972.72,0,0
TXN-SYN-3E540174,CUST0052,2026-09-28 13:03:01,20388.11,SEND_MONEY,1452,False,1424,False,7.2861567912049106,RCV0474,True,0,,,SCAM_LIKE,0,0,7013.67,13374.44,0,0
TXN-SYN-B30EDE9F,CUST0260,2026-09-28 13:08:23,27207.75,SEND_MONEY,963,False,938,False,2.314449683659441,RCV1069,True,0,,AG029,MULE_LIKE,0,1,16453.55,10754.2,0,0
TXN-SYN-CD393169,CUST0652,2026-09-28 13:10:49,91.41,CASH_OUT,386,False,382,False,7.807615860684399,RCV0542,False,0,,AG001,NORMAL,0,1,4758.6,-4667.19,0,0
TXN-SYN-9FD51795,CUST0071,2026-09-28 13:11:21,19979.34,SEND_MONEY,850,False,764,False,8.601204413974134,RCV0999,True,2,,,MULE_LIKE,0,0,18354.31,1625.03,0,0
TXN-SYN-816850C8,CUST0654,2026-09-28 13:11:39,3947.69,CASH_OUT,1421,False,1391,False,1.3504799872780338,RCV1006,False,0,,AG025,NORMAL,0,0,2604.93,1342.76,0,0
TXN-SYN-24D938D4,CUST0290,2026-09-28 13:26:18,2011.65,MERCHANT_PAYMENT,455,False,394,False,1.855802367835554,RCV0203,False,0,M002,,NORMAL,0,0,1111.23,900.42,0,0
TXN-SYN-A90B9282,CUST0702,2026-09-28 13:26:20,382.79,SEND_MONEY,554,False,469,False,9.63822275482351,RCV0767,False,0,,,NORMAL,0,0,13299.08,-12916.29,0,0
TXN-SYN-8FD2B225,CUST0053,2026-09-28 13:27:02,94.36,SEND_MONEY,983,False,942,False,5.691305027124413,RCV1172,False,0,,,NORMAL,0,0,7931.47,-7837.11,0,0
TXN-SYN-7F639F18,CUST0594,2026-09-28 13:35:03,563.42,SEND_MONEY,1444,False,1405,False,7.556173827286985,RCV0101,False,0,,,NORMAL,0,0,11087.23,-10523.81,0,0
TXN-SYN-67438853,CUST0382,2026-09-28 13:36:28,9667.44,SEND_MONEY,1365,False,1364,False,1.3448638266103952,RCV0735,False,0,,,NORMAL,0,0,20797.72,-11130.28,0,0
TXN-SYN-6E3D36AB,CUST0051,2026-09-28 13:38:17,1203.61,MERCHANT_PAYMENT,1011,False,977,False,9.013999412292332,RCV0727,False,0,M028,,NORMAL,0,0,10636.08,-9432.47,0,0
TXN-SYN-90331864,CUST0617,2026-09-28 13:42:39,1763.02,CASH_OUT,1055,False,1041,False,9.029189732330538,RCV0391,False,0,,AG023,NORMAL,0,0,25812.63,-24049.61,0,0
TXN-SYN-3B6F21DB,CUST0488,2026-09-28 13:49:20,98.51,SEND_MONEY,1415,False,1402,False,4.280559227956571,RCV0650,False,0,,,NORMAL,0,0,11613.78,-11515.27,0,0
TXN-SYN-5483F7F5,CUST0282,2026-09-28 14:00:03,1549.68,SEND_MONEY,679,False,666,False,0.7442841843851566,RCV0073,False,0,,,NORMAL,0,0,8710.15,-7160.47,0,0
TXN-SYN-478B0224,CUST0795,2026-09-28 14:06:19,1872.53,SEND_MONEY,1451,False,1377,False,5.964472977716597,RCV1107,False,0,,,NORMAL,0,0,2065.48,-192.95,0,0
TXN-SYN-47A81A80,CUST0013,2026-09-28 14:08:33,10699.67,SEND_MONEY,1234,False,1148,False,4.683893596026641,RCV0998,True,0,,,MULE_LIKE,0,0,3494.39,7205.28,0,0
TXN-SYN-75D414A3,CUST0118,2026-09-28 14:08:38,192.82,SEND_MONEY,1445,False,1403,False,3.48870401640493,RCV0707,False,0,,,NORMAL,0,0,3605.71,-3412.89,0,0
TXN-SYN-E64EDDB3,CUST0132,2026-09-28 14:13:12,50.0,MOBILE_RECHARGE,188,False,156,False,8.707820343019119,RCV0379,False,0,,,NORMAL,0,1,4754.84,-4704.84,0,0
TXN-SYN-C69D164B,CUST0217,2026-09-28 14:13:34,1454.5,SEND_MONEY,230,False,199,False,4.240126012564691,RCV0202,False,0,,,NORMAL,0,1,9609.25,-8154.75,0,0
TXN-SYN-7F07193A,CUST0304,2026-09-28 14:14:48,406.96,MERCHANT_PAYMENT,627,False,538,False,7.003478888665695,RCV0145,False,0,M013,,NORMAL,0,0,8993.09,-8586.13,0,0
TXN-SYN-B5FCDDEF,CUST0425,2026-09-28 14:16:18,13221.02,SEND_MONEY,1278,False,1211,False,1.6406455019241817,RCV0595,True,0,,,MULE_LIKE,0,0,7034.22,6186.8,0,0
TXN-SYN-618916D2,CUST0624,2026-09-28 14:16:52,135.75,CASH_IN,555,False,525,False,0.056172489954411375,RCV0365,False,0,,AG006,NORMAL,0,1,8045.95,-7910.2,0,0
TXN-SYN-A37B9AA6,CUST0120,2026-09-28 14:22:37,4176.57,SEND_MONEY,591,False,591,False,3.9353587761951703,RCV0025,False,0,,,NORMAL,0,0,6601.72,-2425.15,0,0
TXN-SYN-7FEBC7C0,CUST0322,2026-09-28 14:42:32,6048.01,MERCHANT_PAYMENT,667,False,585,False,6.90396987912796,RCV0957,False,0,M006,,NORMAL,0,2,5046.86,1001.15,0,0
TXN-SYN-39388AAA,CUST0379,2026-09-28 14:46:42,96.88,BILL_PAY,862,False,814,False,1.7093779120826913,RCV0164,False,0,,,NORMAL,0,0,8108.15,-8011.27,0,0
TXN-SYN-D51ADC2E,CUST0439,2026-09-28 14:51:26,399.2,SEND_MONEY,670,False,636,False,3.6406920304496238,RCV0715,False,0,,,NORMAL,0,0,5828.56,-5429.36,0,0
TXN-SYN-A9704EB2,CUST0409,2026-09-28 14:54:10,1705.53,CASH_IN,590,False,559,False,6.186873497119713,RCV0948,False,0,,AG005,NORMAL,0,0,483.77,1221.76,0,0
TXN-SYN-F2F44558,CUST0618,2026-09-28 15:02:38,1031.34,SEND_MONEY,429,False,393,False,0.10686138978628246,RCV1063,False,0,,,NORMAL,0,0,13800.65,-12769.31,0,0
TXN-SYN-D4056C44,CUST0012,2026-09-28 15:09:18,5225.37,CASH_IN,292,False,269,False,2.641702816435182,RCV0049,False,0,,AG006,NORMAL,0,0,7358.45,-2133.08,0,0
TXN-SYN-6A9978D0,CUST0193,2026-09-28 15:13:36,50.0,SEND_MONEY,120,False,84,False,5.722105936046747,RCV0311,False,0,,,NORMAL,0,0,1502.13,-1452.13,0,0
TXN-SYN-6A8CC25D,CUST0755,2026-09-28 15:33:35,7036.39,SEND_MONEY,851,True,788,False,8.593426793520292,RCV1083,True,0,,,SCAM_LIKE,0,0,19363.96,-12327.57,0,0
TXN-SYN-AD6B5D14,CUST0299,2026-09-28 15:56:23,501.27,CASH_IN,608,False,592,False,7.345779231214133,RCV0138,False,0,,AG021,NORMAL,0,0,5673.34,-5172.07,0,0
TXN-SYN-E0857B58,CUST0528,2026-09-28 16:15:16,467.53,SEND_MONEY,1201,False,1146,False,3.686206524982887,RCV0203,False,0,,,NORMAL,0,2,7818.79,-7351.26,0,1
TXN-SYN-834BF9BB,CUST0317,2026-09-28 16:19:40,208.12,SEND_MONEY,867,False,816,False,5.067117639327982,RCV0756,False,0,,,NORMAL,0,1,13203.47,-12995.35,0,0
TXN-SYN-22E1F260,CUST0637,2026-09-28 16:24:06,49831.22,SEND_MONEY,1238,False,1196,False,6.1191389180869225,RCV0847,True,0,,,MULE_LIKE,0,0,2240.08,47591.14,0,0
TXN-SYN-8E0D9342,CUST0282,2026-09-28 16:29:35,1208.72,SEND_MONEY,842,False,761,False,3.6650912770698563,RCV0604,False,0,,,NORMAL,0,1,7994.11,-6785.39,0,0
TXN-SYN-5C2BE38E,CUST0157,2026-09-28 16:32:51,16445.85,SEND_MONEY,1160,False,1137,False,3.307503046705137,RCV0476,True,0,,,SCAM_LIKE,0,0,9375.78,7070.07,0,0
TXN-SYN-E64BF2E6,CUST0639,2026-09-28 16:34:06,633.77,MOBILE_RECHARGE,572,False,523,False,9.246936182785628,RCV0550,False,0,,,NORMAL,0,0,4000.85,-3367.08,0,0
TXN-SYN-AE955C97,CUST0128,2026-09-28 16:54:22,1622.71,SEND_MONEY,986,False,979,False,9.766765269929508,RCV0010,False,0,,,NORMAL,0,0,7545.15,-5922.44,0,0
TXN-SYN-A78ED1CD,CUST0002,2026-09-28 16:56:28,1451.56,MOBILE_RECHARGE,353,False,299,False,1.888287366539485,RCV0615,False,0,,,NORMAL,0,0,2811.48,-1359.92,0,0
TXN-SYN-39ED6C2A,CUST0463,2026-09-28 16:56:51,334.29,SEND_MONEY,765,False,685,False,8.791814058915751,RCV0454,False,0,,,NORMAL,0,2,10432.31,-10098.02,0,0
TXN-SYN-D46F6CD7,CUST0715,2026-09-28 16:58:48,11680.26,SEND_MONEY,204,False,182,False,2.3653345138394624,RCV1182,False,0,,,NORMAL,0,0,3790.94,7889.32,0,0
TXN-SYN-38D76798,CUST0484,2026-09-28 17:27:26,16353.72,MERCHANT_PAYMENT,1170,False,1140,False,8.68972165064002,RCV0913,False,0,M025,,NORMAL,0,0,5483.91,10869.81,0,0
TXN-SYN-126226FF,CUST0127,2026-09-28 17:31:05,4819.16,SEND_MONEY,306,False,291,False,9.609759589063998,RCV0816,False,0,,,NORMAL,0,0,3880.76,938.4,0,0
TXN-SYN-2F10D6C0,CUST0457,2026-09-28 17:35:17,2618.75,SEND_MONEY,1265,False,1218,False,7.633189157080572,RCV0517,False,0,,,NORMAL,0,0,6222.0,-3603.25,0,0
TXN-SYN-30E46DA3,CUST0750,2026-09-28 17:36:55,170.8,CASH_IN,471,False,398,False,7.520794375295791,RCV0995,False,0,,AG021,NORMAL,0,0,23696.83,-23526.03,0,0
TXN-SYN-71D15D8F,CUST0288,2026-09-28 17:41:29,477.3,MOBILE_RECHARGE,1193,False,1157,False,9.005106436374767,RCV1072,False,0,,,NORMAL,0,0,15033.15,-14555.85,0,0
TXN-SYN-44E8233D,CUST0218,2026-09-28 17:44:46,50.0,CASH_IN,1272,False,1206,False,0.014224847421286935,RCV1068,False,0,,AG019,NORMAL,0,0,1304.09,-1254.09,0,0
TXN-SYN-25191AAB,CUST0310,2026-09-28 17:49:09,447.49,CASH_OUT,1374,False,1343,False,5.196209378963253,RCV1188,False,0,,AG015,NORMAL,0,1,13528.54,-13081.05,0,0
TXN-SYN-5E68AC91,CUST0008,2026-09-28 17:52:11,4857.45,SEND_MONEY,1017,False,988,False,6.824019122065304,RCV1004,False,0,,,NORMAL,0,1,2668.44,2189.0,0,0
TXN-SYN-A7598C6A,CUST0695,2026-09-28 17:54:47,318.87,SEND_MONEY,199,False,196,False,0.031992513615193285,RCV0212,False,0,,,NORMAL,0,0,30476.41,-30157.54,0,0
TXN-SYN-694E3693,CUST0366,2026-09-28 18:12:58,337.27,CASH_OUT,982,False,956,False,5.363812857774364,RCV0888,False,0,,AG002,NORMAL,0,0,1425.39,-1088.12,0,0
TXN-SYN-C2DD55F4,CUST0517,2026-09-28 18:48:34,2605.5,SEND_MONEY,155,False,77,False,9.409566212589349,RCV1171,False,0,,,NORMAL,0,1,7730.7,-5125.2,0,0
TXN-SYN-B9625CF4,CUST0297,2026-09-28 18:49:37,474.76,BILL_PAY,347,False,270,False,6.483844190004203,RCV0369,False,0,,,NORMAL,0,0,12581.27,-12106.51,0,0
TXN-SYN-3E363F66,CUST0304,2026-09-28 18:57:46,1222.32,CASH_OUT,231,False,214,False,9.018630111233657,RCV0556,False,0,,AG022,NORMAL,0,1,7562.07,-6339.75,0,0
TXN-SYN-B5536BA0,CUST0026,2026-09-28 19:03:07,54304.47,CASH_IN,311,False,236,False,6.245852451511748,RCV0072,False,0,,AG015,NORMAL,0,0,10394.36,43910.11,0,0
TXN-SYN-93C04DF7,CUST0652,2026-09-28 19:08:25,1395.55,CASH_IN,978,False,906,False,5.037492608766879,RCV0145,False,0,,AG016,NORMAL,0,1,3825.16,-2429.61,0,1
TXN-SYN-C6FDE043,CUST0797,2026-09-28 19:14:22,464.56,CASH_IN,695,False,654,False,0.29445090995102285,RCV0005,False,0,,AG025,NORMAL,0,0,15981.01,-15516.45,0,0
TXN-SYN-12CD12F5,CUST0460,2026-09-28 19:21:39,850.81,CASH_OUT,489,False,464,False,3.6761596645133263,RCV1141,False,0,,AG023,NORMAL,0,0,7003.5,-6152.69,0,0
TXN-SYN-EA0FC861,CUST0764,2026-09-28 19:24:49,104.86,MERCHANT_PAYMENT,755,False,734,False,2.3241884434437687,RCV0039,False,0,M040,,NORMAL,0,1,8879.11,-8774.25,0,1
TXN-SYN-9235614A,CUST0653,2026-09-28 19:32:29,7457.63,SEND_MONEY,1353,False,1322,False,9.631575235839414,RCV0816,False,0,,,NORMAL,0,0,4555.36,2902.27,0,0
TXN-SYN-9D7DBDA7,CUST0542,2026-09-28 19:38:54,10621.09,SEND_MONEY,544,False,521,False,7.0586206089625625,RCV1116,True,0,,AG028,SCAM_LIKE,0,0,7847.28,2773.81,0,0
TXN-SYN-9EC030A5,CUST0775,2026-09-28 19:39:18,96.27,CASH_OUT,365,False,288,False,0.6565071691904834,RCV0885,False,0,,AG025,NORMAL,0,0,5268.73,-5172.46,0,0
TXN-SYN-682D7B2B,CUST0638,2026-09-28 19:43:17,4293.88,BILL_PAY,599,False,514,False,7.55192259625745,RCV0583,False,0,,,NORMAL,0,0,13913.84,-9619.96,0,0
TXN-SYN-96E70833,CUST0560,2026-09-28 19:43:54,910.3,CASH_IN,1075,False,1061,False,4.56069984217036,RCV0474,False,0,,AG018,NORMAL,0,0,8967.59,-8057.29,0,0
TXN-SYN-74A13765,CUST0563,2026-09-28 19:55:42,231.86,CASH_OUT,260,False,215,False,4.988972865819247,RCV0432,False,0,,AG025,NORMAL,0,1,2284.39,-2052.53,0,0
TXN-SYN-B6EFB502,CUST0523,2026-09-28 19:56:02,963.93,CASH_IN,607,False,538,False,6.417307075910107,RCV1162,False,0,,AG028,NORMAL,0,0,10225.43,-9261.5,0,0
TXN-SYN-6063408A,CUST0658,2026-09-28 20:09:35,693.22,SEND_MONEY,336,False,322,False,1.3874249559457974,RCV0107,False,0,,,NORMAL,0,0,1253.87,-560.65,0,0
TXN-SYN-DC6CF47F,CUST0023,2026-09-28 20:11:06,111.83,BILL_PAY,377,False,348,False,5.927255497239385,RCV0497,False,0,,,NORMAL,0,0,3272.81,-3160.98,0,0
TXN-SYN-40922B5C,CUST0112,2026-09-28 20:19:48,129.98,CASH_IN,692,False,633,False,4.208249528677942,RCV0999,False,1,,AG019,NORMAL,0,1,12464.77,-12334.79,0,0
TXN-SYN-DCF54EDD,CUST0292,2026-09-28 20:23:46,7840.94,SEND_MONEY,416,False,373,False,3.648210422175162,RCV0716,False,0,,,NORMAL,0,0,11658.25,-3817.31,0,0
TXN-SYN-24B50346,CUST0503,2026-09-28 20:47:32,43933.89,CASH_IN,183,False,163,False,5.831002653751526,RCV0237,False,0,,AG002,NORMAL,0,0,9322.18,34611.71,0,0
TXN-SYN-84C44A77,CUST0327,2026-09-28 20:48:40,5903.36,SEND_MONEY,416,True,415,False,5.161245842024868,RCV0463,True,0,,AG024,SCAM_LIKE,0,0,12019.8,-6116.44,0,0
TXN-SYN-BDDABE62,CUST0676,2026-09-28 21:08:07,56.56,MOBILE_RECHARGE,767,False,716,False,7.258713861149484,RCV0895,False,0,,,NORMAL,0,1,13844.85,-13788.29,0,1
TXN-SYN-8ED41E63,CUST0047,2026-09-28 21:08:25,103.65,CASH_OUT,625,False,603,False,3.3056021043527384,RCV1130,False,0,,AG018,NORMAL,0,0,3915.09,-3811.44,0,0
TXN-SYN-81F38039,CUST0660,2026-09-28 21:10:54,978.17,SEND_MONEY,1413,False,1398,False,4.1745544584290615,RCV0456,False,0,,,NORMAL,0,1,10913.72,-9935.55,0,0
TXN-SYN-B8217F5D,CUST0027,2026-09-28 21:15:01,50.0,SEND_MONEY,763,False,700,False,8.773011259129902,RCV0904,False,0,,,NORMAL,0,0,4614.9,-4564.9,0,0
TXN-SYN-2D0098C5,CUST0042,2026-09-28 21:30:28,3844.23,CASH_OUT,675,False,606,False,3.1652815019796976,RCV0049,False,0,,AG014,NORMAL,0,0,5804.12,-1959.89,0,0
TXN-SYN-B5BCFEE6,CUST0195,2026-09-28 21:33:58,2110.06,MERCHANT_PAYMENT,180,False,99,False,8.00048916828424,RCV0191,False,0,M012,,NORMAL,0,0,25224.93,-23114.87,0,0
TXN-SYN-BFE37A7C,CUST0733,2026-09-28 21:35:05,5985.81,SEND_MONEY,1453,True,1445,False,8.355099278794716,RCV0726,True,0,,AG010,SCAM_LIKE,0,0,5600.32,385.49,0,0
TXN-SYN-DDF761DD,CUST0329,2026-09-28 21:35:39,80.11,CASH_OUT,232,False,173,False,5.902397500091051,RCV0275,False,0,,AG008,NORMAL,0,0,8776.66,-8696.55,0,0
TXN-SYN-821BEEA4,CUST0608,2026-09-28 21:36:03,50.83,SEND_MONEY,816,False,762,False,1.3465916138445688,RCV1121,False,0,,,NORMAL,0,0,13979.86,-13929.03,0,0
TXN-SYN-7D9C0B5D,CUST0218,2026-09-28 21:44:00,1540.09,CASH_IN,357,False,271,False,0.8588007667438391,RCV0841,False,0,,AG024,NORMAL,0,1,1147.33,392.76,0,0
TXN-SYN-D4404383,CUST0306,2026-09-28 21:45:55,17033.73,SEND_MONEY,929,False,851,False,4.708164193658981,RCV0954,True,0,,,SCAM_LIKE,0,0,2111.52,14922.21,0,0
TXN-SYN-EA1A0F0D,CUST0435,2026-09-28 21:49:09,1681.19,CASH_OUT,1366,False,1300,False,5.182863702935721,RCV0352,False,0,,AG016,NORMAL,0,0,13446.62,-11765.44,0,0
TXN-SYN-B177054C,CUST0486,2026-09-28 21:50:50,308.83,MERCHANT_PAYMENT,1326,False,1294,False,7.79017020362454,RCV0865,False,0,M040,,NORMAL,0,0,5775.49,-5466.66,0,0
TXN-SYN-8496BCEB,CUST0526,2026-09-28 21:52:15,1305.51,MERCHANT_PAYMENT,109,False,107,False,6.889356410085627,RCV1112,False,0,M001,,NORMAL,0,0,140.1,1165.41,0,0
TXN-SYN-766FBAF5,CUST0384,2026-09-28 21:53:07,4682.14,SEND_MONEY,1281,False,1194,False,9.128586899643874,RCV0446,False,0,,,NORMAL,0,1,4728.38,-46.24,0,0
TXN-SYN-51ADE6C1,CUST0148,2026-09-28 21:58:28,380.78,SEND_MONEY,1024,False,1008,False,9.814475954291293,RCV0121,False,0,,,NORMAL,0,1,10201.11,-9820.33,0,0
TXN-SYN-2C914E48,CUST0791,2026-09-28 21:58:43,1104.98,SEND_MONEY,1128,False,1098,False,3.7589835326332386,RCV0045,False,0,,,NORMAL,0,0,12050.11,-10945.13,0,0
TXN-SYN-5DD843DC,CUST0363,2026-09-28 22:17:43,19420.72,CASH_OUT,118,False,105,True,36.198387471163834,RCV1069,False,0,,AG024,CASH_OUT_RISK,0,0,6194.98,13225.74,0,0
TXN-SYN-ECBC3BD7,CUST0015,2026-09-28 22:17:56,16948.32,CASH_OUT,1221,False,1162,True,67.23930765238437,RCV0215,False,0,,AG023,CASH_OUT_RISK,0,0,10589.66,6358.66,0,0
TXN-SYN-2EB04B8E,CUST0473,2026-09-28 23:32:51,27192.27,CASH_OUT,597,False,574,True,30.07053769993087,RCV0213,False,0,M000,AG008,CASH_OUT_RISK,0,0,9340.29,17851.98,0,0
TXN-SYN-E437BBBF,CUST0418,2026-09-28 23:35:01,34497.31,CASH_OUT,191,False,167,True,76.19169140323415,RCV1145,False,0,,AG026,CASH_OUT_RISK,0,0,2660.92,31836.39,0,0
TXN-SYN-67036B92,CUST0710,2026-09-28 23:35:04,23523.49,CASH_OUT,1329,False,1248,True,75.40112102089543,RCV0745,False,0,,AG021,CASH_OUT_RISK,0,0,16940.42,6583.07,0,0
TXN-SYN-702DA676,CUST0289,2026-09-28 23:38:58,19902.4,CASH_OUT,1136,False,1052,True,39.992755948004834,RCV1177,False,0,,AG015,CASH_OUT_RISK,0,0,23346.28,-3443.88,0,0
TXN-SYN-87DA897A,CUST0090,2026-09-28 23:46:16,20766.82,CASH_OUT,1295,False,1251,True,64.20005167319809,RCV0091,False,2,M020,AG027,CASH_OUT_RISK,0,0,20766.82,0.0,0,0
TXN-SYN-313337CA,CUST0300,2026-09-28 23:57:35,45147.7,CASH_OUT,1346,False,1267,True,64.66212195231327,RCV0097,False,0,,AG009,CASH_OUT_RISK,0,0,10880.03,34267.67,0,0
TXN-SYN-920A56E8,CUST0405,2026-09-29 00:20:36,4091.7349824546477,SEND_MONEY,19,True,0,True,230.41230090158237,RCV0456,False,5,,,ACCOUNT_TAKEOVER_LIKE,0,0,10958.19,-6866.46,0,0
TXN-SYN-469EFD5E,CUST0794,2026-09-29 00:54:13,759.8339045659496,BILL_PAY,55,True,2,True,246.07394295737237,RCV0578,False,2,,,ACCOUNT_TAKEOVER_LIKE,0,0,8437.49,-7677.65,0,0
TXN-SYN-889468B3,CUST0464,2026-09-29 00:57:17,1855.7848312187161,BILL_PAY,85,True,1,True,129.93754701978872,RCV1015,False,2,,,ACCOUNT_TAKEOVER_LIKE,0,0,9544.54,-7688.75,0,0
TXN-SYN-5786E1E1,CUST0256,2026-09-29 01:05:20,3535.2317069996375,CASH_OUT,42,True,2,True,344.80920610758454,RCV0866,False,4,,AG006,ACCOUNT_TAKEOVER_LIKE,0,0,10645.9,-7110.67,0,0
TXN-SYN-2A8B13B5,CUST0369,2026-09-29 01:29:11,223.76371911967647,SEND_MONEY,80,True,1,True,312.58829698966093,RCV0576,False,4,,,ACCOUNT_TAKEOVER_LIKE,0,0,14664.39,-14440.62,0,0
TXN-SYN-3CACAAC7,CUST0231,2026-09-29 02:01:30,47681.62,CASH_OUT,1386,False,1350,True,36.22299986038641,RCV1004,False,0,,AG005,CASH_OUT_RISK,0,0,18171.67,29509.95,0,0
TXN-SYN-4D205993,CUST0455,2026-09-29 02:07:28,36340.6,CASH_OUT,131,False,57,True,49.769615680642296,RCV0988,False,0,,AG015,CASH_OUT_RISK,0,0,255.05,36085.55,0,0
TXN-SYN-06F3A343,CUST0254,2026-09-29 02:15:04,11758.758169810448,SEND_MONEY,45,True,2,True,116.32247041880684,RCV0546,False,4,,,ACCOUNT_TAKEOVER_LIKE,0,0,25610.22,-13851.46,0,0
TXN-SYN-67BDBE41,CUST0101,2026-09-29 02:16:02,1209.8900406765015,SEND_MONEY,98,True,2,True,70.39908592159733,RCV0950,False,2,,,ACCOUNT_TAKEOVER_LIKE,0,0,26158.36,-24948.47,0,0
TXN-SYN-4C5D2B28,CUST0680,2026-09-29 02:19:46,1815.080455665276,CASH_IN,54,True,2,True,69.79956375123976,RCV0075,False,5,,AG022,ACCOUNT_TAKEOVER_LIKE,0,0,7733.2,-5918.12,0,0
TXN-SYN-73F2E9B8,CUST0620,2026-09-29 02:28:33,36999.82,CASH_OUT,947,False,861,True,81.43759824494651,RCV0566,False,0,,AG028,CASH_OUT_RISK,0,0,11534.38,25465.44,0,0
TXN-SYN-BC476B3F,CUST0306,2026-09-29 02:56:20,20198.11,CASH_OUT,1248,False,1168,True,23.871670555661247,RCV1118,False,0,,AG023,CASH_OUT_RISK,0,1,5095.96,15102.15,0,0
TXN-SYN-86B5D74D,CUST0310,2026-09-29 03:11:38,33630.22,CASH_OUT,684,False,626,True,72.69741109816178,RCV0548,False,0,,AG027,CASH_OUT_RISK,0,2,12075.09,21555.13,0,1
TXN-SYN-F0D23E24,CUST0039,2026-09-29 03:25:27,24565.94,CASH_OUT,843,False,801,True,84.44879827966558,RCV0556,False,0,,AG001,CASH_OUT_RISK,0,0,10140.97,14424.97,0,0
TXN-SYN-6EA976C3,CUST0533,2026-09-29 04:07:11,4351.809692723238,CASH_OUT,43,True,0,True,218.12435668308296,RCV0340,False,5,,AG024,ACCOUNT_TAKEOVER_LIKE,0,0,7488.26,-3136.45,0,0
TXN-SYN-71CB3869,CUST0474,2026-09-29 04:39:04,100000.0,BILL_PAY,85,True,1,True,227.39439370195132,RCV0524,False,3,,,ACCOUNT_TAKEOVER_LIKE,0,0,11027.1,88972.9,0,0
TXN-SYN-F5FF09B1,CUST0116,2026-09-29 04:52:34,31588.62846599774,MOBILE_RECHARGE,24,True,2,True,314.89066061204124,RCV0505,False,5,,,ACCOUNT_TAKEOVER_LIKE,0,0,1131.97,30456.66,0,0
TXN-SYN-F4C6AED7,CUST0776,2026-09-29 05:59:04,944.5236748519418,MOBILE_RECHARGE,32,True,0,True,473.69814606041257,RCV1029,False,2,,,ACCOUNT_TAKEOVER_LIKE,0,0,3821.24,-2876.72,0,0
TXN-SYN-5BD167DD,CUST0132,2026-09-29 08:14:16,4736.26,CASH_OUT,104,False,68,False,5.425702034080678,RCV0882,False,0,,AG019,NORMAL,0,2,4166.74,569.52,0,0
TXN-SYN-D963C55B,CUST0786,2026-09-29 08:18:50,783.2,BILL_PAY,1363,False,1362,False,7.766509549439444,RCV1054,False,0,,,NORMAL,0,0,6843.5,-6060.3,0,0
TXN-SYN-D5AF07B3,CUST0326,2026-09-29 08:19:00,1507.4,BILL_PAY,584,False,573,False,7.964405615234773,RCV0607,False,0,,,NORMAL,0,0,14131.64,-12624.24,0,0
TXN-SYN-3EAFB1F0,CUST0366,2026-09-29 08:20:39,11123.38,SEND_MONEY,657,False,598,False,4.7120305572396255,RCV0227,True,0,M003,,SCAM_LIKE,0,1,1326.47,9796.91,1,1
TXN-SYN-FFFFC924,CUST0277,2026-09-29 08:20:52,24108.96,SEND_MONEY,919,True,835,False,5.446308711071358,RCV0568,True,0,,,SCAM_LIKE,0,0,20841.69,3267.27,0,0
TXN-SYN-9991EB0A,CUST0575,2026-09-29 08:24:53,1586.67,SEND_MONEY,1479,False,1467,False,3.1432122968825715,RCV0671,False,0,,,NORMAL,0,0,1007.71,578.96,0,0
TXN-SYN-A59CFF79,CUST0211,2026-09-29 08:26:01,1324.9,BILL_PAY,915,False,896,False,2.5736545840163405,RCV0664,False,0,,,NORMAL,0,0,727.26,597.64,0,0
TXN-SYN-58D25B73,CUST0098,2026-09-29 08:27:49,15370.04,CASH_IN,975,False,971,False,5.594862576265114,RCV0645,False,0,,AG007,NORMAL,0,0,11038.52,4331.52,0,0
TXN-SYN-B0F36E5F,CUST0204,2026-09-29 08:33:15,13125.38,SEND_MONEY,609,False,566,False,6.958746985904457,RCV0514,True,0,,,MULE_LIKE,0,0,4029.19,9096.19,0,0
TXN-SYN-30EA7A08,CUST0184,2026-09-29 08:33:54,2058.66,SEND_MONEY,548,False,506,False,2.4248669308421866,RCV0011,False,0,,,NORMAL,0,0,13035.93,-10977.27,0,0
TXN-SYN-A43D8134,CUST0299,2026-09-29 08:35:00,268.41,CASH_OUT,502,False,471,False,1.119158162169217,RCV0496,False,0,,AG005,NORMAL,0,1,4934.47,-4666.06,0,0
TXN-SYN-B3C524E1,CUST0609,2026-09-29 08:40:27,39537.86,SEND_MONEY,1275,False,1216,False,2.7813369006688484,RCV0509,True,0,,,MULE_LIKE,0,0,5444.79,34093.07,0,0
TXN-SYN-C3546E0F,CUST0735,2026-09-29 08:42:49,3664.32,MERCHANT_PAYMENT,420,False,372,False,2.535619987693367,RCV0340,False,0,M027,,NORMAL,0,0,8143.64,-4479.32,0,0
TXN-SYN-AD3D7784,CUST0035,2026-09-29 08:46:45,1305.98,BILL_PAY,998,False,941,False,1.6020475439554538,RCV0360,False,0,,,NORMAL,0,0,1312.98,-7.0,0,0
TXN-SYN-53949C7D,CUST0784,2026-09-29 08:48:54,1192.62,SEND_MONEY,969,False,941,False,0.7142803215625126,RCV0109,False,0,,,NORMAL,0,0,9518.56,-8325.94,0,0
TXN-SYN-8D7FA2D7,CUST0372,2026-09-29 08:56:37,13183.94,SEND_MONEY,1200,False,1141,False,3.8147034341439587,RCV0257,True,0,,AG013,SCAM_LIKE,0,0,20038.47,-6854.53,0,0
TXN-SYN-458221DA,CUST0006,2026-09-29 09:00:26,8596.93,SEND_MONEY,211,False,141,False,1.6102737780069465,RCV1186,False,0,,,NORMAL,0,0,6285.35,2311.58,0,0
TXN-SYN-EAB44A25,CUST0547,2026-09-29 09:20:20,544.4,SEND_MONEY,1427,False,1348,False,7.445141169402851,RCV0235,False,0,,,NORMAL,0,0,1011.55,-467.15,0,0
TXN-SYN-4A766C02,CUST0179,2026-09-29 09:22:03,310.26,CASH_IN,826,False,767,False,3.843176354583717,RCV0983,False,0,,AG013,NORMAL,0,0,3795.22,-3484.96,0,0
TXN-SYN-C867B02B,CUST0026,2026-09-29 09:26:02,75.11,CASH_IN,1249,False,1192,False,0.6828598372642014,RCV0298,False,0,,AG025,NORMAL,0,1,15883.12,-15808.02,0,0
TXN-SYN-3C43F228,CUST0289,2026-09-29 09:37:26,49563.63,SEND_MONEY,1049,False,979,False,2.3270924386298586,RCV0997,True,0,,,MULE_LIKE,0,1,22772.3,26791.33,0,1
TXN-SYN-DAE0DF96,CUST0006,2026-09-29 09:38:49,279.33,MOBILE_RECHARGE,624,False,618,False,0.04644483084988771,RCV0187,False,0,,,NORMAL,1,1,6516.51,-6237.18,0,0
TXN-SYN-7E751DB6,CUST0023,2026-09-29 09:40:58,181.47,SEND_MONEY,842,False,769,False,8.443427308946209,RCV0108,False,0,,,NORMAL,0,1,2921.59,-2740.12,0,0
TXN-SYN-C74FDD40,CUST0744,2026-09-29 09:42:23,599.65,CASH_OUT,565,False,524,False,7.668587553202292,RCV0675,False,0,,AG006,NORMAL,0,0,5887.79,-5288.14,0,0
TXN-SYN-E701B543,CUST0260,2026-09-29 09:47:26,977.12,SEND_MONEY,567,False,539,False,0.3283668063012335,RCV0130,False,0,,,NORMAL,0,1,18245.91,-17268.79,0,0
TXN-SYN-857BD08E,CUST0405,2026-09-29 09:51:23,3657.2,SEND_MONEY,1201,False,1134,False,3.53294349821631,RCV0087,False,0,,,NORMAL,0,1,10099.88,-6442.68,0,0
TXN-SYN-DED20DB2,CUST0458,2026-09-29 09:52:07,12910.4,SEND_MONEY,523,False,496,False,2.536343204238226,RCV0998,True,2,,AG017,MULE_LIKE,0,0,708.18,12202.22,0,0
TXN-SYN-5B66D976,CUST0051,2026-09-29 09:52:35,21710.92,SEND_MONEY,435,False,409,False,8.261790263825386,RCV0850,True,0,,,SCAM_LIKE,0,1,9288.59,12422.33,0,0
TXN-SYN-9887D88B,CUST0347,2026-09-29 09:57:01,13246.79,SEND_MONEY,1039,False,954,False,5.929565922325104,RCV0965,True,0,,AG014,MULE_LIKE,0,0,1474.03,11772.76,0,0
TXN-SYN-C46D3C9C,CUST0471,2026-09-29 09:57:42,18673.56,SEND_MONEY,1359,False,1327,False,1.8246972615081436,RCV0790,True,0,,,MULE_LIKE,0,0,4594.26,14079.3,0,0
TXN-SYN-3FDEEEF7,CUST0416,2026-09-29 09:59:56,923.61,BILL_PAY,626,False,579,False,0.8771764171996432,RCV0169,False,0,,,NORMAL,0,0,12951.06,-12027.44,0,0
TXN-SYN-08A25905,CUST0243,2026-09-29 10:04:39,2615.5,CASH_IN,795,False,746,False,6.603234674133116,RCV0418,False,0,,AG029,NORMAL,0,0,5818.93,-3203.43,0,0
TXN-SYN-5C57E191,CUST0231,2026-09-29 10:11:44,3031.5,CASH_IN,231,False,177,False,5.123637775457906,RCV0532,False,0,,AG021,NORMAL,0,1,21122.66,-18091.16,0,1
TXN-SYN-B8E6295B,CUST0592,2026-09-29 10:12:44,1278.18,CASH_OUT,797,False,731,False,3.4780920790219305,RCV1137,False,0,,AG026,NORMAL,0,0,9964.41,-8686.23,0,0
TXN-SYN-05727A73,CUST0351,2026-09-29 10:13:23,2910.59,CASH_IN,491,False,450,False,3.420767959710708,RCV1035,False,0,,AG009,NORMAL,0,0,4192.77,-1282.18,0,0
TXN-SYN-2C358973,CUST0325,2026-09-29 10:15:56,3144.12,SEND_MONEY,843,False,796,False,2.8011270230656535,RCV0836,False,0,,,NORMAL,0,0,6124.77,-2980.65,0,0
TXN-SYN-333AD479,CUST0139,2026-09-29 10:30:57,18680.66,SEND_MONEY,109,False,64,False,1.4170452078375384,RCV1098,True,0,,AG013,MULE_LIKE,0,0,6185.47,12495.19,0,0
TXN-SYN-9DF1A752,CUST0797,2026-09-29 10:32:41,2055.08,MERCHANT_PAYMENT,672,False,650,False,1.639879719588705,RCV1185,False,0,M027,,NORMAL,0,1,12101.9,-10046.82,0,0
TXN-SYN-744C92AB,CUST0083,2026-09-29 10:47:43,63.19,CASH_IN,436,False,426,False,8.916188511521172,RCV0913,False,0,,AG012,NORMAL,0,0,10290.48,-10227.29,0,0
TXN-SYN-FF3AA9CB,CUST0099,2026-09-29 10:48:19,1203.62,SEND_MONEY,1142,False,1135,False,2.8666415856631744,RCV0815,False,0,,,NORMAL,0,0,1712.87,-509.25,0,0
TXN-SYN-51542874,CUST0328,2026-09-29 10:49:55,120.97,MOBILE_RECHARGE,724,False,716,False,5.170522172529597,RCV0418,False,0,,,NORMAL,0,0,7384.5,-7263.53,0,0
TXN-SYN-E80B4EC7,CUST0282,2026-09-29 10:50:09,341.9,SEND_MONEY,1057,False,1049,False,7.512301889080821,RCV0939,False,0,,,NORMAL,0,2,7377.25,-7035.35,0,0
TXN-SYN-3FE32CD1,CUST0684,2026-09-29 10:50:34,4323.67,CASH_IN,1335,False,1275,False,2.740360458771308,RCV0018,False,0,,AG023,NORMAL,0,0,15656.96,-11333.29,0,0
TXN-SYN-EF4EB87B,CUST0624,2026-09-29 10:57:40,886.57,MERCHANT_PAYMENT,210,False,135,False,6.758926228302107,RCV0132,False,0,M008,,NORMAL,0,1,7057.17,-6170.6,0,0
TXN-SYN-0F4CBB18,CUST0072,2026-09-29 10:57:58,16602.89,CASH_IN,103,False,76,False,9.067234503062496,RCV1036,False,0,,AG009,NORMAL,0,0,14228.33,2374.56,0,0
TXN-SYN-E6971E2C,CUST0661,2026-09-29 10:58:55,8147.4,MERCHANT_PAYMENT,365,False,360,False,5.511413361947338,RCV0137,False,0,M005,,NORMAL,0,0,9803.81,-1656.41,0,0
TXN-SYN-992FD50D,CUST0011,2026-09-29 10:59:52,559.2,BILL_PAY,751,False,679,False,4.078896085072801,RCV1104,False,0,,,NORMAL,0,0,14461.92,-13902.71,0,0
TXN-SYN-C49955ED,CUST0145,2026-09-29 11:04:13,336.37,SEND_MONEY,1367,False,1282,False,2.8391829091838905,RCV0005,False,0,,,NORMAL,0,0,12749.02,-12412.65,0,0
TXN-SYN-9F65ADC6,CUST0046,2026-09-29 11:12:41,2615.88,MOBILE_RECHARGE,681,False,622,False,8.812603262682325,RCV0251,False,0,,,NORMAL,0,0,8133.65,-5517.77,0,0
TXN-SYN-FEF8720B,CUST0360,2026-09-29 11:22:50,9545.9,BILL_PAY,495,False,438,False,2.488315556658831,RCV0682,False,0,,,NORMAL,0,0,4156.95,5388.95,0,0
TXN-SYN-C4E7C873,CUST0717,2026-09-29 11:24:01,3840.71,SEND_MONEY,1096,False,1071,False,2.401515960220142,RCV0798,False,0,,,NORMAL,0,0,12220.5,-8379.79,0,0
TXN-SYN-292DE5ED,CUST0637,2026-09-29 11:40:57,1174.35,CASH_OUT,149,False,114,False,4.517500743392597,RCV0827,False,0,,AG025,NORMAL,0,1,10171.93,-8997.58,0,0
TXN-SYN-6230842D,CUST0220,2026-09-29 11:55:44,31857.86,SEND_MONEY,667,False,580,False,8.604507356663435,RCV0999,True,0,,AG015,MULE_LIKE,0,0,5899.76,25958.1,0,0
TXN-SYN-9203DE60,CUST0369,2026-09-29 11:58:18,813.25,SEND_MONEY,241,False,173,False,3.5996152488315545,RCV0219,False,0,,,NORMAL,0,1,12601.44,-11788.19,0,0
TXN-SYN-FE6FD053,CUST0175,2026-09-29 12:09:31,5123.07,CASH_IN,301,False,284,False,9.202711976015387,RCV0484,False,0,,AG029,NORMAL,0,0,11912.59,-6789.52,0,0
TXN-SYN-F69248C9,CUST0188,2026-09-29 12:10:07,458.31,CASH_OUT,419,False,384,False,0.6338825145908544,RCV1137,False,0,,AG028,NORMAL,0,0,6403.56,-5945.25,0,0
TXN-SYN-E5BE3223,CUST0688,2026-09-29 12:15:00,7209.14,CASH_OUT,335,False,310,False,3.15668481164066,RCV0386,False,0,,AG026,NORMAL,0,0,12274.67,-5065.53,0,0
TXN-SYN-7926122A,CUST0267,2026-09-29 12:15:18,23169.9,SEND_MONEY,1491,False,1449,False,5.279091978315682,RCV0125,True,0,,,SCAM_LIKE,0,0,4815.73,18354.17,0,0
TXN-SYN-00D56482,CUST0626,2026-09-29 12:18:09,1885.2,MERCHANT_PAYMENT,1483,False,1460,False,6.8107239109792435,RCV0211,False,0,M028,,NORMAL,0,0,2168.97,-283.77,0,0
TXN-SYN-F134F23B,CUST0763,2026-09-29 12:29:14,27262.68,MOBILE_RECHARGE,136,False,114,False,9.36222652384836,RCV1177,False,2,,,NORMAL,0,0,4324.0,22938.68,0,0
TXN-SYN-F4A99789,CUST0452,2026-09-29 12:33:46,888.83,MOBILE_RECHARGE,1417,False,1407,False,5.61253820794501,RCV0198,False,0,,,NORMAL,0,0,10138.45,-9249.62,0,0
TXN-SYN-0F3B41A5,CUST0155,2026-09-29 12:34:16,59443.95,BILL_PAY,609,False,523,False,2.1053341090876296,RCV0439,False,1,,,NORMAL,0,0,9744.97,49698.98,0,0
TXN-SYN-B94AED74,CUST0009,2026-09-29 12:42:44,932.39,SEND_MONEY,203,False,189,False,5.1784138860686575,RCV1143,False,0,,,NORMAL,0,0,11926.92,-10994.53,0,0
TXN-SYN-4A398D74,CUST0044,2026-09-29 12:44:10,1396.46,SEND_MONEY,1359,False,1338,False,2.768995950227718,RCV1124,False,0,,,NORMAL,0,0,11400.19,-10003.73,0,0
TXN-SYN-F60CA144,CUST0213,2026-09-29 12:49:07,5347.81,SEND_MONEY,851,False,785,False,6.414970817051556,RCV0437,False,0,,,NORMAL,0,0,4752.0,595.81,0,0
TXN-SYN-6F714205,CUST0012,2026-09-29 13:05:37,627.04,BILL_PAY,1457,False,1403,False,6.475863845316294,RCV0389,False,0,,,NORMAL,0,1,7145.14,-6518.1,0,0
TXN-SYN-534E4755,CUST0727,2026-09-29 13:05:52,3372.04,CASH_OUT,760,False,727,False,0.7416992138421108,RCV0606,False,0,,AG029,NORMAL,0,0,9376.7,-6004.66,0,0
TXN-SYN-BB04F089,CUST0243,2026-09-29 13:14:53,2215.34,SEND_MONEY,187,False,169,False,8.37815590810113,RCV0844,False,0,,,NORMAL,0,1,5018.07,-2802.73,0,0
TXN-SYN-9215D99E,CUST0602,2026-09-29 13:17:55,4183.42,MERCHANT_PAYMENT,394,False,335,False,3.684489199165789,RCV0690,False,0,M008,,NORMAL,0,0,14922.01,-10738.59,0,0
TXN-SYN-3B7D5CF3,CUST0127,2026-09-29 13:27:16,18016.05,SEND_MONEY,691,True,686,False,6.261740737938947,RCV0837,True,0,,,SCAM_LIKE,0,1,4037.16,13978.89,0,0
TXN-SYN-209A5456,CUST0472,2026-09-29 13:52:58,1375.88,CASH_OUT,660,False,588,False,6.854405223712914,RCV0552,False,0,,AG017,NORMAL,0,0,7725.74,-6349.86,0,0
TXN-SYN-EFBA0B8C,CUST0486,2026-09-29 14:00:10,248.31,MERCHANT_PAYMENT,1395,False,1374,False,7.816812079596197,RCV0144,False,0,M030,,NORMAL,0,1,4864.38,-4616.07,0,0
TXN-SYN-F636B898,CUST0276,2026-09-29 14:01:36,216.08,CASH_OUT,1437,False,1414,False,6.953620456525603,RCV1182,False,0,,AG001,NORMAL,0,0,12902.64,-12686.56,0,0
TXN-SYN-2200A731,CUST0243,2026-09-29 14:12:18,726.79,MERCHANT_PAYMENT,519,False,485,False,0.6731297342154285,RCV1118,False,0,M014,,NORMAL,1,2,4457.52,-3730.73,0,0
TXN-SYN-12E9176C,CUST0172,2026-09-29 14:21:27,102.76,MERCHANT_PAYMENT,287,False,234,False,1.1304303368610724,RCV0759,False,0,M038,,NORMAL,0,0,7087.58,-6984.82,0,0
TXN-SYN-C6F9C306,CUST0265,2026-09-29 14:25:13,8007.61,BILL_PAY,1459,False,1389,False,7.493694366449569,RCV1141,False,0,,,NORMAL,0,0,2147.34,5860.27,0,0
TXN-SYN-70B37A8E,CUST0737,2026-09-29 14:33:19,26868.5,SEND_MONEY,1355,False,1323,False,8.439934719420247,RCV0056,True,0,,,MULE_LIKE,0,0,25911.18,957.32,0,0
TXN-SYN-F75B662F,CUST0060,2026-09-29 14:34:36,4683.11,CASH_OUT,1286,False,1225,False,2.374766950056241,RCV1108,False,0,,AG004,NORMAL,0,0,23689.9,-19006.79,0,0
TXN-SYN-B71A704C,CUST0600,2026-09-29 14:36:21,336.5,MOBILE_RECHARGE,960,False,894,False,2.4773098950115746,RCV0487,False,0,,,NORMAL,0,0,13110.22,-12773.72,0,0
TXN-SYN-6ED00D96,CUST0059,2026-09-29 14:43:00,149.29,CASH_OUT,191,False,154,False,1.4425131411659153,RCV0649,False,0,,AG012,NORMAL,0,0,14091.89,-13942.6,0,0
TXN-SYN-BF1E2D15,CUST0515,2026-09-29 15:00:31,2951.19,CASH_OUT,253,False,168,False,1.7604769542717025,RCV0617,False,0,,AG011,NORMAL,0,0,9087.22,-6136.04,0,0
TXN-SYN-749D64C2,CUST0330,2026-09-29 15:02:01,710.06,MOBILE_RECHARGE,720,False,646,False,3.425392295096077,RCV0750,False,0,,,NORMAL,0,0,6700.34,-5990.28,0,0
TXN-SYN-7D7CCE2C,CUST0081,2026-09-29 15:05:03,789.46,SEND_MONEY,439,False,377,False,2.820457008343439,RCV0768,False,0,,,NORMAL,0,0,2783.8,-1994.35,0,0
TXN-SYN-A074F627,CUST0034,2026-09-29 15:14:38,60.66,CASH_OUT,1123,False,1119,False,6.694985765506946,RCV0901,False,0,,AG026,NORMAL,0,0,16767.64,-16706.98,0,0
TXN-SYN-5C28A863,CUST0367,2026-09-29 15:15:47,14445.9,SEND_MONEY,711,False,703,False,6.930452652944732,RCV0997,True,0,,,MULE_LIKE,0,0,5824.92,8620.98,0,0
TXN-SYN-BD3509F9,CUST0112,2026-09-29 15:19:43,3265.51,BILL_PAY,131,False,65,False,1.193114592570097,RCV0939,False,0,,,NORMAL,0,1,11436.87,-8171.36,0,0
TXN-SYN-E464E755,CUST0652,2026-09-29 15:31:11,14657.89,SEND_MONEY,539,True,526,False,8.050148801180702,RCV0370,True,0,,AG029,SCAM_LIKE,0,1,3420.22,11237.66,0,0
TXN-SYN-FB310741,CUST0585,2026-09-29 15:41:54,104.67,CASH_OUT,455,False,401,False,0.05474219983708006,RCV0313,False,0,,AG025,NORMAL,0,0,18064.86,-17960.19,0,0
TXN-SYN-743254B6,CUST0614,2026-09-29 15:51:05,97.1,CASH_IN,832,False,809,False,0.27924619767751735,RCV0201,False,0,,AG013,NORMAL,0,0,3584.48,-3487.38,0,0
TXN-SYN-32DF1F65,CUST0589,2026-09-29 15:54:39,32028.11,SEND_MONEY,1405,False,1334,False,1.1715608311970327,RCV0017,True,0,,,MULE_LIKE,0,0,6666.23,25361.88,0,0
TXN-SYN-A6298FBC,CUST0759,2026-09-29 16:02:24,152.54,CASH_OUT,701,False,698,False,8.2445158674649,RCV0023,False,0,,AG017,NORMAL,0,0,4974.27,-4821.73,0,0
TXN-SYN-A1DD5536,CUST0242,2026-09-29 16:08:18,3016.03,CASH_IN,1065,False,1029,False,1.3860149809820177,RCV1133,False,0,,AG016,NORMAL,0,0,12961.65,-9945.62,0,0
TXN-SYN-041B7E7E,CUST0343,2026-09-29 16:42:05,12003.33,SEND_MONEY,1322,True,1309,False,0.49509468864167405,RCV1041,True,0,M038,,SCAM_LIKE,0,0,7987.57,4015.76,0,0
TXN-SYN-49B47080,CUST0303,2026-09-29 16:47:30,29448.67,MERCHANT_PAYMENT,1309,False,1294,False,4.450186837253552,RCV0204,False,2,M040,,NORMAL,0,0,12133.52,17315.15,0,0
TXN-SYN-9FACED02,CUST0781,2026-09-29 16:48:52,1357.75,MERCHANT_PAYMENT,105,False,76,False,0.17654190274826842,RCV0027,False,0,M012,,NORMAL,0,0,1702.68,-344.93,0,0
TXN-SYN-482C2A3F,CUST0667,2026-09-29 16:54:07,5421.48,SEND_MONEY,517,False,496,False,8.553522390050665,RCV0510,False,0,,,NORMAL,0,0,9486.46,-4064.98,0,0
TXN-SYN-0F2D961C,CUST0300,2026-09-29 17:08:07,777.24,SEND_MONEY,1221,False,1147,False,3.8430018756052,RCV0487,False,0,,,NORMAL,0,1,16591.31,-15814.07,0,1
TXN-SYN-C72B2659,CUST0739,2026-09-29 17:20:43,1076.94,MERCHANT_PAYMENT,559,False,546,False,8.560010748931528,RCV0468,False,0,M021,,NORMAL,0,0,1561.64,-484.7,0,0
TXN-SYN-FF7A4738,CUST0748,2026-09-29 17:24:25,18628.54,CASH_OUT,707,False,690,False,7.587836175316557,RCV0954,False,0,,AG016,NORMAL,0,0,9801.21,8827.33,0,0
TXN-SYN-9502B6B6,CUST0375,2026-09-29 17:24:55,2639.4,CASH_OUT,453,False,398,False,2.6665619213250444,RCV0422,False,0,,AG026,NORMAL,0,0,18480.58,-15841.18,0,0
TXN-SYN-B5E4F798,CUST0032,2026-09-29 17:25:51,1338.31,CASH_OUT,1493,False,1439,False,3.1313888509078023,RCV1052,False,0,,AG027,NORMAL,0,0,1735.14,-396.83,0,0
TXN-SYN-641A8F24,CUST0258,2026-09-29 17:27:49,2594.01,MERCHANT_PAYMENT,905,False,835,False,1.04035767830147,RCV1180,False,0,M011,,NORMAL,0,0,1667.36,926.65,0,0
TXN-SYN-B20D401B,CUST0039,2026-09-29 17:58:31,71.51,CASH_OUT,1094,False,1055,False,8.138081884565025,RCV0221,False,0,,AG000,NORMAL,0,1,12545.13,-12473.62,0,1
TXN-SYN-FCD14E59,CUST0471,2026-09-29 18:04:14,771.61,BILL_PAY,1035,False,1015,False,2.7382846733187725,RCV1161,False,0,,,NORMAL,0,1,6158.63,-5387.02,0,0
TXN-SYN-DB5ACACD,CUST0086,2026-09-29 18:04:25,5438.41,SEND_MONEY,635,False,589,False,9.149830951827624,RCV0050,False,0,,,NORMAL,0,0,1544.63,3893.78,0,0
TXN-SYN-7D90F2D2,CUST0528,2026-09-29 18:05:34,672.2,SEND_MONEY,814,False,727,False,3.04319347525439,RCV0818,False,0,,,NORMAL,0,0,6593.58,-5921.38,0,0
TXN-SYN-54FFB74A,CUST0582,2026-09-29 18:11:41,2326.33,SEND_MONEY,529,False,466,False,6.53432687502629,RCV0273,False,0,,,NORMAL,0,0,3603.31,-1276.98,0,0
TXN-SYN-432A056F,CUST0472,2026-09-29 18:16:01,10355.99,SEND_MONEY,927,False,860,False,7.718097762699956,RCV0114,False,0,,,NORMAL,0,1,6455.77,3900.22,0,1
TXN-SYN-0EE32A26,CUST0115,2026-09-29 18:27:58,42613.98,SEND_MONEY,1480,False,1431,False,8.211514539062364,RCV0998,True,0,,AG014,MULE_LIKE,0,0,7618.76,34995.22,0,0
TXN-SYN-A5947862,CUST0781,2026-09-29 18:33:55,608.43,SEND_MONEY,872,False,837,False,8.140669059512668,RCV0388,False,0,,,NORMAL,0,1,1616.45,-1008.02,0,0
TXN-SYN-C3C03BA7,CUST0692,2026-09-29 18:34:54,1716.31,CASH_OUT,1334,False,1254,False,6.488983979970758,RCV1008,False,0,,AG014,NORMAL,0,0,1716.31,0.0,0,0
TXN-SYN-9ADD3090,CUST0137,2026-09-29 18:40:38,694.49,CASH_OUT,1356,False,1289,False,9.593799067421674,RCV0027,False,0,,AG001,NORMAL,0,0,13250.12,-12555.63,0,0
TXN-SYN-586B5DE3,CUST0609,2026-09-29 18:41:52,5777.7,SEND_MONEY,456,False,454,False,6.270287085306175,RCV0451,False,0,,,NORMAL,0,1,9232.91,-3455.21,0,0
TXN-SYN-E2C252C0,CUST0527,2026-09-29 18:47:27,2420.95,BILL_PAY,620,False,579,False,4.046342408235293,RCV0263,False,0,,,NORMAL,0,0,13060.31,-10639.36,0,0
TXN-SYN-DC283EE1,CUST0693,2026-09-29 18:50:02,494.49,SEND_MONEY,263,False,187,False,6.153260156181704,RCV1091,False,2,,,NORMAL,0,0,9722.9,-9228.41,0,0
TXN-SYN-1BFEC3E3,CUST0786,2026-09-29 18:58:37,7736.87,SEND_MONEY,419,False,388,False,2.4352643671879526,RCV0560,False,0,,,NORMAL,0,1,5977.74,1759.13,0,0
TXN-SYN-0B8F9804,CUST0206,2026-09-29 19:00:15,951.68,BILL_PAY,1105,False,1060,False,9.84957969625831,RCV0556,False,0,,,NORMAL,0,0,5042.02,-4090.34,0,0
TXN-SYN-D8349712,CUST0192,2026-09-29 19:08:11,5105.64,CASH_OUT,1188,False,1148,False,4.2647983551631565,RCV0306,False,0,,AG001,NORMAL,0,0,3236.74,1868.9,0,0
TXN-SYN-EC59B980,CUST0720,2026-09-29 19:10:03,5335.09,CASH_OUT,984,False,976,False,5.969639657164429,RCV0834,False,0,,AG005,NORMAL,0,0,2166.05,3169.04,0,0
TXN-SYN-810A0789,CUST0783,2026-09-29 19:14:08,6975.27,MERCHANT_PAYMENT,273,False,229,False,3.7252139891866074,RCV0983,False,0,M004,,NORMAL,0,0,7394.8,-419.53,0,0
TXN-SYN-05F4BE37,CUST0444,2026-09-29 19:15:15,677.17,SEND_MONEY,1060,False,1018,False,9.143115469951152,RCV0851,False,0,,,NORMAL,0,0,11366.59,-10689.42,0,0
TXN-SYN-771297FC,CUST0573,2026-09-29 19:21:38,514.05,CASH_IN,1273,False,1184,False,0.3656919509471612,RCV1149,False,0,,AG006,NORMAL,0,0,6704.69,-6190.64,0,0
TXN-SYN-60147115,CUST0697,2026-09-29 19:24:22,414.33,SEND_MONEY,148,False,82,False,5.520042798853177,RCV0378,False,0,,,NORMAL,0,0,6066.98,-5652.65,0,0
TXN-SYN-C8F803C1,CUST0519,2026-09-29 19:36:28,241.92,SEND_MONEY,1069,False,999,False,0.5129384898121558,RCV0089,False,0,,,NORMAL,0,0,9526.58,-9284.66,0,0
TXN-SYN-7356A1D7,CUST0330,2026-09-29 19:57:11,734.16,MOBILE_RECHARGE,353,False,291,False,5.847568083373047,RCV0343,False,0,,,NORMAL,0,1,5951.55,-5217.39,0,0
TXN-SYN-44172DA9,CUST0591,2026-09-29 19:57:38,824.79,BILL_PAY,1468,False,1380,False,2.11583832895492,RCV1017,False,0,,,NORMAL,0,0,5035.18,-4210.39,0,0
TXN-SYN-A156DEC6,CUST0061,2026-09-29 20:07:24,127.01,MERCHANT_PAYMENT,327,False,281,False,2.192670403138518,RCV0492,False,0,M036,,NORMAL,0,0,7773.61,-7646.6,0,0
TXN-SYN-E6D0F4F9,CUST0401,2026-09-29 20:07:30,67.86,MOBILE_RECHARGE,673,False,644,False,3.7281345117777986,RCV0966,False,1,,,NORMAL,0,0,3671.76,-3603.9,0,0
TXN-SYN-0FBDDF73,CUST0025,2026-09-29 20:09:19,35887.38,SEND_MONEY,866,False,859,False,2.810265046037107,RCV0997,True,0,,AG023,MULE_LIKE,0,0,1382.65,34504.73,0,0
TXN-SYN-57B3974D,CUST0573,2026-09-29 20:18:02,443.7,CASH_OUT,1432,False,1370,False,8.893865567490518,RCV1142,False,0,,AG021,NORMAL,1,1,5672.92,-5229.22,0,0
TXN-SYN-66C2E452,CUST0601,2026-09-29 20:21:39,62.7,CASH_IN,1370,False,1340,False,0.5276525785960262,RCV0716,False,0,,AG022,NORMAL,0,0,24770.7,-24708.0,0,0
TXN-SYN-418C4CB8,CUST0705,2026-09-29 20:23:43,342.48,BILL_PAY,704,False,665,False,6.677333006004939,RCV0880,False,0,,,NORMAL,0,0,15873.11,-15530.63,0,0
TXN-SYN-38A557EB,CUST0364,2026-09-29 20:30:13,6783.14,SEND_MONEY,607,False,560,False,3.1219636821760366,RCV0858,False,0,,,NORMAL,0,0,4532.6,2250.54,0,0
TXN-SYN-C89E8FEE,CUST0575,2026-09-29 20:31:21,3172.16,CASH_OUT,633,False,617,False,3.954875261869222,RCV0414,False,0,,AG001,NORMAL,0,1,1104.21,2067.95,0,0
TXN-SYN-7DC62EB3,CUST0596,2026-09-29 20:45:10,41786.48,SEND_MONEY,726,False,671,False,6.188755527460279,RCV0997,True,0,,AG003,MULE_LIKE,0,0,11145.06,30641.42,0,0
TXN-SYN-EEFF04C0,CUST0022,2026-09-29 21:10:10,1050.98,SEND_MONEY,121,False,117,False,4.33218635177845,RCV0608,False,0,,,NORMAL,0,0,17242.04,-16191.06,0,0
TXN-SYN-AB2A7AA8,CUST0390,2026-09-29 21:10:21,6996.38,SEND_MONEY,301,False,216,False,2.2918523943119675,RCV0519,False,0,,,NORMAL,0,0,1291.93,5704.45,0,0
TXN-SYN-1215C16F,CUST0362,2026-09-29 21:19:54,45822.09,SEND_MONEY,226,False,209,False,9.315299641843527,RCV0530,True,0,,AG016,MULE_LIKE,0,0,17017.22,28804.87,0,0
TXN-SYN-E31DF747,CUST0347,2026-09-29 21:21:46,1911.82,CASH_IN,932,False,913,False,9.534388247033142,RCV0340,False,0,,AG006,NORMAL,0,1,4417.22,-2505.4,0,0
TXN-SYN-B442A656,CUST0103,2026-09-29 21:29:07,8938.88,SEND_MONEY,334,False,273,False,2.9985407856251065,RCV0372,False,0,,,NORMAL,0,0,10038.25,-1099.37,0,0
TXN-SYN-08B915DF,CUST0415,2026-09-29 21:29:34,718.45,MOBILE_RECHARGE,1442,False,1435,False,3.135211700211747,RCV0594,False,0,,,NORMAL,0,0,8800.59,-8082.14,0,0
TXN-SYN-DE32C063,CUST0678,2026-09-29 21:38:09,184.46,CASH_OUT,1429,False,1353,False,5.409315806826384,RCV0894,False,1,,AG010,NORMAL,0,0,8939.05,-8754.59,0,0
TXN-SYN-15E6079C,CUST0246,2026-09-29 21:39:30,762.58,BILL_PAY,175,False,98,False,6.721904206261219,RCV1003,False,0,,,NORMAL,0,0,13469.78,-12707.2,0,0
TXN-SYN-EE336AD7,CUST0232,2026-09-29 21:40:13,931.56,SEND_MONEY,510,False,495,False,8.854805685321432,RCV0353,False,0,,,NORMAL,0,0,24908.4,-23976.84,0,0
TXN-SYN-AC33503A,CUST0720,2026-09-29 21:45:32,4572.88,SEND_MONEY,1140,False,1128,False,6.876051009937933,RCV0870,False,0,,,NORMAL,0,1,2694.22,1878.66,0,1
TXN-SYN-7C346A7A,CUST0094,2026-09-29 21:46:44,10450.65,SEND_MONEY,1451,False,1439,False,5.033879797216264,RCV0267,True,0,M037,,SCAM_LIKE,0,0,7232.1,3218.55,0,0
TXN-SYN-EE533717,CUST0272,2026-09-29 21:47:20,8432.25,SEND_MONEY,190,False,105,False,0.6059769646249347,RCV0378,True,0,,,SCAM_LIKE,0,0,3950.52,4481.73,0,0
TXN-SYN-E5C88AC0,CUST0332,2026-09-29 21:56:23,3344.96,CASH_OUT,1142,False,1134,False,3.482746153631915,RCV0561,False,0,,AG019,NORMAL,0,0,10400.38,-7055.42,0,0
TXN-SYN-DB14F753,CUST0512,2026-09-29 22:02:35,38311.45,CASH_OUT,1414,False,1385,True,93.05372971305108,RCV0043,False,0,,AG000,CASH_OUT_RISK,0,0,3924.33,34387.12,0,0
TXN-SYN-EB1B9C13,CUST0495,2026-09-29 23:36:31,15117.68,CASH_OUT,326,False,317,True,26.046807392435785,RCV0430,False,0,,AG011,CASH_OUT_RISK,0,0,10587.12,4530.56,0,0
TXN-SYN-48CD540D,CUST0501,2026-09-29 23:49:59,45978.13,CASH_OUT,1080,False,1034,True,28.853906209818714,RCV0408,False,0,,AG009,CASH_OUT_RISK,0,0,1208.67,44769.46,0,0
TXN-SYN-B1DCE0A4,CUST0036,2026-09-30 00:19:13,4327.903462414047,SEND_MONEY,51,True,1,True,490.382353022339,RCV0723,False,2,,,ACCOUNT_TAKEOVER_LIKE,0,0,8779.37,-4451.46,0,0
TXN-SYN-D6379569,CUST0095,2026-09-30 01:02:09,16568.27,CASH_OUT,918,False,879,True,74.97666007550527,RCV0459,False,0,,AG024,CASH_OUT_RISK,0,0,6391.14,10177.13,0,0
TXN-SYN-215BAB64,CUST0118,2026-09-30 01:15:36,6184.913504109175,CASH_OUT,63,True,2,True,310.7325339889946,RCV0766,False,2,,AG019,ACCOUNT_TAKEOVER_LIKE,0,0,2923.13,3261.78,0,0
TXN-SYN-3728A108,CUST0732,2026-09-30 01:27:42,17867.31,CASH_OUT,493,False,478,True,32.11351649094702,RCV0703,False,0,M027,AG011,CASH_OUT_RISK,0,0,15011.28,2856.03,0,0
TXN-SYN-C1331086,CUST0081,2026-09-30 01:35:58,1149.514774184462,CASH_IN,67,True,0,True,276.38146457013454,RCV0404,False,5,,AG029,ACCOUNT_TAKEOVER_LIKE,0,1,2384.94,-1235.42,0,0
TXN-SYN-C5D53D38,CUST0199,2026-09-30 01:41:33,18287.13,CASH_OUT,878,False,858,True,85.07620601846276,RCV0308,False,1,,AG029,CASH_OUT_RISK,0,0,2558.88,15728.25,0,0
TXN-SYN-4B16391C,CUST0051,2026-09-30 02:39:25,32533.05,CASH_OUT,245,False,169,True,89.26135507426228,RCV0852,False,0,,AG011,CASH_OUT_RISK,0,1,10841.38,21691.67,0,0
TXN-SYN-01E84408,CUST0738,2026-09-30 03:15:05,1806.141715304628,SEND_MONEY,19,True,1,True,238.63986945047716,RCV0641,False,3,,,ACCOUNT_TAKEOVER_LIKE,0,0,17907.13,-16100.98,0,0
TXN-SYN-7051068E,CUST0012,2026-09-30 04:33:42,2735.455252365998,BILL_PAY,70,True,1,True,279.38768522619523,RCV0948,False,4,,,ACCOUNT_TAKEOVER_LIKE,0,1,6552.58,-3817.13,0,0
TXN-SYN-FB58E7E8,CUST0669,2026-09-30 04:46:17,5674.22368249506,BILL_PAY,14,True,1,True,306.0696424980498,RCV0085,False,4,,,ACCOUNT_TAKEOVER_LIKE,0,0,3293.77,2380.46,0,0
TXN-SYN-17624AD0,CUST0704,2026-09-30 05:11:08,7321.4137343534585,MERCHANT_PAYMENT,77,True,0,True,290.0333188154716,RCV0110,False,4,M021,,ACCOUNT_TAKEOVER_LIKE,0,0,10699.11,-3377.7,0,0
TXN-SYN-B4027BCB,CUST0394,2026-09-30 05:25:29,43467.54141412961,CASH_IN,41,True,1,True,367.40911301458004,RCV1105,False,5,,AG027,ACCOUNT_TAKEOVER_LIKE,0,0,8504.98,34962.56,0,0
TXN-SYN-4D7E6F1F,CUST0631,2026-09-30 05:58:30,7400.758157921722,SEND_MONEY,27,True,1,True,281.9170016510103,RCV0935,False,4,,,ACCOUNT_TAKEOVER_LIKE,0,0,17310.84,-9910.08,0,0
TXN-SYN-86762CB7,CUST0513,2026-09-30 08:02:29,133.17,CASH_OUT,483,False,422,False,6.9235892246105815,RCV0395,False,0,,AG005,NORMAL,0,0,5741.6,-5608.43,0,0
TXN-SYN-BFD89703,CUST0333,2026-09-30 08:04:27,1171.28,CASH_OUT,360,False,330,False,3.891604626859456,RCV0105,False,0,,AG010,NORMAL,0,0,1003.91,167.37,0,0
TXN-SYN-A0D22027,CUST0214,2026-09-30 08:06:00,445.75,CASH_OUT,1472,False,1469,False,6.406223387244681,RCV0536,False,0,,AG023,NORMAL,0,0,9595.51,-9149.76,0,0
TXN-SYN-DE99FF29,CUST0756,2026-09-30 08:06:05,275.92,CASH_IN,841,False,765,False,5.057666377208738,RCV0329,False,0,,AG021,NORMAL,0,0,5311.48,-5035.56,0,0
TXN-SYN-A32D8AFB,CUST0371,2026-09-30 08:11:06,44336.53,SEND_MONEY,871,False,813,False,9.676526539497127,RCV0998,True,0,,AG020,MULE_LIKE,0,0,41547.06,2789.47,0,0
TXN-SYN-88C72238,CUST0688,2026-09-30 08:14:39,1072.7,BILL_PAY,841,False,802,False,3.3468795253639625,RCV1117,False,0,,,NORMAL,0,1,11641.48,-10568.78,0,1
TXN-SYN-1A58770E,CUST0285,2026-09-30 08:17:12,2912.75,SEND_MONEY,1353,False,1333,False,8.21400788476733,RCV0359,False,1,,,NORMAL,0,0,10299.78,-7387.03,0,0
TXN-SYN-5BF508A4,CUST0348,2026-09-30 08:20:45,416.75,BILL_PAY,161,False,145,False,2.287051371501274,RCV0790,False,0,,,NORMAL,0,0,5197.93,-4781.18,0,0
TXN-SYN-D6089F31,CUST0360,2026-09-30 08:27:31,497.28,SEND_MONEY,540,False,521,False,7.132391520201998,RCV0023,False,0,,,NORMAL,0,1,4926.8,-4429.52,0,0
TXN-SYN-00C2E7CD,CUST0583,2026-09-30 08:28:49,2074.45,CASH_IN,118,False,52,False,6.964298070361073,RCV0362,False,0,,AG000,NORMAL,0,0,11334.3,-9259.85,0,0
TXN-SYN-0704B692,CUST0342,2026-09-30 08:43:42,3803.63,SEND_MONEY,765,False,753,False,4.470989954877954,RCV0612,False,0,,,NORMAL,0,0,6367.47,-2563.84,0,0
TXN-SYN-F1993574,CUST0240,2026-09-30 09:07:38,304.96,SEND_MONEY,579,False,565,False,4.923062374005278,RCV1078,False,0,,,NORMAL,0,0,1276.47,-971.51,0,0
TXN-SYN-D4CC1CE4,CUST0069,2026-09-30 09:15:55,5719.75,CASH_IN,1431,False,1410,False,2.5723600875831822,RCV1134,False,0,,AG021,NORMAL,0,0,14174.73,-8454.98,0,0
TXN-SYN-982D6BEF,CUST0026,2026-09-30 09:29:20,2073.11,SEND_MONEY,1222,False,1220,False,4.454586883709339,RCV0549,False,0,,,NORMAL,0,0,14126.68,-12053.57,0,0
TXN-SYN-E0F747DE,CUST0700,2026-09-30 09:32:59,464.15,CASH_IN,1325,False,1239,False,4.711278849969545,RCV0164,False,0,,AG022,NORMAL,0,0,12071.26,-11607.11,0,0
TXN-SYN-FE4F4448,CUST0119,2026-09-30 09:35:23,371.78,CASH_IN,1479,False,1419,False,1.2026401544928933,RCV0177,False,0,,AG020,NORMAL,0,0,13075.13,-12703.35,0,0
TXN-SYN-E2D775A7,CUST0362,2026-09-30 09:44:00,124.68,CASH_IN,363,False,326,False,3.476717414689113,RCV0996,False,0,,AG009,NORMAL,0,1,21132.2,-21007.52,0,0
TXN-SYN-9F6E15A6,CUST0499,2026-09-30 09:47:05,5214.64,SEND_MONEY,845,False,769,False,9.675735446534695,RCV0245,False,0,,,NORMAL,0,0,10115.03,-4900.39,0,0
TXN-SYN-EC01AED8,CUST0545,2026-09-30 09:52:39,1635.9,SEND_MONEY,624,False,579,False,9.30434848034628,RCV0792,False,0,,,NORMAL,0,0,3897.7,-2261.8,0,0
TXN-SYN-92724F13,CUST0366,2026-09-30 09:56:02,2772.75,MERCHANT_PAYMENT,895,False,882,False,6.819140672017636,RCV0006,False,0,M046,,NORMAL,0,0,2142.88,629.87,0,0
TXN-SYN-14004A79,CUST0015,2026-09-30 09:58:57,2346.73,BILL_PAY,1099,False,1058,False,7.7372392806301935,RCV0455,False,0,,,NORMAL,0,0,11384.5,-9037.77,0,0
TXN-SYN-66577475,CUST0650,2026-09-30 10:11:14,613.04,CASH_OUT,600,False,561,False,0.27686207992318135,RCV0613,False,0,,AG029,NORMAL,0,0,21553.13,-20940.09,0,0
TXN-SYN-5C388C67,CUST0500,2026-09-30 10:11:24,47096.15,SEND_MONEY,893,False,804,False,7.735653751951652,RCV0997,True,0,M044,,MULE_LIKE,0,0,3109.13,43987.02,0,0
TXN-SYN-58EEBBD0,CUST0100,2026-09-30 10:32:58,24012.91,SEND_MONEY,1083,False,999,False,0.4109931535301814,RCV0568,True,0,,AG018,SCAM_LIKE,0,0,12643.53,11369.38,0,0
TXN-SYN-5C66258B,CUST0673,2026-09-30 10:45:05,971.46,MERCHANT_PAYMENT,613,False,564,False,1.7383447497804716,RCV0787,False,0,M043,,NORMAL,0,0,6608.82,-5637.36,0,0
TXN-SYN-F4931B11,CUST0068,2026-09-30 10:53:15,19324.64,SEND_MONEY,1147,False,1112,False,9.098515894387857,RCV0084,True,0,,,SCAM_LIKE,0,0,6719.97,12604.67,0,0
TXN-SYN-B7F6EAC9,CUST0687,2026-09-30 11:13:30,1497.47,MOBILE_RECHARGE,1034,False,1017,False,5.22434576071169,RCV0826,False,0,,,NORMAL,0,0,1131.72,365.75,0,0
TXN-SYN-E0260035,CUST0015,2026-09-30 11:15:42,18315.79,SEND_MONEY,1266,True,1238,False,7.438143170059077,RCV0384,True,0,,,SCAM_LIKE,0,1,10380.3,7935.49,0,0
TXN-SYN-48B6736C,CUST0696,2026-09-30 11:20:38,19642.22,SEND_MONEY,552,False,477,False,0.17161101831750236,RCV1092,False,0,,,NORMAL,0,0,2441.7,17200.52,0,0
TXN-SYN-5B574CAA,CUST0654,2026-09-30 11:27:14,1649.91,SEND_MONEY,1213,False,1203,False,1.132526081281674,RCV0350,False,0,,,NORMAL,0,0,2754.13,-1104.22,0,0
TXN-SYN-80DFBB68,CUST0139,2026-09-30 11:30:35,1806.11,MERCHANT_PAYMENT,330,False,261,False,3.039519066617081,RCV0134,False,0,M033,,NORMAL,0,0,9309.27,-7503.16,0,0
TXN-SYN-9AB8799D,CUST0564,2026-09-30 11:39:50,454.63,CASH_OUT,1079,False,1057,False,6.400703322237787,RCV0401,False,0,,AG017,NORMAL,0,0,5713.11,-5258.48,0,0
TXN-SYN-6187D028,CUST0453,2026-09-30 11:40:12,24384.69,SEND_MONEY,1266,False,1211,False,5.595465936915738,RCV0881,True,0,,,SCAM_LIKE,0,0,11384.24,13000.45,0,0
TXN-SYN-117D920F,CUST0024,2026-09-30 11:41:26,2136.26,CASH_OUT,435,False,400,False,1.09667038976753,RCV0670,False,0,,AG007,NORMAL,0,0,4681.65,-2545.39,0,0
TXN-SYN-6A1029D6,CUST0127,2026-09-30 11:44:01,552.47,SEND_MONEY,1313,False,1310,False,4.191828759021213,RCV0397,False,0,,,NORMAL,0,1,6034.14,-5481.67,0,0
TXN-SYN-52CA28F0,CUST0176,2026-09-30 11:44:41,40067.05,SEND_MONEY,865,False,781,False,8.740717733051852,RCV0826,True,0,M021,,MULE_LIKE,0,0,12052.11,28014.94,0,0
TXN-SYN-F90573C5,CUST0356,2026-09-30 11:50:10,1380.77,MOBILE_RECHARGE,592,False,564,False,8.447091670758626,RCV0824,False,0,,,NORMAL,0,0,8883.17,-7502.4,0,0
TXN-SYN-552EA753,CUST0239,2026-09-30 11:54:02,746.07,CASH_IN,1093,False,1007,False,4.2053914510554655,RCV0825,False,0,,AG012,NORMAL,0,0,17135.99,-16389.92,0,0
TXN-SYN-2A64F25B,CUST0770,2026-09-30 12:13:56,719.21,BILL_PAY,324,False,303,False,9.376509851916737,RCV0925,False,0,,,NORMAL,0,0,12808.49,-12089.28,0,0
TXN-SYN-7CC64465,CUST0677,2026-09-30 12:20:54,1197.41,MERCHANT_PAYMENT,1098,False,1088,False,4.326424806040359,RCV0893,False,0,M049,,NORMAL,0,0,3320.17,-2122.76,0,0
TXN-SYN-0985F04A,CUST0057,2026-09-30 12:35:00,9423.94,CASH_OUT,281,False,204,False,6.422216758104462,RCV1017,False,0,,AG029,NORMAL,0,0,10798.89,-1374.95,0,0
TXN-SYN-10E17783,CUST0435,2026-09-30 12:50:15,9517.62,SEND_MONEY,1186,False,1155,False,0.19932167119719568,RCV0608,False,0,,,NORMAL,0,0,9524.81,-7.19,0,0
TXN-SYN-9D282805,CUST0506,2026-09-30 12:52:27,437.02,BILL_PAY,949,False,934,False,2.736481536981964,RCV0746,False,0,,,NORMAL,0,0,17007.67,-16570.65,0,0
TXN-SYN-2DF3F13D,CUST0148,2026-09-30 12:55:23,4614.65,MERCHANT_PAYMENT,487,False,402,False,1.5265816454078374,RCV0582,False,0,M049,,NORMAL,0,0,8973.57,-4358.92,0,0
TXN-SYN-269101E0,CUST0429,2026-09-30 12:59:59,536.64,MERCHANT_PAYMENT,780,False,736,False,9.358264668979427,RCV1056,False,0,M012,,NORMAL,0,0,18697.92,-18161.28,0,0
TXN-SYN-8594B2AD,CUST0080,2026-09-30 13:07:21,24111.0,SEND_MONEY,568,True,485,False,3.975126298325441,RCV0797,True,0,,,SCAM_LIKE,0,0,4736.68,19374.32,0,0
TXN-SYN-3B1B1AA2,CUST0793,2026-09-30 13:10:41,12488.02,SEND_MONEY,804,False,800,False,2.5417617511449775,RCV1139,True,0,,AG011,MULE_LIKE,0,0,3572.34,8915.68,0,0
TXN-SYN-C9771947,CUST0186,2026-09-30 13:12:56,1782.97,BILL_PAY,790,False,748,False,9.499660880907374,RCV0937,False,0,,,NORMAL,0,0,8093.21,-6310.24,0,0
TXN-SYN-6FC4C559,CUST0610,2026-09-30 13:18:49,352.92,SEND_MONEY,884,False,811,False,2.60483715196548,RCV0920,False,0,,,NORMAL,0,0,4688.35,-4335.43,0,0
TXN-SYN-FE4BCE41,CUST0468,2026-09-30 13:20:21,48301.58,SEND_MONEY,309,False,252,False,4.286532178522684,RCV1129,True,0,,,MULE_LIKE,0,0,2962.53,45339.05,0,0
TXN-SYN-2321A996,CUST0559,2026-09-30 13:24:42,46333.53,SEND_MONEY,1177,False,1143,False,0.10241420990566574,RCV1065,True,0,,,MULE_LIKE,0,0,40270.92,6062.61,0,0
TXN-SYN-AF8B8B38,CUST0685,2026-09-30 13:30:46,2847.6,BILL_PAY,314,False,313,False,9.339779741445192,RCV1193,False,0,,,NORMAL,0,0,12603.9,-9756.3,0,0
TXN-SYN-03765305,CUST0543,2026-09-30 13:33:09,1546.61,MERCHANT_PAYMENT,464,False,388,False,4.952690780066225,RCV0406,False,0,M017,,NORMAL,0,0,10791.9,-9245.29,0,0
TXN-SYN-239FBB21,CUST0376,2026-09-30 13:34:12,428.14,SEND_MONEY,318,False,267,False,3.9842516873946368,RCV0918,False,1,,,NORMAL,0,0,2463.05,-2034.91,0,0
TXN-SYN-4B0A3C26,CUST0258,2026-09-30 13:38:03,1856.42,SEND_MONEY,366,False,364,False,4.1140192961650435,RCV0330,False,0,,,NORMAL,0,1,1799.74,56.68,0,0
TXN-SYN-26AAC6B0,CUST0598,2026-09-30 13:44:44,513.53,SEND_MONEY,1424,False,1394,False,8.817544848758093,RCV0933,False,0,,,NORMAL,0,0,364.67,148.86,0,0
TXN-SYN-2CADF855,CUST0739,2026-09-30 13:51:20,123.39,MERCHANT_PAYMENT,1114,False,1085,False,9.12861082022108,RCV0199,False,0,M019,,NORMAL,0,1,1492.4,-1369.01,0,0
TXN-SYN-DEF9ECC9,CUST0677,2026-09-30 13:53:36,361.3,CASH_IN,353,False,276,False,3.123973747187192,RCV0760,False,0,,AG003,NORMAL,0,1,3054.83,-2693.53,0,0
TXN-SYN-DF44F4DE,CUST0354,2026-09-30 14:11:22,1640.52,MOBILE_RECHARGE,1431,False,1414,False,8.667868864897576,RCV0577,False,0,,,NORMAL,0,0,20581.41,-18940.89,0,0
TXN-SYN-FA86792A,CUST0477,2026-09-30 14:15:55,44938.13,SEND_MONEY,272,False,249,False,2.763634795881761,RCV0332,True,0,,AG028,MULE_LIKE,0,0,533.12,44405.02,0,0
TXN-SYN-03F06FF9,CUST0685,2026-09-30 14:20:07,57.42,CASH_IN,138,False,127,False,9.189265336395545,RCV0112,False,0,,AG012,NORMAL,1,1,11384.36,-11326.94,0,0
TXN-SYN-7A3036FA,CUST0244,2026-09-30 14:22:31,8089.19,CASH_IN,936,False,848,False,3.898997462910806,RCV0784,False,0,,AG011,NORMAL,0,0,5840.41,2248.78,0,0
TXN-SYN-67E148BB,CUST0721,2026-09-30 14:26:00,11840.68,SEND_MONEY,929,True,907,False,5.39365268844742,RCV1009,True,0,M038,,SCAM_LIKE,0,0,28335.18,-16494.5,0,0
TXN-SYN-3F983299,CUST0129,2026-09-30 14:35:11,54.62,SEND_MONEY,465,False,430,False,7.662367704356358,RCV0745,False,0,,,NORMAL,0,0,1568.61,-1513.99,0,0
TXN-SYN-5DEACFC3,CUST0385,2026-09-30 14:39:16,8920.57,SEND_MONEY,314,True,312,False,7.112975338654591,RCV0761,True,0,,AG013,SCAM_LIKE,0,0,5874.81,3045.76,0,0
TXN-SYN-BD1F7D9B,CUST0142,2026-09-30 14:47:36,43537.24,SEND_MONEY,516,False,478,False,4.142520930415708,RCV0997,True,0,,,MULE_LIKE,0,0,9250.18,34287.06,0,0
TXN-SYN-004DD2D1,CUST0434,2026-09-30 15:01:57,4181.29,SEND_MONEY,408,False,399,False,4.042416421070392,RCV0881,False,2,,,NORMAL,0,0,7798.75,-3617.46,0,0
TXN-SYN-33EF18D3,CUST0709,2026-09-30 15:02:37,2385.97,MERCHANT_PAYMENT,1398,False,1366,False,3.727991816402266,RCV0158,False,0,M048,,NORMAL,0,0,13680.39,-11294.42,0,0
TXN-SYN-CD38EEFF,CUST0648,2026-09-30 15:04:05,12988.46,MERCHANT_PAYMENT,283,False,280,False,1.3072651656727463,RCV0788,False,0,M024,,NORMAL,0,0,19898.35,-6909.89,0,0
TXN-SYN-B02A570A,CUST0196,2026-09-30 15:09:05,4845.27,SEND_MONEY,1343,False,1298,False,9.081725813367866,RCV0695,False,0,,,NORMAL,0,0,29510.49,-24665.22,0,0
TXN-SYN-10FAE216,CUST0623,2026-09-30 15:10:03,50.0,MERCHANT_PAYMENT,647,False,624,False,1.1203890216805235,RCV0515,False,0,M027,,NORMAL,0,0,6326.29,-6276.29,0,0
TXN-SYN-E19D2AB5,CUST0131,2026-09-30 15:27:37,701.98,CASH_OUT,855,False,825,False,1.5723440443790393,RCV0555,False,0,,AG001,NORMAL,0,0,1092.13,-390.15,0,0
TXN-SYN-8BEDAF2E,CUST0075,2026-09-30 15:29:48,545.57,SEND_MONEY,1286,False,1244,False,9.505764528988554,RCV0338,False,0,,,NORMAL,0,0,14850.95,-14305.38,0,0
TXN-SYN-59068569,CUST0032,2026-09-30 15:31:24,28147.46,SEND_MONEY,1267,False,1215,False,6.993698806014765,RCV0898,False,0,,,NORMAL,0,1,1602.86,26544.6,0,1
TXN-SYN-85D80AD4,CUST0774,2026-09-30 15:35:50,482.67,MOBILE_RECHARGE,835,False,832,False,9.075656307381148,RCV0276,False,0,,,NORMAL,0,0,16573.08,-16090.41,0,0
TXN-SYN-81DC5F74,CUST0701,2026-09-30 15:40:11,978.13,SEND_MONEY,1003,False,944,False,0.8235299033675814,RCV0590,False,0,,,NORMAL,0,0,1297.88,-319.75,0,0
TXN-SYN-9DD71D16,CUST0641,2026-09-30 15:41:37,358.34,MOBILE_RECHARGE,567,False,557,False,7.389262296454191,RCV0743,False,0,,,NORMAL,0,0,13610.66,-13252.32,0,0
TXN-SYN-8BD5B0E0,CUST0748,2026-09-30 16:19:36,1013.1,SEND_MONEY,1216,False,1141,False,1.4337567106823956,RCV1057,False,0,,,NORMAL,0,1,10683.95,-9670.85,0,1
TXN-SYN-31A5DA72,CUST0576,2026-09-30 16:21:43,478.01,MOBILE_RECHARGE,594,False,592,False,7.122202051771587,RCV0762,False,0,,,NORMAL,0,0,781.94,-303.93,0,0
TXN-SYN-F0EE8F09,CUST0071,2026-09-30 16:31:21,557.33,CASH_IN,1285,False,1264,False,5.302186928672416,RCV0859,False,0,,AG013,NORMAL,0,0,18895.99,-18338.66,0,0
TXN-SYN-7CEC5177,CUST0347,2026-09-30 16:36:32,1709.88,SEND_MONEY,1482,False,1413,False,5.107473025775658,RCV0189,False,0,,,NORMAL,0,1,3916.14,-2206.26,0,0
TXN-SYN-F31CE553,CUST0455,2026-09-30 16:40:47,1256.54,SEND_MONEY,1476,False,1438,False,6.395775598485182,RCV0343,False,0,,,NORMAL,0,0,6269.31,-5012.77,0,0
TXN-SYN-30D0EE53,CUST0088,2026-09-30 16:47:29,2084.89,SEND_MONEY,1250,False,1196,False,5.313165205680591,RCV0820,False,0,,,NORMAL,0,0,10448.98,-8364.09,0,0
TXN-SYN-8ADFEF07,CUST0183,2026-09-30 16:50:59,1735.62,MOBILE_RECHARGE,197,False,132,False,8.52138900259558,RCV0423,False,0,,,NORMAL,0,0,4335.12,-2599.5,0,0
TXN-SYN-EE15F5A5,CUST0105,2026-09-30 16:59:13,98.23,MERCHANT_PAYMENT,1402,False,1342,False,7.293762483195438,RCV0417,False,0,M004,,NORMAL,0,0,13231.59,-13133.36,0,0
TXN-SYN-7C5264BD,CUST0209,2026-09-30 16:59:26,628.09,CASH_IN,912,False,847,False,0.24102506752160968,RCV0446,False,0,,AG001,NORMAL,0,0,10162.62,-9534.53,0,0
TXN-SYN-D44CADF6,CUST0349,2026-09-30 17:07:14,247.89,CASH_OUT,804,False,802,False,8.42772759425472,RCV0146,False,0,,AG014,NORMAL,0,0,6199.61,-5951.72,0,0
TXN-SYN-7795EA93,CUST0009,2026-09-30 17:10:31,114.46,SEND_MONEY,827,False,751,False,2.895827046707271,RCV0837,False,0,,,NORMAL,0,0,10552.6,-10438.14,0,0
TXN-SYN-A2525A88,CUST0102,2026-09-30 17:12:28,978.41,CASH_OUT,715,False,682,False,4.524700504143424,RCV0387,False,0,,AG009,NORMAL,0,0,20525.15,-19546.74,0,0
TXN-SYN-D7A071F9,CUST0777,2026-09-30 17:16:20,105.13,MERCHANT_PAYMENT,983,False,896,False,3.182207243735582,RCV0139,False,0,M035,,NORMAL,0,0,5172.62,-5067.49,0,0
TXN-SYN-AAC39EAE,CUST0389,2026-09-30 17:16:41,972.76,CASH_IN,295,False,214,False,6.247284743141299,RCV0105,False,0,,AG018,NORMAL,0,0,9794.43,-8821.67,0,0
TXN-SYN-03165056,CUST0095,2026-09-30 17:18:54,1829.58,MERCHANT_PAYMENT,878,False,820,False,3.04579947087249,RCV0106,False,0,M048,,NORMAL,0,1,8426.56,-6596.98,0,1
TXN-SYN-C771E7E5,CUST0577,2026-09-30 17:25:15,108.78,CASH_IN,388,False,380,False,0.24414314822222116,RCV0133,False,0,,AG006,NORMAL,0,0,15365.37,-15256.59,0,0
TXN-SYN-A1AC2B05,CUST0706,2026-09-30 17:25:39,3188.2,MOBILE_RECHARGE,137,False,124,False,7.920213931794246,RCV0875,False,0,,,NORMAL,0,0,6486.15,-3297.95,0,0
TXN-SYN-FAC07A34,CUST0315,2026-09-30 17:26:21,693.63,SEND_MONEY,1467,False,1424,False,2.434309250098028,RCV0051,False,0,,,NORMAL,0,0,16179.64,-15486.01,0,0
TXN-SYN-08AE6C78,CUST0618,2026-09-30 17:30:58,1699.84,SEND_MONEY,1147,False,1113,False,9.974263795859779,RCV0304,False,0,,,NORMAL,0,0,11672.43,-9972.59,0,0
TXN-SYN-06FD4B9B,CUST0318,2026-09-30 17:44:35,1294.96,SEND_MONEY,1097,False,1067,False,8.251306676661152,RCV0210,False,0,,,NORMAL,0,0,5939.7,-4644.74,0,0
TXN-SYN-ED1E423F,CUST0206,2026-09-30 17:47:56,17177.34,SEND_MONEY,166,False,162,False,3.2667810380951225,RCV0646,True,0,,,SCAM_LIKE,0,1,4632.98,12544.36,0,0
TXN-SYN-62280D3B,CUST0065,2026-09-30 17:50:09,219.54,SEND_MONEY,224,False,223,False,2.552560193687662,RCV0730,False,0,,,NORMAL,0,0,4066.59,-3847.05,0,0
TXN-SYN-7131EEF5,CUST0317,2026-09-30 17:57:21,6635.31,SEND_MONEY,1217,False,1149,False,2.6218137130170325,RCV1065,False,0,,,NORMAL,0,0,11579.05,-4943.74,0,0
TXN-SYN-B6B31CD0,CUST0715,2026-09-30 18:01:35,3050.94,CASH_IN,383,False,303,False,1.9316000840843273,RCV0055,False,0,,AG025,NORMAL,0,0,5368.8,-2317.86,0,0
TXN-SYN-B587FCE6,CUST0068,2026-09-30 18:15:07,71.6,CASH_IN,210,False,188,False,1.2804583895777244,RCV0545,False,0,,AG021,NORMAL,0,1,7689.56,-7617.96,0,0
TXN-SYN-9107830C,CUST0391,2026-09-30 18:17:19,4090.47,CASH_IN,817,False,767,False,0.12091851010781696,RCV0672,False,0,,AG006,NORMAL,0,0,6272.21,-2181.74,0,0
TXN-SYN-CE2E2F26,CUST0784,2026-09-30 18:20:34,12973.79,BILL_PAY,1062,False,1023,False,7.843379782705063,RCV0089,False,0,,,NORMAL,0,0,7437.08,5536.71,0,0
TXN-SYN-E997D1AC,CUST0710,2026-09-30 18:21:10,20611.4,SEND_MONEY,1188,False,1185,False,8.533957335369417,RCV0625,True,0,,,MULE_LIKE,0,0,17671.87,2939.53,0,0
TXN-SYN-68F598CD,CUST0254,2026-09-30 18:25:18,11311.99,SEND_MONEY,935,False,892,False,0.30970603422510123,RCV0207,True,0,,,MULE_LIKE,0,0,22147.35,-10835.36,0,0
TXN-SYN-1B4608F3,CUST0617,2026-09-30 18:28:19,513.73,MERCHANT_PAYMENT,429,False,414,False,6.82476379049318,RCV0525,False,0,M044,,NORMAL,0,0,21804.36,-21290.64,0,0
TXN-SYN-B85B107D,CUST0264,2026-09-30 18:30:56,112.66,BILL_PAY,300,False,294,False,3.903399140119541,RCV0332,False,0,,,NORMAL,0,0,13195.3,-13082.64,0,0
TXN-SYN-936D33D1,CUST0066,2026-09-30 18:34:49,579.77,CASH_OUT,1083,False,1083,False,4.7708063064151895,RCV0214,False,1,,AG017,NORMAL,0,0,11408.71,-10828.94,0,0
TXN-SYN-95FF0FDA,CUST0267,2026-09-30 18:47:33,551.09,MERCHANT_PAYMENT,687,False,665,False,7.209740052090353,RCV0082,False,0,M033,,NORMAL,0,0,7874.76,-7323.67,0,0
TXN-SYN-F3299A99,CUST0245,2026-09-30 18:56:22,6205.95,SEND_MONEY,133,True,88,False,8.99064591780606,RCV1002,True,0,M000,,SCAM_LIKE,0,0,1848.76,4357.19,0,0
TXN-SYN-2148C6FF,CUST0521,2026-09-30 18:58:24,20668.89,SEND_MONEY,327,True,278,False,9.530951580921013,RCV0749,True,2,,,SCAM_LIKE,0,0,14113.64,6555.24,0,0
TXN-SYN-217047E4,CUST0129,2026-09-30 18:59:06,496.27,BILL_PAY,1161,False,1082,False,7.801626428399896,RCV0928,False,0,,,NORMAL,0,1,1316.28,-820.01,0,0
TXN-SYN-40183030,CUST0244,2026-09-30 19:04:00,205.24,CASH_IN,1029,False,944,False,5.103014497965041,RCV0980,False,0,,AG014,NORMAL,0,1,6215.2,-6009.96,0,0
TXN-SYN-8269C330,CUST0769,2026-09-30 19:04:31,1683.48,MOBILE_RECHARGE,476,False,452,False,4.069610383190131,RCV0518,False,0,,,NORMAL,0,0,14581.47,-12897.99,0,0
TXN-SYN-ED5EADD2,CUST0449,2026-09-30 19:09:19,4113.57,MERCHANT_PAYMENT,542,False,472,False,5.859372296875067,RCV0953,False,0,M024,,NORMAL,0,0,14799.64,-10686.07,0,0
TXN-SYN-9EA69604,CUST0195,2026-09-30 19:11:02,646.67,CASH_OUT,707,False,678,False,7.5304099631593715,RCV0447,False,0,,AG009,NORMAL,0,0,13667.5,-13020.82,0,0
TXN-SYN-D655E9E3,CUST0314,2026-09-30 19:15:32,979.96,SEND_MONEY,367,False,282,False,5.666920244412568,RCV0605,False,0,,,NORMAL,0,0,1389.83,-409.87,0,0
TXN-SYN-65C37631,CUST0083,2026-09-30 19:23:11,5622.68,SEND_MONEY,669,True,632,False,2.299546058910862,RCV1045,True,0,,,SCAM_LIKE,0,0,9012.07,-3389.39,0,0
TXN-SYN-E5FB689F,CUST0357,2026-09-30 19:28:30,350.82,MERCHANT_PAYMENT,431,False,408,False,9.28008741774554,RCV0377,False,0,M038,,NORMAL,0,0,11897.25,-11546.43,0,0
TXN-SYN-0AB4CBDF,CUST0247,2026-09-30 19:34:56,84.39,MOBILE_RECHARGE,637,False,615,False,6.247960012921433,RCV0924,False,0,,,NORMAL,0,0,15474.72,-15390.33,0,0
TXN-SYN-3F88D272,CUST0167,2026-09-30 19:39:22,33815.84,SEND_MONEY,476,False,403,False,9.27667709248576,RCV0133,True,0,,,MULE_LIKE,0,0,9484.8,24331.04,0,0
TXN-SYN-937E235D,CUST0258,2026-09-30 19:40:34,1024.65,CASH_IN,849,False,802,False,9.85764378110567,RCV0033,False,0,,AG018,NORMAL,0,1,1806.83,-782.18,0,0
TXN-SYN-512E634D,CUST0560,2026-09-30 19:45:57,20892.06,SEND_MONEY,1117,False,1033,False,9.569430304533487,RCV0088,True,0,,AG012,MULE_LIKE,0,0,7624.71,13267.35,0,0
TXN-SYN-02D3B919,CUST0769,2026-09-30 19:50:23,132.99,CASH_OUT,753,False,710,False,2.4106434585673666,RCV0406,False,0,,AG005,NORMAL,1,1,13291.67,-13158.68,0,0
TXN-SYN-754FEEF6,CUST0038,2026-09-30 19:59:15,172.74,MERCHANT_PAYMENT,142,False,139,False,5.04108927699601,RCV0708,False,0,M022,,NORMAL,0,0,24007.17,-23834.43,0,0
TXN-SYN-0E7A24AA,CUST0249,2026-09-30 20:01:03,835.29,MERCHANT_PAYMENT,530,False,444,False,0.4055873754468142,RCV0519,False,0,M017,,NORMAL,0,0,9554.17,-8718.88,0,0
TXN-SYN-5B7F74C3,CUST0154,2026-09-30 20:03:21,1316.1,BILL_PAY,1438,False,1401,False,0.24420102643931352,RCV0937,False,0,,,NORMAL,0,0,4874.88,-3558.78,0,0
TXN-SYN-F09B922D,CUST0623,2026-09-30 20:06:18,11235.42,SEND_MONEY,352,False,276,False,4.3561981276994945,RCV0414,True,0,,AG028,SCAM_LIKE,0,1,5429.68,5805.74,0,0
TXN-SYN-0D56DE73,CUST0704,2026-09-30 20:09:01,431.36,SEND_MONEY,281,False,279,False,8.778191725700715,RCV0715,False,0,,,NORMAL,0,1,10136.16,-9704.8,0,0
TXN-SYN-0F291E26,CUST0790,2026-09-30 20:28:59,457.75,CASH_IN,1012,False,994,False,3.96971662414225,RCV0646,False,0,,AG014,NORMAL,0,0,1082.18,-624.43,0,0
TXN-SYN-76DA7CA0,CUST0021,2026-09-30 20:33:22,325.75,MERCHANT_PAYMENT,1482,False,1402,False,7.613991173184397,RCV0894,False,0,M016,,NORMAL,0,0,20122.85,-19797.1,0,0
TXN-SYN-1004AE3F,CUST0382,2026-09-30 20:42:44,585.3,MOBILE_RECHARGE,1258,False,1238,False,3.4933593763088364,RCV0505,False,0,,,NORMAL,0,0,19406.44,-18821.14,0,0
TXN-SYN-412F4E97,CUST0403,2026-09-30 20:49:09,98.65,SEND_MONEY,950,False,911,False,9.351167434991574,RCV0450,False,0,,,NORMAL,0,0,3156.5,-3057.84,0,0
TXN-SYN-E311DF9D,CUST0184,2026-09-30 20:58:41,197.22,SEND_MONEY,527,False,473,False,6.650009915983244,RCV0279,False,0,,,NORMAL,0,0,11816.23,-11619.01,0,0
TXN-SYN-2F9431D6,CUST0292,2026-09-30 20:59:11,5685.95,SEND_MONEY,902,False,887,False,0.9773923530627415,RCV0442,False,0,,,NORMAL,0,0,11234.11,-5548.16,0,0
TXN-SYN-6C8AA6A9,CUST0708,2026-09-30 21:04:55,17600.95,SEND_MONEY,1019,False,932,False,6.344953909655563,RCV0739,True,0,,,MULE_LIKE,0,0,10360.82,7240.13,0,0
TXN-SYN-C6BF6F6E,CUST0138,2026-09-30 21:16:32,779.61,CASH_IN,763,False,693,False,6.725636866064791,RCV0497,False,0,,AG024,NORMAL,0,0,8927.87,-8148.26,0,0
TXN-SYN-CFF4D64E,CUST0789,2026-09-30 21:17:52,825.34,MERCHANT_PAYMENT,685,False,654,False,0.5397163649499626,RCV0562,False,0,M047,,NORMAL,0,0,13582.86,-12757.52,0,0
TXN-SYN-5104E1BB,CUST0377,2026-09-30 21:21:53,12799.6,SEND_MONEY,620,False,583,False,2.2554014244373546,RCV0898,False,0,,,NORMAL,0,0,7391.3,5408.3,0,0
TXN-SYN-516C9C2A,CUST0087,2026-09-30 21:23:59,362.11,BILL_PAY,964,False,941,False,8.07702369044057,RCV0395,False,0,,,NORMAL,0,0,17379.8,-17017.69,0,0
TXN-SYN-A11FF9C2,CUST0049,2026-09-30 21:33:15,13319.21,CASH_OUT,413,False,373,False,1.4206160944306223,RCV1037,False,0,,AG016,NORMAL,0,0,4177.0,9142.21,0,0
TXN-SYN-0DC61FCE,CUST0000,2026-09-30 21:46:12,28587.58,SEND_MONEY,1441,False,1407,False,4.395077804475518,RCV0740,True,0,,,MULE_LIKE,0,0,9054.29,19533.29,0,0
TXN-SYN-27BB0C30,CUST0398,2026-09-30 21:47:58,21716.67,SEND_MONEY,1373,True,1359,False,5.267919098513837,RCV0956,True,0,,,SCAM_LIKE,0,0,9054.22,12662.45,0,0
TXN-SYN-B3AB76BB,CUST0307,2026-09-30 21:48:22,37798.7,SEND_MONEY,1299,False,1286,False,3.4293511583670533,RCV0715,True,1,,,MULE_LIKE,0,0,13206.05,24592.65,0,0
TXN-SYN-FC6F8D36,CUST0396,2026-09-30 21:56:28,50.0,SEND_MONEY,1337,False,1321,False,0.4560272382608621,RCV0922,False,0,,,NORMAL,0,0,8274.0,-8224.0,0,0
TXN-SYN-22A45690,CUST0703,2026-09-30 21:57:14,5652.96,SEND_MONEY,532,False,459,False,9.934887058866039,RCV0957,False,0,,,NORMAL,0,0,14611.64,-8958.68,0,0
TXN-SYN-A30CF467,CUST0020,2026-09-30 22:12:26,18108.15,CASH_OUT,635,False,612,True,61.06187277211629,RCV0248,False,0,,AG024,CASH_OUT_RISK,0,0,2141.57,15966.58,0,0
TXN-SYN-F0B0E992,CUST0285,2026-09-30 22:19:43,21454.73,CASH_OUT,991,False,981,True,72.691511056769,RCV0122,False,0,,AG004,CASH_OUT_RISK,0,1,9244.49,12210.24,0,0
TXN-SYN-FCDAED03,CUST0348,2026-09-30 23:17:08,21987.75,CASH_OUT,493,False,482,True,81.3736808413215,RCV1183,False,0,,AG015,CASH_OUT_RISK,0,1,4719.81,17267.94,0,0
